timestamp,symbol,mid_price,bid_price_1,bid_size_1,bid_price_2,bid_size_2,bid_price_3,bid_size_3,bid_price_4,bid_size_4,bid_price_5,bid_size_5,ask_price_1,ask_size_1,ask_price_2,ask_size_2,ask_price_3,ask_size_3,ask_price_4,ask_size_4,ask_price_5,ask_size_5
2026-07-16 09:30:00.000,NVDA,200.01,199.99,3300,199.98,300,199.97,3400,199.96,1900,199.95,1400,200.03,1400,200.04,3100,200.05,1200,200.06,3200,200.07,600
2026-07-16 09:30:00.472,NVDA,200.0,199.98,3600,199.97,2000,199.96,1000,199.95,2500,199.94,2900,200.02,3300,200.03,1500,200.04,300,200.05,5000,200.06,2100
2026-07-16 09:30:00.731,NVDA,200.0,199.98,100,199.97,2900,199.96,1500,199.95,3700,199.94,200,200.02,4200,200.03,3500,200.04,4900,200.05,3400,200.06,3900
2026-07-16 09:30:01.113,NVDA,200.01,199.99,600,199.98,4400,199.97,2400,199.96,2200,199.95,4000,200.03,4400,200.04,1500,200.05,1800,200.06,4800,200.07,3500
2026-07-16 09:30:01.598,NVDA,200.01,199.99,1100,199.98,2200,199.97,1400,199.96,1500,199.95,1700,200.03,3300,200.04,500,200.05,100,200.06,3400,200.07,800
2026-07-16 09:30:01.884,NVDA,200.02,200.0,2200,199.99,500,199.98,100,199.97,3100,199.96,4400,200.04,1100,200.05,1600,200.06,600,200.07,500,200.08,3800
2026-07-16 09:30:02.268,NVDA,200.03,200.01,2700,200.0,2900,199.99,900,199.98,3600,199.97,1600,200.05,5000,200.06,2900,200.07,1200,200.08,2700,200.09,1800
2026-07-16 09:30:02.623,NVDA,200.01,199.99,300,199.98,4700,199.97,4900,199.96,3900,199.95,300,200.03,4100,200.04,500,200.05,4900,200.06,100,200.07,3100
2026-07-16 09:30:02.906,NVDA,199.99,199.97,1600,199.96,1500,199.95,3800,199.94,3000,199.93,3500,200.01,800,200.02,1400,200.03,3300,200.04,2800,200.05,4700
2026-07-16 09:30:03.285,NVDA,200.01,199.99,1200,199.98,3700,199.97,1200,199.96,900,199.95,300,200.03,4100,200.04,400,200.05,3700,200.06,4100,200.07,2400
2026-07-16 09:30:03.450,NVDA,200.0,199.98,200,199.97,1900,199.96,500,199.95,2400,199.94,500,200.02,1600,200.03,3900,200.04,2700,200.05,3300,200.06,2200
2026-07-16 09:30:03.630,NVDA,200.01,199.99,700,199.98,700,199.97,4300,199.96,2000,199.95,2700,200.03,2700,200.04,100,200.05,4900,200.06,4100,200.07,1300
2026-07-16 09:30:03.901,NVDA,200.03,200.01,3300,200.0,800,199.99,1900,199.98,2400,199.97,3500,200.05,1600,200.06,4900,200.07,1200,200.08,4800,200.09,1000
2026-07-16 09:30:03.987,NVDA,200.02,200.0,900,199.99,1200,199.98,4000,199.97,1000,199.96,200,200.04,5000,200.05,2900,200.06,1800,200.07,700,200.08,400
2026-07-16 09:30:04.430,NVDA,200.03,200.01,3100,200.0,1900,199.99,5000,199.98,100,199.97,3400,200.05,3000,200.06,4200,200.07,3500,200.08,1600,200.09,100
2026-07-16 09:30:04.548,NVDA,200.02,200.0,3800,199.99,1700,199.98,4400,199.97,4200,199.96,4200,200.04,4900,200.05,3700,200.06,3000,200.07,1000,200.08,4700
2026-07-16 09:30:04.869,NVDA,200.02,200.0,4600,199.99,3300,199.98,2600,199.97,1000,199.96,1900,200.04,1200,200.05,1500,200.06,2300,200.07,3100,200.08,4200
2026-07-16 09:30:04.942,NVDA,200.03,200.01,4200,200.0,2700,199.99,2800,199.98,2700,199.97,1500,200.05,2600,200.06,2400,200.07,1500,200.08,300,200.09,3100
2026-07-16 09:30:05.103,NVDA,200.03,200.01,2600,200.0,500,199.99,3000,199.98,3900,199.97,3700,200.05,3500,200.06,4500,200.07,4700,200.08,4100,200.09,100
2026-07-16 09:30:05.454,NVDA,200.05,200.03,1400,200.02,3200,200.01,300,200.0,4700,199.99,2200,200.07,100,200.08,3300,200.09,2900,200.1,2800,200.11,2100
2026-07-16 09:30:05.626,NVDA,200.07,200.05,1000,200.04,1300,200.03,1700,200.02,300,200.01,2000,200.09,1600,200.1,4500,200.11,400,200.12,3400,200.13,1200
2026-07-16 09:30:05.808,NVDA,200.06,200.04,1700,200.03,2400,200.02,600,200.01,300,200.0,2000,200.08,800,200.09,3200,200.1,4700,200.11,2300,200.12,700
2026-07-16 09:30:06.273,NVDA,200.08,200.06,100,200.05,600,200.04,3000,200.03,4800,200.02,4700,200.1,1100,200.11,2000,200.12,1700,200.13,5000,200.14,2400
2026-07-16 09:30:06.741,NVDA,200.06,200.04,1300,200.03,2300,200.02,1500,200.01,3000,200.0,2200,200.08,1000,200.09,1200,200.1,3900,200.11,4900,200.12,4000
2026-07-16 09:30:06.926,NVDA,200.07,200.05,1500,200.04,3200,200.03,3400,200.02,3000,200.01,2400,200.09,900,200.1,1400,200.11,2900,200.12,400,200.13,1800
2026-07-16 09:30:07.146,NVDA,200.09,200.07,3100,200.06,3700,200.05,3300,200.04,3000,200.03,3300,200.11,1500,200.12,3100,200.13,5000,200.14,100,200.15,3100
2026-07-16 09:30:07.444,NVDA,200.11,200.09,4000,200.08,1500,200.07,1400,200.06,4100,200.05,2900,200.13,1300,200.14,3600,200.15,3100,200.16,3200,200.17,4100
2026-07-16 09:30:07.527,NVDA,200.11,200.09,4200,200.08,1200,200.07,3700,200.06,4900,200.05,100,200.13,3000,200.14,600,200.15,2400,200.16,2400,200.17,1600
2026-07-16 09:30:07.924,NVDA,200.09,200.07,2800,200.06,4200,200.05,2200,200.04,1200,200.03,1500,200.11,1600,200.12,3700,200.13,4000,200.14,800,200.15,300
2026-07-16 09:30:08.202,NVDA,200.11,200.09,4700,200.08,1800,200.07,2600,200.06,2700,200.05,3500,200.13,4600,200.14,2400,200.15,2000,200.16,3300,200.17,1100
2026-07-16 09:30:08.458,NVDA,200.11,200.09,2400,200.08,4300,200.07,700,200.06,2200,200.05,1300,200.13,300,200.14,4400,200.15,700,200.16,800,200.17,4100
2026-07-16 09:30:08.825,NVDA,200.11,200.09,3600,200.08,4600,200.07,2400,200.06,4100,200.05,2900,200.13,2100,200.14,1500,200.15,100,200.16,4300,200.17,1800
2026-07-16 09:30:09.038,NVDA,200.09,200.07,1900,200.06,1500,200.05,4800,200.04,2900,200.03,4900,200.11,1500,200.12,1600,200.13,1600,200.14,2400,200.15,200
2026-07-16 09:30:09.399,NVDA,200.1,200.08,4900,200.07,4300,200.06,300,200.05,100,200.04,4200,200.12,4200,200.13,3300,200.14,2300,200.15,600,200.16,4500
2026-07-16 09:30:09.633,NVDA,200.11,200.09,3100,200.08,2400,200.07,2900,200.06,3700,200.05,4400,200.13,4800,200.14,3100,200.15,500,200.16,2700,200.17,200
2026-07-16 09:30:09.838,NVDA,200.12,200.1,4000,200.09,4900,200.08,1700,200.07,4500,200.06,4800,200.14,3000,200.15,4300,200.16,3100,200.17,5000,200.18,300
2026-07-16 09:30:09.880,NVDA,200.1,200.08,3300,200.07,3500,200.06,2200,200.05,1000,200.04,4400,200.12,2100,200.13,3900,200.14,3500,200.15,100,200.16,1700
2026-07-16 09:30:10.189,NVDA,200.08,200.06,4600,200.05,900,200.04,2500,200.03,1400,200.02,3200,200.1,2800,200.11,3500,200.12,100,200.13,3800,200.14,3400
2026-07-16 09:30:10.681,NVDA,200.1,200.08,2100,200.07,4000,200.06,4200,200.05,1800,200.04,1800,200.12,2100,200.13,3900,200.14,3600,200.15,4400,200.16,3500
2026-07-16 09:30:10.932,NVDA,200.1,200.08,400,200.07,2100,200.06,2500,200.05,4700,200.04,200,200.12,2100,200.13,1400,200.14,2300,200.15,2800,200.16,1100
2026-07-16 09:30:11.182,NVDA,200.09,200.07,400,200.06,2400,200.05,100,200.04,4400,200.03,2900,200.11,2500,200.12,2700,200.13,2500,200.14,1000,200.15,2300
2026-07-16 09:30:11.479,NVDA,200.11,200.09,4800,200.08,2800,200.07,4100,200.06,2400,200.05,1600,200.13,1100,200.14,400,200.15,1500,200.16,4800,200.17,3100
2026-07-16 09:30:11.502,NVDA,200.09,200.07,2700,200.06,3600,200.05,3700,200.04,1700,200.03,4000,200.11,100,200.12,4100,200.13,2000,200.14,2100,200.15,4200
2026-07-16 09:30:11.687,NVDA,200.07,200.05,800,200.04,3800,200.03,4000,200.02,4200,200.01,3400,200.09,3300,200.1,1200,200.11,3800,200.12,3400,200.13,1800
2026-07-16 09:30:12.174,NVDA,200.06,200.04,2300,200.03,4300,200.02,3400,200.01,1700,200.0,4700,200.08,2300,200.09,2200,200.1,500,200.11,600,200.12,3300
2026-07-16 09:30:12.279,NVDA,200.08,200.06,1400,200.05,3600,200.04,2100,200.03,4500,200.02,1400,200.1,1100,200.11,800,200.12,4300,200.13,4600,200.14,1600
2026-07-16 09:30:12.367,NVDA,200.1,200.08,3500,200.07,4800,200.06,1200,200.05,3700,200.04,1000,200.12,2000,200.13,4300,200.14,200,200.15,3400,200.16,1000
2026-07-16 09:30:12.528,NVDA,200.09,200.07,900,200.06,300,200.05,1600,200.04,3200,200.03,4100,200.11,4200,200.12,1900,200.13,3700,200.14,3400,200.15,4800
2026-07-16 09:30:13.005,NVDA,200.11,200.09,2100,200.08,2400,200.07,2600,200.06,300,200.05,2900,200.13,3400,200.14,300,200.15,100,200.16,1300,200.17,1400
2026-07-16 09:30:13.329,NVDA,200.1,200.08,2800,200.07,3500,200.06,4800,200.05,4000,200.04,900,200.12,2700,200.13,3600,200.14,4000,200.15,3600,200.16,600
2026-07-16 09:30:13.495,NVDA,200.11,200.09,2200,200.08,2800,200.07,400,200.06,4500,200.05,700,200.13,4500,200.14,3000,200.15,300,200.16,3400,200.17,4600
2026-07-16 09:30:13.768,NVDA,200.1,200.08,700,200.07,2100,200.06,2600,200.05,4900,200.04,3100,200.12,1500,200.13,1800,200.14,4500,200.15,1100,200.16,300
2026-07-16 09:30:13.964,NVDA,200.12,200.1,3300,200.09,3000,200.08,1400,200.07,4400,200.06,3600,200.14,3800,200.15,3900,200.16,1600,200.17,3800,200.18,5000
2026-07-16 09:30:14.463,NVDA,200.12,200.1,3300,200.09,2400,200.08,2300,200.07,2300,200.06,100,200.14,800,200.15,1000,200.16,1800,200.17,3800,200.18,4700
2026-07-16 09:30:14.832,NVDA,200.1,200.08,900,200.07,4700,200.06,1100,200.05,3000,200.04,3500,200.12,400,200.13,100,200.14,3300,200.15,2900,200.16,3400
2026-07-16 09:30:15.293,NVDA,200.09,200.07,3400,200.06,1500,200.05,4500,200.04,1500,200.03,3100,200.11,700,200.12,3500,200.13,1000,200.14,1700,200.15,900
2026-07-16 09:30:15.475,NVDA,200.1,200.08,1800,200.07,100,200.06,2800,200.05,3700,200.04,2700,200.12,2400,200.13,1700,200.14,2500,200.15,800,200.16,3000
2026-07-16 09:30:15.626,NVDA,200.12,200.1,1000,200.09,2700,200.08,1700,200.07,4900,200.06,2500,200.14,800,200.15,1400,200.16,3000,200.17,2500,200.18,1000
2026-07-16 09:30:15.969,NVDA,200.14,200.12,2000,200.11,4600,200.1,3300,200.09,2700,200.08,1000,200.16,3000,200.17,3900,200.18,2100,200.19,2200,200.2,3100
2026-07-16 09:30:16.129,NVDA,200.12,200.1,4400,200.09,3300,200.08,100,200.07,3600,200.06,1800,200.14,3800,200.15,2200,200.16,1000,200.17,2700,200.18,1900
2026-07-16 09:30:16.148,NVDA,200.11,200.09,4400,200.08,800,200.07,3900,200.06,4600,200.05,1700,200.13,1000,200.14,2000,200.15,3200,200.16,1200,200.17,3500
2026-07-16 09:30:16.393,NVDA,200.12,200.1,4200,200.09,4500,200.08,800,200.07,1700,200.06,500,200.14,1800,200.15,4000,200.16,2600,200.17,1300,200.18,3000
2026-07-16 09:30:16.875,NVDA,200.1,200.08,3000,200.07,3000,200.06,4700,200.05,800,200.04,3800,200.12,4900,200.13,4500,200.14,1300,200.15,1600,200.16,1600
2026-07-16 09:30:17.127,NVDA,200.1,200.08,2900,200.07,100,200.06,4400,200.05,5000,200.04,4800,200.12,500,200.13,1800,200.14,2700,200.15,3500,200.16,1300
2026-07-16 09:30:17.556,NVDA,200.12,200.1,2000,200.09,3300,200.08,1900,200.07,1800,200.06,3000,200.14,2500,200.15,3900,200.16,4800,200.17,1100,200.18,400
2026-07-16 09:30:17.778,NVDA,200.14,200.12,1900,200.11,400,200.1,4400,200.09,3000,200.08,600,200.16,3100,200.17,200,200.18,4800,200.19,4600,200.2,2100
2026-07-16 09:30:18.088,NVDA,200.14,200.12,4100,200.11,2200,200.1,1000,200.09,2800,200.08,1900,200.16,1000,200.17,100,200.18,1600,200.19,3800,200.2,600
2026-07-16 09:30:18.103,NVDA,200.12,200.1,4000,200.09,2900,200.08,1300,200.07,2900,200.06,900,200.14,800,200.15,600,200.16,3900,200.17,1800,200.18,3900
2026-07-16 09:30:18.383,NVDA,200.13,200.11,1600,200.1,500,200.09,1400,200.08,4800,200.07,300,200.15,4000,200.16,2500,200.17,4400,200.18,300,200.19,1800
2026-07-16 09:30:18.807,NVDA,200.14,200.12,3000,200.11,3500,200.1,500,200.09,1300,200.08,4900,200.16,900,200.17,4700,200.18,2900,200.19,2700,200.2,3800
2026-07-16 09:30:19.082,NVDA,200.15,200.13,4500,200.12,2600,200.11,4700,200.1,2300,200.09,3400,200.17,1200,200.18,2000,200.19,1100,200.2,100,200.21,200
2026-07-16 09:30:19.185,NVDA,200.13,200.11,4800,200.1,1200,200.09,1600,200.08,900,200.07,4600,200.15,1000,200.16,1300,200.17,3800,200.18,3100,200.19,2500
2026-07-16 09:30:19.374,NVDA,200.11,200.09,1600,200.08,3800,200.07,4600,200.06,500,200.05,300,200.13,2800,200.14,300,200.15,3800,200.16,4500,200.17,4200
2026-07-16 09:30:19.491,NVDA,200.1,200.08,3100,200.07,2700,200.06,100,200.05,1800,200.04,2500,200.12,800,200.13,4500,200.14,2100,200.15,700,200.16,3500
2026-07-16 09:30:19.648,NVDA,200.1,200.08,1000,200.07,900,200.06,2900,200.05,1700,200.04,3600,200.12,4200,200.13,100,200.14,2200,200.15,2100,200.16,2600
2026-07-16 09:30:19.717,NVDA,200.11,200.09,100,200.08,1400,200.07,4500,200.06,3700,200.05,1800,200.13,900,200.14,2000,200.15,2100,200.16,4000,200.17,2000
2026-07-16 09:30:19.905,NVDA,200.12,200.1,2100,200.09,1700,200.08,4500,200.07,1700,200.06,2300,200.14,2800,200.15,4200,200.16,2800,200.17,2100,200.18,300
2026-07-16 09:30:19.923,NVDA,200.14,200.12,1300,200.11,400,200.1,1600,200.09,1900,200.08,100,200.16,700,200.17,600,200.18,1600,200.19,3800,200.2,3100
2026-07-16 09:30:19.958,NVDA,200.16,200.14,4000,200.13,400,200.12,4100,200.11,2100,200.1,4600,200.18,4900,200.19,3300,200.2,2900,200.21,400,200.22,4500
2026-07-16 09:30:20.365,NVDA,200.18,200.16,3000,200.15,4700,200.14,1700,200.13,400,200.12,4900,200.2,2900,200.21,1000,200.22,2800,200.23,2200,200.24,2700
2026-07-16 09:30:20.504,NVDA,200.18,200.16,3100,200.15,500,200.14,2100,200.13,3300,200.12,4700,200.2,4000,200.21,2800,200.22,4100,200.23,3500,200.24,4200
2026-07-16 09:30:20.830,NVDA,200.18,200.16,2600,200.15,1400,200.14,4600,200.13,400,200.12,1000,200.2,600,200.21,2400,200.22,4300,200.23,3200,200.24,1000
2026-07-16 09:30:21.121,NVDA,200.2,200.18,5000,200.17,3600,200.16,2700,200.15,900,200.14,1600,200.22,3400,200.23,900,200.24,3000,200.25,4200,200.26,2900
2026-07-16 09:30:21.496,NVDA,200.19,200.17,4900,200.16,3100,200.15,1700,200.14,400,200.13,2400,200.21,100,200.22,3700,200.23,2700,200.24,1900,200.25,2100
2026-07-16 09:30:21.918,NVDA,200.21,200.19,2500,200.18,4600,200.17,3100,200.16,700,200.15,1000,200.23,3900,200.24,4100,200.25,3900,200.26,2400,200.27,3300
2026-07-16 09:30:22.067,NVDA,200.21,200.19,4200,200.18,900,200.17,4400,200.16,1600,200.15,3300,200.23,4900,200.24,2600,200.25,2600,200.26,1200,200.27,3000
2026-07-16 09:30:22.130,NVDA,200.2,200.18,2800,200.17,2400,200.16,1700,200.15,3800,200.14,1700,200.22,3400,200.23,700,200.24,3300,200.25,4700,200.26,3200
2026-07-16 09:30:22.608,NVDA,200.19,200.17,4700,200.16,4100,200.15,2900,200.14,4300,200.13,2200,200.21,4800,200.22,800,200.23,1200,200.24,2800,200.25,4100
2026-07-16 09:30:23.008,NVDA,200.21,200.19,2400,200.18,4600,200.17,1600,200.16,2600,200.15,700,200.23,500,200.24,2200,200.25,2200,200.26,100,200.27,400
2026-07-16 09:30:23.068,NVDA,200.22,200.2,4700,200.19,2500,200.18,200,200.17,4700,200.16,500,200.24,1300,200.25,3100,200.26,1600,200.27,3200,200.28,2700
2026-07-16 09:30:23.329,NVDA,200.22,200.2,3600,200.19,5000,200.18,3600,200.17,400,200.16,2500,200.24,1100,200.25,300,200.26,3100,200.27,3200,200.28,1800
2026-07-16 09:30:23.788,NVDA,200.24,200.22,2700,200.21,4200,200.2,1500,200.19,2400,200.18,400,200.26,4900,200.27,4300,200.28,3500,200.29,4800,200.3,4600
2026-07-16 09:30:23.799,NVDA,200.26,200.24,900,200.23,2400,200.22,2000,200.21,1700,200.2,300,200.28,4300,200.29,3400,200.3,3600,200.31,4200,200.32,1200
2026-07-16 09:30:23.869,NVDA,200.25,200.23,1100,200.22,200,200.21,4400,200.2,2400,200.19,2400,200.27,1400,200.28,1000,200.29,2000,200.3,1900,200.31,5000
2026-07-16 09:30:24.155,NVDA,200.27,200.25,3200,200.24,2300,200.23,1000,200.22,2000,200.21,4700,200.29,4000,200.3,2500,200.31,100,200.32,1300,200.33,200
2026-07-16 09:30:24.417,NVDA,200.25,200.23,300,200.22,2200,200.21,3500,200.2,5000,200.19,2200,200.27,1900,200.28,4700,200.29,700,200.3,1600,200.31,4500
2026-07-16 09:30:24.728,NVDA,200.24,200.22,4300,200.21,4900,200.2,500,200.19,2000,200.18,3400,200.26,900,200.27,3700,200.28,5000,200.29,4200,200.3,2700
2026-07-16 09:30:25.042,NVDA,200.23,200.21,4800,200.2,4100,200.19,5000,200.18,3900,200.17,4100,200.25,1700,200.26,4200,200.27,500,200.28,4200,200.29,3300
2026-07-16 09:30:25.306,NVDA,200.23,200.21,1500,200.2,4100,200.19,3200,200.18,4500,200.17,1900,200.25,1400,200.26,1700,200.27,4100,200.28,100,200.29,2100
2026-07-16 09:30:25.548,NVDA,200.21,200.19,1900,200.18,800,200.17,3800,200.16,4800,200.15,2200,200.23,4300,200.24,3500,200.25,700,200.26,1500,200.27,1500
2026-07-16 09:30:25.729,NVDA,200.22,200.2,1500,200.19,2500,200.18,3100,200.17,1100,200.16,3700,200.24,1500,200.25,1700,200.26,2600,200.27,4600,200.28,4200
2026-07-16 09:30:25.977,NVDA,200.2,200.18,2600,200.17,500,200.16,3300,200.15,1600,200.14,4200,200.22,4500,200.23,2600,200.24,3400,200.25,1800,200.26,1600
2026-07-16 09:30:26.146,NVDA,200.21,200.19,4400,200.18,4000,200.17,1300,200.16,800,200.15,600,200.23,1500,200.24,4500,200.25,3500,200.26,1800,200.27,3800
2026-07-16 09:30:26.296,NVDA,200.21,200.19,600,200.18,600,200.17,3500,200.16,1200,200.15,3200,200.23,3700,200.24,2400,200.25,1400,200.26,1200,200.27,900
2026-07-16 09:30:26.586,NVDA,200.22,200.2,1900,200.19,3900,200.18,1700,200.17,900,200.16,1000,200.24,4900,200.25,3000,200.26,1900,200.27,100,200.28,800
2026-07-16 09:30:26.882,NVDA,200.24,200.22,3600,200.21,3600,200.2,2400,200.19,900,200.18,2200,200.26,3600,200.27,4200,200.28,100,200.29,2400,200.3,1400
2026-07-16 09:30:27.364,NVDA,200.25,200.23,1500,200.22,3300,200.21,2600,200.2,2300,200.19,2100,200.27,3100,200.28,2500,200.29,2600,200.3,400,200.31,2600
2026-07-16 09:30:27.797,NVDA,200.27,200.25,3500,200.24,500,200.23,3400,200.22,500,200.21,3100,200.29,1600,200.3,1700,200.31,4300,200.32,700,200.33,3100
2026-07-16 09:30:28.034,NVDA,200.28,200.26,1600,200.25,1200,200.24,3400,200.23,300,200.22,2600,200.3,200,200.31,2100,200.32,500,200.33,3300,200.34,500
2026-07-16 09:30:28.336,NVDA,200.26,200.24,600,200.23,1700,200.22,2500,200.21,1200,200.2,1900,200.28,4900,200.29,3000,200.3,3900,200.31,4200,200.32,4800
2026-07-16 09:30:28.795,NVDA,200.26,200.24,500,200.23,1900,200.22,5000,200.21,4000,200.2,700,200.28,2100,200.29,4800,200.3,1300,200.31,1400,200.32,1700
2026-07-16 09:30:29.294,NVDA,200.28,200.26,3800,200.25,4100,200.24,1500,200.23,3600,200.22,2600,200.3,4300,200.31,1300,200.32,2700,200.33,800,200.34,4400
2026-07-16 09:30:29.708,NVDA,200.29,200.27,900,200.26,1000,200.25,4200,200.24,3900,200.23,3200,200.31,1300,200.32,400,200.33,3100,200.34,4800,200.35,3800
2026-07-16 09:30:29.836,NVDA,200.27,200.25,2800,200.24,3600,200.23,500,200.22,1500,200.21,4700,200.29,5000,200.3,2400,200.31,2400,200.32,4100,200.33,3300
2026-07-16 09:30:29.942,NVDA,200.25,200.23,3000,200.22,1300,200.21,1500,200.2,3200,200.19,3800,200.27,3600,200.28,3400,200.29,2500,200.3,4700,200.31,400
2026-07-16 09:30:30.343,NVDA,200.24,200.22,1600,200.21,4500,200.2,4300,200.19,1200,200.18,1500,200.26,2400,200.27,3500,200.28,1500,200.29,100,200.3,2900
2026-07-16 09:30:30.433,NVDA,200.23,200.21,500,200.2,3500,200.19,4400,200.18,1600,200.17,4300,200.25,2100,200.26,3400,200.27,900,200.28,5000,200.29,3800
2026-07-16 09:30:30.701,NVDA,200.23,200.21,4100,200.2,3600,200.19,4900,200.18,2500,200.17,3300,200.25,3600,200.26,3000,200.27,2400,200.28,1400,200.29,1400
2026-07-16 09:30:31.178,NVDA,200.22,200.2,3100,200.19,1500,200.18,1300,200.17,4400,200.16,3900,200.24,3900,200.25,600,200.26,900,200.27,3400,200.28,500
2026-07-16 09:30:31.616,NVDA,200.2,200.18,2900,200.17,3300,200.16,3900,200.15,2600,200.14,200,200.22,2000,200.23,2500,200.24,4800,200.25,800,200.26,300
2026-07-16 09:30:31.838,NVDA,200.19,200.17,3100,200.16,4400,200.15,1900,200.14,500,200.13,3800,200.21,1000,200.22,4400,200.23,3800,200.24,2900,200.25,1900
2026-07-16 09:30:32.336,NVDA,200.19,200.17,1400,200.16,3600,200.15,1100,200.14,1800,200.13,4600,200.21,1000,200.22,2500,200.23,1100,200.24,2900,200.25,2500
2026-07-16 09:30:32.446,NVDA,200.21,200.19,2800,200.18,2300,200.17,1500,200.16,2200,200.15,1300,200.23,4700,200.24,2000,200.25,4200,200.26,4000,200.27,4300
2026-07-16 09:30:32.620,NVDA,200.22,200.2,4200,200.19,3800,200.18,2300,200.17,4700,200.16,4300,200.24,4700,200.25,500,200.26,100,200.27,3400,200.28,1600
2026-07-16 09:30:32.978,NVDA,200.21,200.19,1000,200.18,4500,200.17,100,200.16,2100,200.15,1500,200.23,2700,200.24,4100,200.25,4000,200.26,1800,200.27,1300
2026-07-16 09:30:33.396,NVDA,200.21,200.19,2400,200.18,2100,200.17,2400,200.16,1300,200.15,4400,200.23,4200,200.24,4200,200.25,1700,200.26,2600,200.27,3700
2026-07-16 09:30:33.755,NVDA,200.23,200.21,4300,200.2,3600,200.19,3000,200.18,900,200.17,4700,200.25,1600,200.26,100,200.27,2700,200.28,300,200.29,4600
2026-07-16 09:30:33.783,NVDA,200.25,200.23,4600,200.22,4100,200.21,2100,200.2,200,200.19,4500,200.27,3900,200.28,2900,200.29,2600,200.3,3200,200.31,200
2026-07-16 09:30:34.046,NVDA,200.27,200.25,200,200.24,4500,200.23,4000,200.22,3100,200.21,4200,200.29,3900,200.3,2100,200.31,3200,200.32,1600,200.33,3900
2026-07-16 09:30:34.104,NVDA,200.27,200.25,4400,200.24,3500,200.23,500,200.22,700,200.21,2300,200.29,3900,200.3,3000,200.31,2000,200.32,3900,200.33,3200
2026-07-16 09:30:34.381,NVDA,200.27,200.25,2800,200.24,2200,200.23,3100,200.22,2000,200.21,1600,200.29,4400,200.3,4000,200.31,2400,200.32,1300,200.33,3000
2026-07-16 09:30:34.531,NVDA,200.27,200.25,1500,200.24,4700,200.23,4300,200.22,3900,200.21,1700,200.29,5000,200.3,1400,200.31,3500,200.32,4700,200.33,4600
2026-07-16 09:30:34.923,NVDA,200.29,200.27,2800,200.26,2100,200.25,2900,200.24,3100,200.23,2700,200.31,100,200.32,3000,200.33,4900,200.34,4700,200.35,4000
2026-07-16 09:30:35.121,NVDA,200.29,200.27,4000,200.26,1500,200.25,3200,200.24,1500,200.23,4900,200.31,3200,200.32,4400,200.33,100,200.34,1800,200.35,1900
2026-07-16 09:30:35.454,NVDA,200.28,200.26,4000,200.25,300,200.24,4900,200.23,3800,200.22,3400,200.3,700,200.31,600,200.32,4600,200.33,2300,200.34,3800
2026-07-16 09:30:35.501,NVDA,200.28,200.26,500,200.25,4600,200.24,500,200.23,4900,200.22,400,200.3,4200,200.31,2700,200.32,1300,200.33,2300,200.34,2100
2026-07-16 09:30:35.620,NVDA,200.3,200.28,4900,200.27,1600,200.26,4500,200.25,700,200.24,900,200.32,2700,200.33,1800,200.34,2800,200.35,3100,200.36,2400
2026-07-16 09:30:35.943,NVDA,200.31,200.29,1600,200.28,4900,200.27,3800,200.26,3500,200.25,3800,200.33,4000,200.34,2600,200.35,2500,200.36,3200,200.37,900
2026-07-16 09:30:36.417,NVDA,200.29,200.27,2000,200.26,1500,200.25,1700,200.24,500,200.23,4600,200.31,600,200.32,1500,200.33,2300,200.34,4300,200.35,900
2026-07-16 09:30:36.723,NVDA,200.28,200.26,4600,200.25,700,200.24,2700,200.23,4300,200.22,3000,200.3,3800,200.31,3700,200.32,2800,200.33,400,200.34,3400
2026-07-16 09:30:36.959,NVDA,200.28,200.26,4500,200.25,4000,200.24,1500,200.23,2000,200.22,1500,200.3,2600,200.31,400,200.32,3100,200.33,1300,200.34,3400
2026-07-16 09:30:37.125,NVDA,200.29,200.27,3100,200.26,1900,200.25,2700,200.24,3100,200.23,800,200.31,4800,200.32,500,200.33,2000,200.34,5000,200.35,900
2026-07-16 09:30:37.190,NVDA,200.27,200.25,400,200.24,1300,200.23,2100,200.22,100,200.21,300,200.29,1500,200.3,2700,200.31,3000,200.32,1900,200.33,5000
2026-07-16 09:30:37.531,NVDA,200.25,200.23,4700,200.22,3000,200.21,2500,200.2,1000,200.19,1200,200.27,3100,200.28,4900,200.29,1400,200.3,3000,200.31,2000
2026-07-16 09:30:37.601,NVDA,200.25,200.23,800,200.22,1000,200.21,300,200.2,1300,200.19,2500,200.27,1100,200.28,4500,200.29,2300,200.3,4900,200.31,4100
2026-07-16 09:30:38.039,NVDA,200.27,200.25,3700,200.24,3400,200.23,4300,200.22,4600,200.21,4200,200.29,900,200.3,3800,200.31,4800,200.32,2200,200.33,3700
2026-07-16 09:30:38.175,NVDA,200.28,200.26,3800,200.25,3000,200.24,4200,200.23,3500,200.22,2100,200.3,1200,200.31,1200,200.32,1500,200.33,4000,200.34,700
2026-07-16 09:30:38.644,NVDA,200.3,200.28,4200,200.27,800,200.26,1800,200.25,3000,200.24,1700,200.32,4600,200.33,4700,200.34,3900,200.35,1300,200.36,2300
2026-07-16 09:30:39.034,NVDA,200.28,200.26,400,200.25,3900,200.24,1200,200.23,1600,200.22,1100,200.3,4100,200.31,1700,200.32,2100,200.33,4700,200.34,100
2026-07-16 09:30:39.437,NVDA,200.3,200.28,1800,200.27,4900,200.26,3200,200.25,3100,200.24,1600,200.32,3900,200.33,1300,200.34,400,200.35,4800,200.36,2900
2026-07-16 09:30:39.777,NVDA,200.31,200.29,4200,200.28,2100,200.27,2100,200.26,1200,200.25,800,200.33,3800,200.34,100,200.35,4500,200.36,3200,200.37,4100
2026-07-16 09:30:40.155,NVDA,200.31,200.29,3900,200.28,900,200.27,200,200.26,4400,200.25,2900,200.33,1900,200.34,3700,200.35,2600,200.36,100,200.37,4400
2026-07-16 09:30:40.558,NVDA,200.33,200.31,3600,200.3,3400,200.29,2300,200.28,4400,200.27,1900,200.35,3700,200.36,1700,200.37,4600,200.38,1900,200.39,3500
2026-07-16 09:30:40.775,NVDA,200.32,200.3,4800,200.29,4500,200.28,2000,200.27,2600,200.26,1200,200.34,2800,200.35,2500,200.36,500,200.37,4400,200.38,1900
2026-07-16 09:30:40.992,NVDA,200.32,200.3,2900,200.29,2500,200.28,4200,200.27,4100,200.26,1700,200.34,400,200.35,500,200.36,800,200.37,4200,200.38,1400
2026-07-16 09:30:41.393,NVDA,200.33,200.31,2600,200.3,4400,200.29,1200,200.28,3100,200.27,4500,200.35,4700,200.36,1900,200.37,4900,200.38,1600,200.39,3800
2026-07-16 09:30:41.517,NVDA,200.34,200.32,3200,200.31,2600,200.3,3200,200.29,3600,200.28,500,200.36,4200,200.37,2400,200.38,3700,200.39,2200,200.4,3300
2026-07-16 09:30:41.886,NVDA,200.32,200.3,100,200.29,1800,200.28,600,200.27,400,200.26,3000,200.34,3100,200.35,100,200.36,2800,200.37,1500,200.38,3600
2026-07-16 09:30:42.237,NVDA,200.33,200.31,4400,200.3,1000,200.29,4200,200.28,2500,200.27,500,200.35,1400,200.36,3800,200.37,1500,200.38,1600,200.39,3600
2026-07-16 09:30:42.315,NVDA,200.32,200.3,900,200.29,4100,200.28,700,200.27,1900,200.26,2600,200.34,700,200.35,3400,200.36,3100,200.37,4200,200.38,600
2026-07-16 09:30:42.615,NVDA,200.32,200.3,2900,200.29,900,200.28,4700,200.27,3100,200.26,1600,200.34,4100,200.35,2900,200.36,2900,200.37,1900,200.38,400
2026-07-16 09:30:42.799,NVDA,200.34,200.32,4500,200.31,1200,200.3,1800,200.29,2200,200.28,1800,200.36,4500,200.37,3900,200.38,1600,200.39,200,200.4,4400
2026-07-16 09:30:43.097,NVDA,200.32,200.3,500,200.29,200,200.28,1300,200.27,3600,200.26,100,200.34,3100,200.35,100,200.36,4200,200.37,3900,200.38,1000
2026-07-16 09:30:43.131,NVDA,200.34,200.32,4200,200.31,4400,200.3,2400,200.29,4300,200.28,4600,200.36,4600,200.37,2800,200.38,4000,200.39,1800,200.4,2600
2026-07-16 09:30:43.530,NVDA,200.36,200.34,2400,200.33,1900,200.32,300,200.31,3800,200.3,2900,200.38,900,200.39,3500,200.4,600,200.41,2200,200.42,4200
2026-07-16 09:30:43.663,NVDA,200.36,200.34,600,200.33,1600,200.32,2200,200.31,1100,200.3,3700,200.38,3000,200.39,4100,200.4,3500,200.41,3800,200.42,2000
2026-07-16 09:30:43.874,NVDA,200.36,200.34,2300,200.33,1300,200.32,4500,200.31,3900,200.3,3100,200.38,4100,200.39,2400,200.4,3700,200.41,4500,200.42,2000
2026-07-16 09:30:44.317,NVDA,200.38,200.36,2000,200.35,1300,200.34,400,200.33,4600,200.32,2600,200.4,1400,200.41,4400,200.42,2900,200.43,1000,200.44,3500
2026-07-16 09:30:44.553,NVDA,200.38,200.36,4200,200.35,400,200.34,4400,200.33,4500,200.32,100,200.4,2200,200.41,3000,200.42,300,200.43,4800,200.44,2700
2026-07-16 09:30:44.683,NVDA,200.4,200.38,4100,200.37,900,200.36,2200,200.35,800,200.34,4100,200.42,3900,200.43,3700,200.44,4800,200.45,5000,200.46,3900
2026-07-16 09:30:44.749,NVDA,200.4,200.38,4100,200.37,4800,200.36,4400,200.35,4000,200.34,3200,200.42,3600,200.43,2900,200.44,800,200.45,4600,200.46,3900
2026-07-16 09:30:45.111,NVDA,200.4,200.38,500,200.37,4000,200.36,4400,200.35,1900,200.34,1400,200.42,1800,200.43,4900,200.44,300,200.45,3500,200.46,3700
2026-07-16 09:30:45.457,NVDA,200.42,200.4,4900,200.39,3500,200.38,2500,200.37,4600,200.36,2300,200.44,3800,200.45,4400,200.46,4900,200.47,3500,200.48,2700
2026-07-16 09:30:45.638,NVDA,200.41,200.39,2800,200.38,100,200.37,3900,200.36,3900,200.35,2000,200.43,3800,200.44,4400,200.45,3400,200.46,4500,200.47,1300
2026-07-16 09:30:45.842,NVDA,200.43,200.41,2500,200.4,2300,200.39,1000,200.38,2700,200.37,1500,200.45,2700,200.46,1000,200.47,1900,200.48,5000,200.49,4800
2026-07-16 09:30:46.339,NVDA,200.42,200.4,4000,200.39,800,200.38,3800,200.37,4000,200.36,2400,200.44,100,200.45,900,200.46,4600,200.47,200,200.48,200
2026-07-16 09:30:46.675,NVDA,200.44,200.42,4800,200.41,600,200.4,400,200.39,3300,200.38,400,200.46,4900,200.47,4500,200.48,1900,200.49,1000,200.5,1700
2026-07-16 09:30:46.748,NVDA,200.44,200.42,2500,200.41,4600,200.4,2500,200.39,3400,200.38,4000,200.46,300,200.47,1500,200.48,4400,200.49,2800,200.5,4600
2026-07-16 09:30:46.766,NVDA,200.42,200.4,2900,200.39,1900,200.38,3400,200.37,100,200.36,700,200.44,1100,200.45,1000,200.46,200,200.47,4900,200.48,3900
2026-07-16 09:30:46.938,NVDA,200.44,200.42,1500,200.41,600,200.4,3100,200.39,1800,200.38,900,200.46,1100,200.47,100,200.48,2800,200.49,4800,200.5,300
2026-07-16 09:30:47.434,NVDA,200.45,200.43,2500,200.42,3600,200.41,3800,200.4,2300,200.39,3200,200.47,2800,200.48,1600,200.49,5000,200.5,1400,200.51,4600
2026-07-16 09:30:47.507,NVDA,200.44,200.42,1300,200.41,4700,200.4,4600,200.39,2300,200.38,4000,200.46,3200,200.47,1900,200.48,1100,200.49,100,200.5,2800
2026-07-16 09:30:47.645,NVDA,200.43,200.41,4600,200.4,600,200.39,1000,200.38,3500,200.37,1000,200.45,4700,200.46,4100,200.47,3800,200.48,700,200.49,3800
2026-07-16 09:30:47.980,NVDA,200.43,200.41,800,200.4,2600,200.39,1700,200.38,3100,200.37,200,200.45,5000,200.46,1700,200.47,4100,200.48,300,200.49,4400
2026-07-16 09:30:48.477,NVDA,200.44,200.42,1100,200.41,3600,200.4,1800,200.39,4900,200.38,600,200.46,2800,200.47,2200,200.48,2400,200.49,1400,200.5,1200
2026-07-16 09:30:48.510,NVDA,200.45,200.43,100,200.42,4100,200.41,2400,200.4,4400,200.39,1700,200.47,2700,200.48,2500,200.49,1700,200.5,2900,200.51,4900
2026-07-16 09:30:48.850,NVDA,200.44,200.42,4400,200.41,400,200.4,1500,200.39,300,200.38,2000,200.46,2900,200.47,1700,200.48,4800,200.49,4200,200.5,4500
2026-07-16 09:30:49.137,NVDA,200.44,200.42,2400,200.41,2800,200.4,4100,200.39,4800,200.38,1800,200.46,800,200.47,4100,200.48,3800,200.49,1200,200.5,4000
2026-07-16 09:30:49.532,NVDA,200.45,200.43,3500,200.42,2500,200.41,800,200.4,4100,200.39,2400,200.47,2200,200.48,2100,200.49,3900,200.5,2300,200.51,600
2026-07-16 09:30:49.915,NVDA,200.43,200.41,3700,200.4,5000,200.39,1800,200.38,400,200.37,2400,200.45,500,200.46,3100,200.47,3500,200.48,800,200.49,1600
2026-07-16 09:30:50.273,NVDA,200.45,200.43,4300,200.42,4600,200.41,4400,200.4,2700,200.39,4900,200.47,3500,200.48,1700,200.49,4500,200.5,200,200.51,2000
2026-07-16 09:30:50.347,NVDA,200.45,200.43,1900,200.42,300,200.41,3600,200.4,2000,200.39,500,200.47,3500,200.48,1100,200.49,3800,200.5,2900,200.51,1500
2026-07-16 09:30:50.542,NVDA,200.44,200.42,2300,200.41,4500,200.4,1400,200.39,4500,200.38,1400,200.46,700,200.47,4700,200.48,5000,200.49,2600,200.5,1200
2026-07-16 09:30:50.839,NVDA,200.44,200.42,3800,200.41,2100,200.4,100,200.39,3700,200.38,200,200.46,3600,200.47,2300,200.48,900,200.49,3500,200.5,1000
2026-07-16 09:30:51.030,NVDA,200.44,200.42,1000,200.41,700,200.4,4100,200.39,4600,200.38,4800,200.46,3500,200.47,3300,200.48,3300,200.49,4200,200.5,100
2026-07-16 09:30:51.346,NVDA,200.44,200.42,700,200.41,4700,200.4,4200,200.39,3000,200.38,1900,200.46,4000,200.47,1000,200.48,2300,200.49,2900,200.5,1600
2026-07-16 09:30:51.583,NVDA,200.46,200.44,3900,200.43,3900,200.42,3900,200.41,3700,200.4,800,200.48,600,200.49,1300,200.5,4500,200.51,3400,200.52,1600
2026-07-16 09:30:52.020,NVDA,200.46,200.44,4000,200.43,3100,200.42,4200,200.41,4200,200.4,4700,200.48,4700,200.49,1600,200.5,3100,200.51,3300,200.52,100
2026-07-16 09:30:52.136,NVDA,200.45,200.43,4400,200.42,1800,200.41,200,200.4,5000,200.39,3800,200.47,4200,200.48,1000,200.49,4700,200.5,1900,200.51,700
2026-07-16 09:30:52.175,NVDA,200.45,200.43,4100,200.42,200,200.41,2600,200.4,1300,200.39,900,200.47,1400,200.48,3100,200.49,2200,200.5,2500,200.51,2400
2026-07-16 09:30:52.235,NVDA,200.46,200.44,2000,200.43,3900,200.42,4600,200.41,500,200.4,3900,200.48,3300,200.49,4300,200.5,1200,200.51,4500,200.52,200
2026-07-16 09:30:52.495,NVDA,200.47,200.45,2100,200.44,600,200.43,900,200.42,400,200.41,3000,200.49,4800,200.5,2900,200.51,4600,200.52,4300,200.53,1900
2026-07-16 09:30:52.817,NVDA,200.48,200.46,700,200.45,3800,200.44,3600,200.43,3300,200.42,1400,200.5,3600,200.51,4000,200.52,4400,200.53,1900,200.54,400
2026-07-16 09:30:52.954,NVDA,200.47,200.45,5000,200.44,900,200.43,3600,200.42,2600,200.41,1900,200.49,2400,200.5,3400,200.51,1300,200.52,500,200.53,1300
2026-07-16 09:30:53.185,NVDA,200.48,200.46,200,200.45,1100,200.44,400,200.43,1200,200.42,2900,200.5,3000,200.51,900,200.52,1300,200.53,2200,200.54,3000
2026-07-16 09:30:53.554,NVDA,200.48,200.46,2300,200.45,1800,200.44,3500,200.43,4100,200.42,3800,200.5,1600,200.51,2300,200.52,3200,200.53,700,200.54,400
2026-07-16 09:30:53.616,NVDA,200.49,200.47,900,200.46,4300,200.45,2700,200.44,900,200.43,1400,200.51,3500,200.52,500,200.53,4200,200.54,4500,200.55,600
2026-07-16 09:30:53.838,NVDA,200.48,200.46,500,200.45,1900,200.44,4100,200.43,2000,200.42,2300,200.5,500,200.51,3400,200.52,2000,200.53,900,200.54,800
2026-07-16 09:30:54.149,NVDA,200.49,200.47,3200,200.46,300,200.45,4700,200.44,3400,200.43,3900,200.51,2800,200.52,1600,200.53,100,200.54,1100,200.55,5000
2026-07-16 09:30:54.483,NVDA,200.51,200.49,2000,200.48,1000,200.47,4900,200.46,1800,200.45,4600,200.53,2300,200.54,3500,200.55,2000,200.56,3500,200.57,4900
2026-07-16 09:30:54.948,NVDA,200.52,200.5,1500,200.49,3600,200.48,300,200.47,1400,200.46,1900,200.54,1600,200.55,1700,200.56,1900,200.57,3400,200.58,3600
2026-07-16 09:30:55.351,NVDA,200.52,200.5,2000,200.49,2000,200.48,2900,200.47,4000,200.46,900,200.54,5000,200.55,1700,200.56,3300,200.57,3900,200.58,1300
2026-07-16 09:30:55.374,NVDA,200.51,200.49,4300,200.48,4200,200.47,4400,200.46,4900,200.45,2300,200.53,2300,200.54,400,200.55,2500,200.56,600,200.57,4000
2026-07-16 09:30:55.774,NVDA,200.51,200.49,800,200.48,3700,200.47,4800,200.46,100,200.45,3500,200.53,2300,200.54,1000,200.55,3400,200.56,2700,200.57,3700
2026-07-16 09:30:56.040,NVDA,200.51,200.49,3800,200.48,4800,200.47,400,200.46,200,200.45,300,200.53,3200,200.54,2300,200.55,4600,200.56,4400,200.57,1600
2026-07-16 09:30:56.296,NVDA,200.53,200.51,800,200.5,4800,200.49,4600,200.48,100,200.47,700,200.55,200,200.56,4300,200.57,3700,200.58,2200,200.59,500
2026-07-16 09:30:56.682,NVDA,200.51,200.49,4100,200.48,1800,200.47,2200,200.46,4600,200.45,3300,200.53,4600,200.54,2200,200.55,300,200.56,500,200.57,300
2026-07-16 09:30:57.052,NVDA,200.53,200.51,3900,200.5,1300,200.49,2100,200.48,1700,200.47,2300,200.55,1000,200.56,3300,200.57,4200,200.58,3400,200.59,4800
2026-07-16 09:30:57.395,NVDA,200.53,200.51,4200,200.5,4100,200.49,4100,200.48,3800,200.47,1600,200.55,3900,200.56,900,200.57,4700,200.58,3100,200.59,900
2026-07-16 09:30:57.625,NVDA,200.53,200.51,300,200.5,4700,200.49,1100,200.48,4800,200.47,3800,200.55,800,200.56,2900,200.57,4000,200.58,3500,200.59,3700
2026-07-16 09:30:57.864,NVDA,200.51,200.49,3700,200.48,2600,200.47,1600,200.46,1100,200.45,1600,200.53,4400,200.54,1800,200.55,1700,200.56,3000,200.57,4500
2026-07-16 09:30:58.193,NVDA,200.53,200.51,300,200.5,2000,200.49,1800,200.48,3800,200.47,1700,200.55,600,200.56,800,200.57,2700,200.58,2400,200.59,600
2026-07-16 09:30:58.261,NVDA,200.52,200.5,2700,200.49,700,200.48,4700,200.47,2300,200.46,4400,200.54,2100,200.55,3400,200.56,1000,200.57,100,200.58,1000
2026-07-16 09:30:58.717,NVDA,200.51,200.49,1600,200.48,3400,200.47,400,200.46,3500,200.45,400,200.53,1100,200.54,2000,200.55,900,200.56,4500,200.57,4100
2026-07-16 09:30:58.778,NVDA,200.52,200.5,100,200.49,1800,200.48,3000,200.47,2900,200.46,3600,200.54,3700,200.55,4200,200.56,2400,200.57,2200,200.58,2200
2026-07-16 09:30:58.938,NVDA,200.53,200.51,4100,200.5,1800,200.49,800,200.48,600,200.47,1300,200.55,2300,200.56,1100,200.57,1800,200.58,3100,200.59,2000
2026-07-16 09:30:59.199,NVDA,200.52,200.5,3800,200.49,4400,200.48,1200,200.47,1800,200.46,2900,200.54,100,200.55,4400,200.56,3800,200.57,3000,200.58,3800
2026-07-16 09:30:59.459,NVDA,200.5,200.48,1700,200.47,900,200.46,2300,200.45,3600,200.44,4000,200.52,2600,200.53,3400,200.54,1200,200.55,4300,200.56,2800
2026-07-16 09:30:59.927,NVDA,200.51,200.49,1400,200.48,5000,200.47,100,200.46,1800,200.45,4600,200.53,800,200.54,1400,200.55,300,200.56,800,200.57,2200
2026-07-16 09:31:00.416,NVDA,200.49,200.47,600,200.46,600,200.45,5000,200.44,400,200.43,300,200.51,2800,200.52,400,200.53,2300,200.54,3400,200.55,3200
2026-07-16 09:31:00.855,NVDA,200.49,200.47,3200,200.46,400,200.45,4300,200.44,800,200.43,2100,200.51,2900,200.52,3500,200.53,200,200.54,2300,200.55,3400
2026-07-16 09:31:01.258,NVDA,200.51,200.49,3100,200.48,1700,200.47,4800,200.46,3300,200.45,4800,200.53,3500,200.54,4000,200.55,3600,200.56,3800,200.57,1600
2026-07-16 09:31:01.588,NVDA,200.49,200.47,3600,200.46,1500,200.45,2700,200.44,800,200.43,2400,200.51,4700,200.52,4600,200.53,3800,200.54,1100,200.55,3200
2026-07-16 09:31:01.972,NVDA,200.48,200.46,1700,200.45,2800,200.44,2500,200.43,100,200.42,1700,200.5,1600,200.51,3800,200.52,2000,200.53,400,200.54,700
2026-07-16 09:31:02.105,NVDA,200.48,200.46,700,200.45,4500,200.44,600,200.43,2700,200.42,400,200.5,500,200.51,1900,200.52,3100,200.53,2300,200.54,4500
2026-07-16 09:31:02.592,NVDA,200.48,200.46,3800,200.45,400,200.44,4200,200.43,800,200.42,1300,200.5,3600,200.51,2800,200.52,4500,200.53,1500,200.54,4300
2026-07-16 09:31:02.631,NVDA,200.46,200.44,3000,200.43,3100,200.42,1500,200.41,2100,200.4,200,200.48,900,200.49,1000,200.5,900,200.51,900,200.52,1400
2026-07-16 09:31:02.967,NVDA,200.48,200.46,600,200.45,4400,200.44,2200,200.43,2700,200.42,3000,200.5,3000,200.51,1500,200.52,1100,200.53,3000,200.54,2600
2026-07-16 09:31:03.387,NVDA,200.47,200.45,2700,200.44,1300,200.43,4300,200.42,2700,200.41,1800,200.49,400,200.5,4900,200.51,900,200.52,4800,200.53,2400
2026-07-16 09:31:03.713,NVDA,200.45,200.43,100,200.42,2100,200.41,100,200.4,3200,200.39,200,200.47,4900,200.48,3200,200.49,4600,200.5,400,200.51,3300
2026-07-16 09:31:03.843,NVDA,200.43,200.41,3400,200.4,3800,200.39,4800,200.38,4700,200.37,2900,200.45,4900,200.46,4600,200.47,5000,200.48,1400,200.49,500
2026-07-16 09:31:04.335,NVDA,200.41,200.39,500,200.38,3200,200.37,2700,200.36,300,200.35,1000,200.43,4700,200.44,300,200.45,3200,200.46,600,200.47,3600
2026-07-16 09:31:04.607,NVDA,200.43,200.41,2200,200.4,2800,200.39,4500,200.38,2600,200.37,3700,200.45,4100,200.46,4600,200.47,1300,200.48,1900,200.49,300
2026-07-16 09:31:04.957,NVDA,200.44,200.42,100,200.41,900,200.4,1100,200.39,2000,200.38,2500,200.46,2500,200.47,3900,200.48,1500,200.49,2100,200.5,400
2026-07-16 09:31:05.014,NVDA,200.42,200.4,900,200.39,4700,200.38,900,200.37,500,200.36,1500,200.44,2800,200.45,1400,200.46,1300,200.47,800,200.48,5000
2026-07-16 09:31:05.037,NVDA,200.44,200.42,4400,200.41,3100,200.4,3200,200.39,4800,200.38,4100,200.46,4700,200.47,1400,200.48,4400,200.49,1800,200.5,800
2026-07-16 09:31:05.170,NVDA,200.46,200.44,3200,200.43,500,200.42,300,200.41,100,200.4,100,200.48,2200,200.49,4900,200.5,1800,200.51,3700,200.52,3700
2026-07-16 09:31:05.359,NVDA,200.45,200.43,4600,200.42,3600,200.41,3400,200.4,1600,200.39,300,200.47,3500,200.48,3500,200.49,1700,200.5,500,200.51,4700
2026-07-16 09:31:05.705,NVDA,200.46,200.44,200,200.43,800,200.42,1100,200.41,800,200.4,1700,200.48,4000,200.49,3900,200.5,600,200.51,3400,200.52,1800
2026-07-16 09:31:06.113,NVDA,200.44,200.42,4400,200.41,4200,200.4,300,200.39,2600,200.38,2000,200.46,1200,200.47,4800,200.48,1300,200.49,1100,200.5,1600
2026-07-16 09:31:06.542,NVDA,200.44,200.42,4600,200.41,4800,200.4,4200,200.39,2600,200.38,2000,200.46,3200,200.47,2300,200.48,600,200.49,200,200.5,1600
2026-07-16 09:31:06.952,NVDA,200.46,200.44,500,200.43,3600,200.42,2200,200.41,600,200.4,2700,200.48,4400,200.49,3800,200.5,4900,200.51,2800,200.52,3800
2026-07-16 09:31:07.371,NVDA,200.46,200.44,100,200.43,4700,200.42,4100,200.41,1100,200.4,3000,200.48,400,200.49,4800,200.5,900,200.51,1100,200.52,2300
2026-07-16 09:31:07.559,NVDA,200.48,200.46,3400,200.45,400,200.44,3800,200.43,4600,200.42,1900,200.5,2000,200.51,5000,200.52,400,200.53,200,200.54,1300
2026-07-16 09:31:07.929,NVDA,200.5,200.48,200,200.47,3300,200.46,1600,200.45,500,200.44,1200,200.52,4700,200.53,2900,200.54,800,200.55,1100,200.56,1600
2026-07-16 09:31:08.400,NVDA,200.5,200.48,1800,200.47,3300,200.46,500,200.45,1000,200.44,1000,200.52,3500,200.53,2800,200.54,900,200.55,3000,200.56,2800
2026-07-16 09:31:08.707,NVDA,200.49,200.47,1800,200.46,4500,200.45,1700,200.44,2900,200.43,800,200.51,3900,200.52,3000,200.53,1500,200.54,400,200.55,4700
2026-07-16 09:31:09.093,NVDA,200.49,200.47,3100,200.46,3500,200.45,3900,200.44,300,200.43,3000,200.51,200,200.52,100,200.53,700,200.54,900,200.55,200
2026-07-16 09:31:09.418,NVDA,200.51,200.49,4700,200.48,4300,200.47,5000,200.46,2300,200.45,4200,200.53,400,200.54,2200,200.55,4500,200.56,700,200.57,4100
2026-07-16 09:31:09.832,NVDA,200.53,200.51,4900,200.5,2700,200.49,4700,200.48,4100,200.47,1300,200.55,4700,200.56,3800,200.57,4000,200.58,4100,200.59,4600
2026-07-16 09:31:09.945,NVDA,200.52,200.5,1500,200.49,2100,200.48,3400,200.47,3100,200.46,4600,200.54,4200,200.55,4400,200.56,3900,200.57,2700,200.58,1500
2026-07-16 09:31:10.283,NVDA,200.51,200.49,1800,200.48,4200,200.47,2300,200.46,3200,200.45,2500,200.53,4100,200.54,5000,200.55,4000,200.56,4900,200.57,3000
2026-07-16 09:31:10.709,NVDA,200.49,200.47,3700,200.46,3300,200.45,800,200.44,1100,200.43,4200,200.51,1000,200.52,1900,200.53,2900,200.54,400,200.55,3400
2026-07-16 09:31:11.038,NVDA,200.48,200.46,100,200.45,500,200.44,4000,200.43,3000,200.42,4000,200.5,3100,200.51,5000,200.52,4800,200.53,3900,200.54,1100
2026-07-16 09:31:11.293,NVDA,200.46,200.44,700,200.43,4000,200.42,4300,200.41,4700,200.4,2400,200.48,100,200.49,100,200.5,4600,200.51,2900,200.52,4500
2026-07-16 09:31:11.546,NVDA,200.47,200.45,700,200.44,1300,200.43,1300,200.42,3500,200.41,2900,200.49,1700,200.5,1000,200.51,2900,200.52,1000,200.53,2400
2026-07-16 09:31:12.003,NVDA,200.49,200.47,1900,200.46,4400,200.45,1700,200.44,400,200.43,800,200.51,4400,200.52,3500,200.53,400,200.54,1000,200.55,2700
2026-07-16 09:31:12.215,NVDA,200.5,200.48,1500,200.47,2000,200.46,4500,200.45,4800,200.44,400,200.52,900,200.53,1000,200.54,4400,200.55,600,200.56,1300
2026-07-16 09:31:12.439,NVDA,200.51,200.49,200,200.48,800,200.47,1100,200.46,900,200.45,3900,200.53,700,200.54,3400,200.55,4600,200.56,2400,200.57,4700
2026-07-16 09:31:12.634,NVDA,200.5,200.48,900,200.47,4100,200.46,300,200.45,200,200.44,1700,200.52,3100,200.53,300,200.54,1900,200.55,3100,200.56,3900
2026-07-16 09:31:13.130,NVDA,200.48,200.46,1100,200.45,3900,200.44,2900,200.43,2600,200.42,1800,200.5,900,200.51,2100,200.52,3400,200.53,4600,200.54,1600
2026-07-16 09:31:13.143,NVDA,200.5,200.48,2500,200.47,400,200.46,2500,200.45,800,200.44,3800,200.52,4000,200.53,200,200.54,1000,200.55,100,200.56,3700
2026-07-16 09:31:13.486,NVDA,200.49,200.47,1400,200.46,3200,200.45,3000,200.44,4300,200.43,2900,200.51,1400,200.52,4300,200.53,1100,200.54,4400,200.55,4100
2026-07-16 09:31:13.739,NVDA,200.48,200.46,5000,200.45,1600,200.44,2300,200.43,1600,200.42,1500,200.5,100,200.51,100,200.52,2300,200.53,1600,200.54,600
2026-07-16 09:31:13.940,NVDA,200.47,200.45,3800,200.44,2200,200.43,1600,200.42,300,200.41,4000,200.49,400,200.5,3200,200.51,2200,200.52,2700,200.53,3400
2026-07-16 09:31:14.137,NVDA,200.46,200.44,2200,200.43,300,200.42,2900,200.41,2000,200.4,2300,200.48,1500,200.49,1100,200.5,2600,200.51,2800,200.52,4800
2026-07-16 09:31:14.565,NVDA,200.48,200.46,1100,200.45,3300,200.44,2300,200.43,2300,200.42,3900,200.5,1300,200.51,1800,200.52,4200,200.53,1100,200.54,900
2026-07-16 09:31:14.580,NVDA,200.48,200.46,4300,200.45,4800,200.44,2000,200.43,3400,200.42,800,200.5,2400,200.51,1800,200.52,1700,200.53,2400,200.54,3900
2026-07-16 09:31:14.853,NVDA,200.48,200.46,900,200.45,2000,200.44,4500,200.43,3800,200.42,200,200.5,3300,200.51,4200,200.52,4700,200.53,300,200.54,1800
2026-07-16 09:31:14.898,NVDA,200.5,200.48,1700,200.47,3700,200.46,1800,200.45,1100,200.44,1100,200.52,2500,200.53,3100,200.54,1700,200.55,4600,200.56,2600
2026-07-16 09:31:14.951,NVDA,200.49,200.47,3300,200.46,1400,200.45,100,200.44,2000,200.43,1000,200.51,600,200.52,1800,200.53,5000,200.54,1400,200.55,600
2026-07-16 09:31:15.018,NVDA,200.5,200.48,500,200.47,400,200.46,1700,200.45,2500,200.44,2800,200.52,3300,200.53,900,200.54,4600,200.55,2600,200.56,2100
2026-07-16 09:31:15.434,NVDA,200.48,200.46,600,200.45,900,200.44,4200,200.43,3600,200.42,3000,200.5,1800,200.51,2800,200.52,400,200.53,2800,200.54,3300
2026-07-16 09:31:15.610,NVDA,200.46,200.44,4500,200.43,3100,200.42,4000,200.41,1300,200.4,3400,200.48,1000,200.49,4700,200.5,2300,200.51,2700,200.52,3700
2026-07-16 09:31:15.716,NVDA,200.46,200.44,4900,200.43,2200,200.42,600,200.41,4400,200.4,100,200.48,900,200.49,400,200.5,2800,200.51,2000,200.52,2700
2026-07-16 09:31:16.047,NVDA,200.44,200.42,3700,200.41,4300,200.4,400,200.39,4200,200.38,3600,200.46,4600,200.47,700,200.48,100,200.49,1700,200.5,2000
2026-07-16 09:31:16.160,NVDA,200.44,200.42,5000,200.41,1600,200.4,4400,200.39,300,200.38,1700,200.46,1000,200.47,5000,200.48,2700,200.49,4400,200.5,2500
2026-07-16 09:31:16.419,NVDA,200.43,200.41,2300,200.4,4100,200.39,1400,200.38,400,200.37,1100,200.45,3600,200.46,3700,200.47,1400,200.48,3200,200.49,3600
2026-07-16 09:31:16.624,NVDA,200.41,200.39,100,200.38,3900,200.37,3200,200.36,3200,200.35,3500,200.43,5000,200.44,3400,200.45,1900,200.46,1200,200.47,2700
2026-07-16 09:31:16.860,NVDA,200.43,200.41,300,200.4,1600,200.39,2000,200.38,3600,200.37,2200,200.45,700,200.46,500,200.47,3800,200.48,1500,200.49,100
2026-07-16 09:31:17.278,NVDA,200.45,200.43,100,200.42,1100,200.41,200,200.4,1900,200.39,700,200.47,1600,200.48,1100,200.49,4000,200.5,4500,200.51,1600
2026-07-16 09:31:17.435,NVDA,200.43,200.41,2000,200.4,900,200.39,1600,200.38,1900,200.37,3900,200.45,3000,200.46,3400,200.47,3400,200.48,3000,200.49,2200
2026-07-16 09:31:17.493,NVDA,200.45,200.43,4400,200.42,500,200.41,3300,200.4,1200,200.39,2600,200.47,4100,200.48,2000,200.49,2200,200.5,2200,200.51,4200
2026-07-16 09:31:17.728,NVDA,200.44,200.42,3800,200.41,4400,200.4,4100,200.39,4100,200.38,3100,200.46,3600,200.47,4900,200.48,100,200.49,1800,200.5,2200
2026-07-16 09:31:17.853,NVDA,200.43,200.41,1300,200.4,2600,200.39,500,200.38,1200,200.37,4900,200.45,3600,200.46,2400,200.47,2500,200.48,4500,200.49,700
2026-07-16 09:31:17.967,NVDA,200.41,200.39,2500,200.38,2200,200.37,2100,200.36,4000,200.35,3300,200.43,100,200.44,1100,200.45,1700,200.46,800,200.47,4500
2026-07-16 09:31:18.071,NVDA,200.42,200.4,2100,200.39,1600,200.38,4000,200.37,1200,200.36,3800,200.44,1700,200.45,900,200.46,600,200.47,3900,200.48,500
2026-07-16 09:31:18.316,NVDA,200.41,200.39,3900,200.38,2900,200.37,3100,200.36,1400,200.35,3200,200.43,4600,200.44,2200,200.45,400,200.46,3600,200.47,1500
2026-07-16 09:31:18.609,NVDA,200.4,200.38,4600,200.37,4100,200.36,3200,200.35,3800,200.34,3400,200.42,900,200.43,300,200.44,3100,200.45,800,200.46,2200
2026-07-16 09:31:18.678,NVDA,200.39,200.37,3400,200.36,3000,200.35,2600,200.34,4700,200.33,3700,200.41,500,200.42,2200,200.43,3600,200.44,2300,200.45,3000
2026-07-16 09:31:18.844,NVDA,200.37,200.35,1400,200.34,100,200.33,900,200.32,2200,200.31,1800,200.39,3900,200.4,1100,200.41,1000,200.42,500,200.43,2400
2026-07-16 09:31:18.933,NVDA,200.35,200.33,1100,200.32,1300,200.31,200,200.3,300,200.29,500,200.37,3000,200.38,2100,200.39,200,200.4,3100,200.41,900
2026-07-16 09:31:19.146,NVDA,200.36,200.34,3400,200.33,4200,200.32,900,200.31,900,200.3,100,200.38,5000,200.39,2100,200.4,4600,200.41,3900,200.42,2900
2026-07-16 09:31:19.264,NVDA,200.36,200.34,1800,200.33,3600,200.32,100,200.31,4400,200.3,2400,200.38,4800,200.39,3600,200.4,3900,200.41,3000,200.42,800
2026-07-16 09:31:19.401,NVDA,200.35,200.33,800,200.32,4300,200.31,2100,200.3,3200,200.29,2900,200.37,2300,200.38,3900,200.39,3900,200.4,200,200.41,1800
2026-07-16 09:31:19.509,NVDA,200.33,200.31,900,200.3,100,200.29,3100,200.28,4600,200.27,4500,200.35,3000,200.36,3500,200.37,4900,200.38,100,200.39,3400
2026-07-16 09:31:19.658,NVDA,200.33,200.31,2900,200.3,1100,200.29,4900,200.28,4500,200.27,100,200.35,1900,200.36,4000,200.37,5000,200.38,1400,200.39,4000
2026-07-16 09:31:19.976,NVDA,200.33,200.31,3200,200.3,300,200.29,2000,200.28,3700,200.27,2900,200.35,2200,200.36,4300,200.37,2400,200.38,400,200.39,3200
2026-07-16 09:31:20.366,NVDA,200.35,200.33,500,200.32,1400,200.31,4100,200.3,2800,200.29,600,200.37,100,200.38,1900,200.39,3800,200.4,200,200.41,2200
2026-07-16 09:31:20.748,NVDA,200.34,200.32,4400,200.31,1600,200.3,4400,200.29,1100,200.28,3300,200.36,300,200.37,1300,200.38,700,200.39,4500,200.4,4500
2026-07-16 09:31:21.230,NVDA,200.35,200.33,300,200.32,3900,200.31,1800,200.3,3100,200.29,3000,200.37,4700,200.38,4900,200.39,1000,200.4,4200,200.41,2500
2026-07-16 09:31:21.345,NVDA,200.37,200.35,2000,200.34,3100,200.33,3000,200.32,3000,200.31,600,200.39,4000,200.4,2000,200.41,2400,200.42,2500,200.43,3500
2026-07-16 09:31:21.488,NVDA,200.38,200.36,1600,200.35,4900,200.34,400,200.33,4800,200.32,2800,200.4,400,200.41,1600,200.42,500,200.43,4300,200.44,4300
2026-07-16 09:31:21.830,NVDA,200.38,200.36,2700,200.35,2300,200.34,4000,200.33,1100,200.32,4400,200.4,3600,200.41,500,200.42,1000,200.43,4300,200.44,1100
2026-07-16 09:31:21.904,NVDA,200.37,200.35,2400,200.34,700,200.33,3800,200.32,1800,200.31,3800,200.39,1200,200.4,4000,200.41,3000,200.42,4000,200.43,3200
2026-07-16 09:31:22.038,NVDA,200.35,200.33,1900,200.32,1100,200.31,1400,200.3,1200,200.29,4200,200.37,1100,200.38,200,200.39,1500,200.4,3300,200.41,400
2026-07-16 09:31:22.409,NVDA,200.34,200.32,2400,200.31,2000,200.3,400,200.29,200,200.28,3500,200.36,4400,200.37,2900,200.38,1000,200.39,4400,200.4,600
2026-07-16 09:31:22.780,NVDA,200.32,200.3,2100,200.29,4500,200.28,3000,200.27,1200,200.26,2700,200.34,2500,200.35,2700,200.36,2500,200.37,3100,200.38,2400
2026-07-16 09:31:23.140,NVDA,200.31,200.29,2900,200.28,2000,200.27,1200,200.26,2600,200.25,400,200.33,2200,200.34,2000,200.35,2300,200.36,900,200.37,4100
2026-07-16 09:31:23.311,NVDA,200.3,200.28,1800,200.27,4800,200.26,1100,200.25,700,200.24,2200,200.32,4300,200.33,2300,200.34,3500,200.35,1400,200.36,1300
2026-07-16 09:31:23.430,NVDA,200.31,200.29,1400,200.28,3200,200.27,2700,200.26,1900,200.25,500,200.33,1700,200.34,3800,200.35,3200,200.36,600,200.37,300
2026-07-16 09:31:23.691,NVDA,200.31,200.29,4800,200.28,600,200.27,1800,200.26,300,200.25,2600,200.33,3400,200.34,3600,200.35,1600,200.36,1300,200.37,100
2026-07-16 09:31:23.780,NVDA,200.3,200.28,4600,200.27,4300,200.26,1500,200.25,3700,200.24,3600,200.32,500,200.33,100,200.34,3600,200.35,4500,200.36,2500
2026-07-16 09:31:23.974,NVDA,200.29,200.27,1000,200.26,1200,200.25,3600,200.24,2300,200.23,2300,200.31,3700,200.32,700,200.33,2900,200.34,1600,200.35,1100
2026-07-16 09:31:24.111,NVDA,200.28,200.26,200,200.25,1200,200.24,4600,200.23,2600,200.22,3200,200.3,3400,200.31,5000,200.32,2500,200.33,1800,200.34,1500
2026-07-16 09:31:24.388,NVDA,200.27,200.25,200,200.24,1600,200.23,4800,200.22,500,200.21,3000,200.29,1800,200.3,2200,200.31,2500,200.32,1000,200.33,3700
2026-07-16 09:31:24.704,NVDA,200.27,200.25,1900,200.24,2200,200.23,2200,200.22,4000,200.21,4700,200.29,4200,200.3,4100,200.31,4600,200.32,4400,200.33,4900
2026-07-16 09:31:25.014,NVDA,200.27,200.25,4300,200.24,1000,200.23,4100,200.22,500,200.21,3600,200.29,4200,200.3,1000,200.31,1400,200.32,1700,200.33,3300
2026-07-16 09:31:25.343,NVDA,200.29,200.27,400,200.26,1300,200.25,100,200.24,200,200.23,5000,200.31,800,200.32,4400,200.33,3300,200.34,1500,200.35,3800
2026-07-16 09:31:25.480,NVDA,200.29,200.27,1600,200.26,2300,200.25,300,200.24,3200,200.23,900,200.31,4800,200.32,2300,200.33,1100,200.34,900,200.35,1900
2026-07-16 09:31:25.969,NVDA,200.28,200.26,1400,200.25,800,200.24,3200,200.23,100,200.22,1500,200.3,3400,200.31,2700,200.32,700,200.33,2400,200.34,3700
2026-07-16 09:31:25.991,NVDA,200.26,200.24,2400,200.23,100,200.22,4300,200.21,1700,200.2,2300,200.28,2700,200.29,1700,200.3,3900,200.31,100,200.32,1200
2026-07-16 09:31:26.447,NVDA,200.25,200.23,200,200.22,1600,200.21,2100,200.2,3300,200.19,1200,200.27,1100,200.28,2100,200.29,4000,200.3,3500,200.31,300
2026-07-16 09:31:26.597,NVDA,200.25,200.23,2000,200.22,1200,200.21,3800,200.2,100,200.19,900,200.27,3800,200.28,3400,200.29,1300,200.3,100,200.31,200
2026-07-16 09:31:26.608,NVDA,200.23,200.21,900,200.2,1300,200.19,2100,200.18,700,200.17,2900,200.25,4900,200.26,4300,200.27,900,200.28,200,200.29,3700
2026-07-16 09:31:26.639,NVDA,200.23,200.21,200,200.2,1000,200.19,500,200.18,4900,200.17,5000,200.25,2700,200.26,3000,200.27,3900,200.28,700,200.29,3100
2026-07-16 09:31:26.684,NVDA,200.23,200.21,4700,200.2,1200,200.19,3400,200.18,4100,200.17,700,200.25,3600,200.26,900,200.27,4200,200.28,4200,200.29,3900
2026-07-16 09:31:26.794,NVDA,200.21,200.19,4100,200.18,3700,200.17,3400,200.16,4300,200.15,3600,200.23,1200,200.24,1800,200.25,4300,200.26,300,200.27,200
2026-07-16 09:31:27.165,NVDA,200.19,200.17,1600,200.16,3000,200.15,4100,200.14,900,200.13,100,200.21,4900,200.22,5000,200.23,3400,200.24,2200,200.25,2500
2026-07-16 09:31:27.214,NVDA,200.21,200.19,3300,200.18,2200,200.17,2000,200.16,1700,200.15,500,200.23,4000,200.24,1000,200.25,3700,200.26,4200,200.27,1000
2026-07-16 09:31:27.369,NVDA,200.22,200.2,1200,200.19,2800,200.18,2600,200.17,900,200.16,2100,200.24,100,200.25,5000,200.26,4400,200.27,2600,200.28,3300
2026-07-16 09:31:27.493,NVDA,200.22,200.2,4100,200.19,1600,200.18,700,200.17,900,200.16,3800,200.24,4500,200.25,2300,200.26,2400,200.27,800,200.28,400
2026-07-16 09:31:27.822,NVDA,200.2,200.18,2000,200.17,700,200.16,1100,200.15,1700,200.14,2300,200.22,4000,200.23,3600,200.24,4000,200.25,1400,200.26,4600
2026-07-16 09:31:27.879,NVDA,200.22,200.2,4700,200.19,1500,200.18,2100,200.17,2300,200.16,4000,200.24,4700,200.25,4900,200.26,4400,200.27,1600,200.28,2500
2026-07-16 09:31:28.132,NVDA,200.23,200.21,3600,200.2,3100,200.19,2100,200.18,2300,200.17,3900,200.25,1000,200.26,1900,200.27,3500,200.28,5000,200.29,800
2026-07-16 09:31:28.145,NVDA,200.24,200.22,500,200.21,4600,200.2,2300,200.19,1900,200.18,400,200.26,100,200.27,2200,200.28,2700,200.29,3100,200.3,400
2026-07-16 09:31:28.521,NVDA,200.22,200.2,3200,200.19,200,200.18,900,200.17,4100,200.16,1400,200.24,4900,200.25,4600,200.26,3600,200.27,4300,200.28,800
2026-07-16 09:31:28.789,NVDA,200.22,200.2,4100,200.19,4400,200.18,2400,200.17,1200,200.16,3800,200.24,3100,200.25,800,200.26,4400,200.27,800,200.28,3200
2026-07-16 09:31:28.987,NVDA,200.21,200.19,3000,200.18,900,200.17,2800,200.16,3200,200.15,2100,200.23,3200,200.24,1200,200.25,4400,200.26,3400,200.27,1500
2026-07-16 09:31:29.132,NVDA,200.2,200.18,600,200.17,4800,200.16,3400,200.15,4200,200.14,700,200.22,1500,200.23,5000,200.24,500,200.25,2100,200.26,3000
2026-07-16 09:31:29.473,NVDA,200.22,200.2,5000,200.19,1900,200.18,2200,200.17,300,200.16,2500,200.24,700,200.25,4900,200.26,600,200.27,4000,200.28,600
2026-07-16 09:31:29.797,NVDA,200.22,200.2,2600,200.19,3800,200.18,3900,200.17,3800,200.16,2800,200.24,3800,200.25,1700,200.26,2600,200.27,1700,200.28,100
2026-07-16 09:31:29.998,NVDA,200.2,200.18,4400,200.17,800,200.16,1700,200.15,2900,200.14,2800,200.22,2500,200.23,1800,200.24,600,200.25,1300,200.26,3300
2026-07-16 09:31:30.440,NVDA,200.2,200.18,400,200.17,1500,200.16,700,200.15,4700,200.14,1600,200.22,3000,200.23,400,200.24,3500,200.25,4100,200.26,3500
2026-07-16 09:31:30.523,NVDA,200.19,200.17,4200,200.16,4000,200.15,3500,200.14,2200,200.13,2500,200.21,4000,200.22,1600,200.23,2500,200.24,2000,200.25,2100
2026-07-16 09:31:30.592,NVDA,200.18,200.16,3900,200.15,3000,200.14,1900,200.13,4300,200.12,3500,200.2,1200,200.21,2700,200.22,2200,200.23,4600,200.24,3300
2026-07-16 09:31:30.609,NVDA,200.17,200.15,100,200.14,300,200.13,5000,200.12,3200,200.11,4800,200.19,3000,200.2,4800,200.21,3500,200.22,4200,200.23,4700
2026-07-16 09:31:30.846,NVDA,200.16,200.14,3000,200.13,200,200.12,2000,200.11,4200,200.1,4400,200.18,4100,200.19,3000,200.2,2200,200.21,3000,200.22,2800
2026-07-16 09:31:31.267,NVDA,200.17,200.15,4100,200.14,1600,200.13,3200,200.12,1700,200.11,4800,200.19,700,200.2,200,200.21,100,200.22,2600,200.23,2900
2026-07-16 09:31:31.317,NVDA,200.16,200.14,1600,200.13,1200,200.12,3600,200.11,400,200.1,1300,200.18,3200,200.19,3900,200.2,600,200.21,300,200.22,3100
2026-07-16 09:31:31.685,NVDA,200.15,200.13,300,200.12,5000,200.11,4200,200.1,1300,200.09,2500,200.17,3100,200.18,3100,200.19,4500,200.2,3900,200.21,3900
2026-07-16 09:31:31.735,NVDA,200.15,200.13,1700,200.12,2600,200.11,4100,200.1,1300,200.09,3300,200.17,600,200.18,1900,200.19,4100,200.2,100,200.21,1600
2026-07-16 09:31:31.941,NVDA,200.16,200.14,1500,200.13,600,200.12,1300,200.11,3100,200.1,400,200.18,600,200.19,3300,200.2,4500,200.21,3000,200.22,3600
2026-07-16 09:31:32.137,NVDA,200.15,200.13,300,200.12,1800,200.11,4800,200.1,2400,200.09,800,200.17,2000,200.18,3200,200.19,2400,200.2,5000,200.21,2500
2026-07-16 09:31:32.283,NVDA,200.14,200.12,5000,200.11,1300,200.1,4100,200.09,1400,200.08,2600,200.16,3800,200.17,700,200.18,3200,200.19,400,200.2,3600
2026-07-16 09:31:32.693,NVDA,200.13,200.11,4500,200.1,700,200.09,4800,200.08,3300,200.07,4600,200.15,1400,200.16,3000,200.17,300,200.18,1200,200.19,1900
2026-07-16 09:31:33.024,NVDA,200.14,200.12,2400,200.11,2500,200.1,3700,200.09,3300,200.08,2900,200.16,2300,200.17,4000,200.18,1700,200.19,2700,200.2,400
2026-07-16 09:31:33.254,NVDA,200.16,200.14,2300,200.13,2200,200.12,2400,200.11,1300,200.1,3200,200.18,3600,200.19,1500,200.2,2600,200.21,2000,200.22,5000
2026-07-16 09:31:33.550,NVDA,200.14,200.12,4500,200.11,2000,200.1,800,200.09,4600,200.08,2400,200.16,700,200.17,3200,200.18,600,200.19,1100,200.2,4000
2026-07-16 09:31:33.803,NVDA,200.13,200.11,2700,200.1,100,200.09,500,200.08,2100,200.07,900,200.15,1200,200.16,3500,200.17,200,200.18,2000,200.19,2300
2026-07-16 09:31:34.015,NVDA,200.11,200.09,2200,200.08,900,200.07,1100,200.06,5000,200.05,600,200.13,4100,200.14,1300,200.15,500,200.16,4900,200.17,2100
2026-07-16 09:31:34.386,NVDA,200.11,200.09,300,200.08,3600,200.07,5000,200.06,900,200.05,1200,200.13,1100,200.14,700,200.15,4900,200.16,2400,200.17,1500
2026-07-16 09:31:34.795,NVDA,200.12,200.1,4200,200.09,3300,200.08,300,200.07,200,200.06,2200,200.14,2300,200.15,600,200.16,2000,200.17,4300,200.18,2900
2026-07-16 09:31:35.254,NVDA,200.11,200.09,100,200.08,1500,200.07,1400,200.06,200,200.05,100,200.13,4500,200.14,3900,200.15,500,200.16,3400,200.17,2500
2026-07-16 09:31:35.544,NVDA,200.12,200.1,4700,200.09,3500,200.08,200,200.07,4800,200.06,2400,200.14,3500,200.15,1000,200.16,1500,200.17,1800,200.18,4100
2026-07-16 09:31:35.615,NVDA,200.13,200.11,3000,200.1,1900,200.09,1400,200.08,2400,200.07,2600,200.15,1900,200.16,200,200.17,300,200.18,4400,200.19,2800
2026-07-16 09:31:35.728,NVDA,200.12,200.1,100,200.09,1700,200.08,900,200.07,4300,200.06,1500,200.14,2900,200.15,3600,200.16,1500,200.17,200,200.18,100
2026-07-16 09:31:35.969,NVDA,200.11,200.09,1300,200.08,1400,200.07,5000,200.06,4700,200.05,2700,200.13,2900,200.14,5000,200.15,300,200.16,4100,200.17,2200
2026-07-16 09:31:35.986,NVDA,200.1,200.08,700,200.07,1300,200.06,2100,200.05,600,200.04,400,200.12,1200,200.13,1900,200.14,3100,200.15,4100,200.16,1700
2026-07-16 09:31:36.104,NVDA,200.09,200.07,800,200.06,400,200.05,3300,200.04,2100,200.03,2000,200.11,2000,200.12,4200,200.13,3400,200.14,4500,200.15,1300
2026-07-16 09:31:36.360,NVDA,200.09,200.07,2500,200.06,2500,200.05,4500,200.04,1700,200.03,1900,200.11,2100,200.12,4100,200.13,4300,200.14,500,200.15,2000
2026-07-16 09:31:36.767,NVDA,200.11,200.09,3200,200.08,4000,200.07,4600,200.06,4000,200.05,1200,200.13,300,200.14,3500,200.15,2300,200.16,2800,200.17,1300
2026-07-16 09:31:36.990,NVDA,200.11,200.09,5000,200.08,1800,200.07,2200,200.06,4300,200.05,3600,200.13,4100,200.14,1800,200.15,3900,200.16,4900,200.17,3000
2026-07-16 09:31:37.020,NVDA,200.1,200.08,1900,200.07,1100,200.06,2800,200.05,3400,200.04,4800,200.12,4200,200.13,1600,200.14,500,200.15,1400,200.16,500
2026-07-16 09:31:37.246,NVDA,200.12,200.1,3400,200.09,3600,200.08,1300,200.07,3700,200.06,400,200.14,2100,200.15,2600,200.16,3800,200.17,3700,200.18,4900
2026-07-16 09:31:37.506,NVDA,200.14,200.12,300,200.11,5000,200.1,3400,200.09,2200,200.08,2200,200.16,3000,200.17,4600,200.18,4200,200.19,3600,200.2,3000
2026-07-16 09:31:37.894,NVDA,200.12,200.1,3100,200.09,2900,200.08,3900,200.07,3700,200.06,1900,200.14,3900,200.15,4900,200.16,800,200.17,100,200.18,5000
2026-07-16 09:31:38.107,NVDA,200.13,200.11,1000,200.1,4500,200.09,3300,200.08,4800,200.07,3300,200.15,4400,200.16,200,200.17,2800,200.18,5000,200.19,4400
2026-07-16 09:31:38.397,NVDA,200.12,200.1,100,200.09,800,200.08,4600,200.07,1500,200.06,2500,200.14,800,200.15,1000,200.16,2000,200.17,2900,200.18,300
2026-07-16 09:31:38.618,NVDA,200.13,200.11,4100,200.1,4400,200.09,3000,200.08,2100,200.07,300,200.15,2000,200.16,2800,200.17,3600,200.18,500,200.19,2100
2026-07-16 09:31:38.834,NVDA,200.15,200.13,500,200.12,4800,200.11,3000,200.1,2000,200.09,3000,200.17,4600,200.18,400,200.19,4100,200.2,4100,200.21,2200
2026-07-16 09:31:38.949,NVDA,200.17,200.15,1300,200.14,1800,200.13,2900,200.12,200,200.11,3200,200.19,1100,200.2,4900,200.21,400,200.22,4600,200.23,1900
2026-07-16 09:31:39.114,NVDA,200.15,200.13,4100,200.12,5000,200.11,1600,200.1,400,200.09,2000,200.17,3900,200.18,4200,200.19,4900,200.2,100,200.21,1400
2026-07-16 09:31:39.328,NVDA,200.16,200.14,3400,200.13,3300,200.12,2200,200.11,2200,200.1,3500,200.18,2100,200.19,2600,200.2,3500,200.21,200,200.22,800
2026-07-16 09:31:39.453,NVDA,200.15,200.13,200,200.12,200,200.11,1100,200.1,1700,200.09,4100,200.17,3200,200.18,4600,200.19,700,200.2,3900,200.21,3900
2026-07-16 09:31:39.918,NVDA,200.17,200.15,3200,200.14,1700,200.13,2900,200.12,2700,200.11,500,200.19,4300,200.2,2500,200.21,600,200.22,3700,200.23,3800
2026-07-16 09:31:40.200,NVDA,200.16,200.14,3300,200.13,3400,200.12,2200,200.11,3300,200.1,800,200.18,4000,200.19,5000,200.2,1000,200.21,2400,200.22,1200
2026-07-16 09:31:40.666,NVDA,200.16,200.14,3300,200.13,4900,200.12,200,200.11,4900,200.1,4600,200.18,2500,200.19,1200,200.2,5000,200.21,2800,200.22,1300
2026-07-16 09:31:41.163,NVDA,200.14,200.12,1700,200.11,900,200.1,1500,200.09,1100,200.08,4100,200.16,300,200.17,4600,200.18,5000,200.19,4000,200.2,800
2026-07-16 09:31:41.178,NVDA,200.16,200.14,4900,200.13,100,200.12,700,200.11,4400,200.1,1000,200.18,1800,200.19,4600,200.2,2100,200.21,1600,200.22,3000
2026-07-16 09:31:41.558,NVDA,200.15,200.13,2300,200.12,1800,200.11,4500,200.1,4700,200.09,3300,200.17,4100,200.18,2800,200.19,3600,200.2,2200,200.21,3300
2026-07-16 09:31:42.010,NVDA,200.14,200.12,1300,200.11,4700,200.1,2900,200.09,900,200.08,2000,200.16,1500,200.17,4000,200.18,900,200.19,1500,200.2,3000
2026-07-16 09:31:42.424,NVDA,200.12,200.1,3300,200.09,1500,200.08,3900,200.07,1700,200.06,1700,200.14,2200,200.15,1100,200.16,1000,200.17,3800,200.18,2800
2026-07-16 09:31:42.535,NVDA,200.1,200.08,2100,200.07,3400,200.06,4900,200.05,2100,200.04,2600,200.12,1700,200.13,1900,200.14,2400,200.15,1900,200.16,2800
2026-07-16 09:31:42.643,NVDA,200.08,200.06,800,200.05,4800,200.04,600,200.03,3200,200.02,1000,200.1,2500,200.11,2000,200.12,1700,200.13,2000,200.14,2600
2026-07-16 09:31:42.668,NVDA,200.06,200.04,2300,200.03,200,200.02,900,200.01,700,200.0,1200,200.08,1800,200.09,3100,200.1,3400,200.11,3100,200.12,300
2026-07-16 09:31:43.070,NVDA,200.07,200.05,2700,200.04,4700,200.03,3300,200.02,3600,200.01,300,200.09,4900,200.1,2100,200.11,4300,200.12,100,200.13,300
2026-07-16 09:31:43.411,NVDA,200.05,200.03,1300,200.02,100,200.01,2400,200.0,2200,199.99,3900,200.07,3600,200.08,1300,200.09,100,200.1,2000,200.11,2500
2026-07-16 09:31:43.858,NVDA,200.05,200.03,4900,200.02,1600,200.01,2800,200.0,3800,199.99,1100,200.07,4300,200.08,3700,200.09,5000,200.1,1500,200.11,4100
2026-07-16 09:31:44.256,NVDA,200.07,200.05,200,200.04,100,200.03,2500,200.02,2100,200.01,700,200.09,2800,200.1,5000,200.11,600,200.12,100,200.13,2900
2026-07-16 09:31:44.382,NVDA,200.08,200.06,2800,200.05,3000,200.04,2700,200.03,900,200.02,1000,200.1,4700,200.11,1200,200.12,4200,200.13,4700,200.14,3100
2026-07-16 09:31:44.526,NVDA,200.09,200.07,2400,200.06,3800,200.05,1500,200.04,3800,200.03,3400,200.11,2400,200.12,2200,200.13,1500,200.14,3000,200.15,200
2026-07-16 09:31:44.769,NVDA,200.1,200.08,1300,200.07,4900,200.06,500,200.05,1700,200.04,2600,200.12,2500,200.13,2200,200.14,4200,200.15,3200,200.16,4800
2026-07-16 09:31:44.964,NVDA,200.11,200.09,400,200.08,3800,200.07,300,200.06,2000,200.05,3100,200.13,3500,200.14,3100,200.15,3900,200.16,2000,200.17,100
2026-07-16 09:31:45.089,NVDA,200.11,200.09,2900,200.08,1100,200.07,4700,200.06,1700,200.05,100,200.13,4300,200.14,700,200.15,100,200.16,3300,200.17,2900
2026-07-16 09:31:45.107,NVDA,200.09,200.07,2000,200.06,4200,200.05,1400,200.04,1800,200.03,1800,200.11,3700,200.12,2500,200.13,3400,200.14,100,200.15,3400
2026-07-16 09:31:45.447,NVDA,200.09,200.07,1700,200.06,1800,200.05,2400,200.04,4400,200.03,3500,200.11,4500,200.12,4300,200.13,3200,200.14,1500,200.15,4000
2026-07-16 09:31:45.830,NVDA,200.1,200.08,3400,200.07,1500,200.06,5000,200.05,4100,200.04,200,200.12,2300,200.13,2700,200.14,900,200.15,3000,200.16,800
2026-07-16 09:31:46.005,NVDA,200.08,200.06,1800,200.05,1200,200.04,1000,200.03,2900,200.02,4900,200.1,900,200.11,1400,200.12,1200,200.13,1500,200.14,3000
2026-07-16 09:31:46.461,NVDA,200.06,200.04,1000,200.03,4700,200.02,4700,200.01,200,200.0,300,200.08,2800,200.09,3200,200.1,4400,200.11,1600,200.12,2700
2026-07-16 09:31:46.735,NVDA,200.08,200.06,1400,200.05,700,200.04,2300,200.03,2100,200.02,2400,200.1,1500,200.11,600,200.12,1200,200.13,2800,200.14,3900
2026-07-16 09:31:47.155,NVDA,200.07,200.05,1900,200.04,900,200.03,3300,200.02,1700,200.01,2000,200.09,1100,200.1,2800,200.11,4300,200.12,2900,200.13,2400
2026-07-16 09:31:47.466,NVDA,200.06,200.04,1200,200.03,3500,200.02,4300,200.01,3200,200.0,1900,200.08,3000,200.09,600,200.1,500,200.11,900,200.12,500
2026-07-16 09:31:47.771,NVDA,200.04,200.02,2200,200.01,400,200.0,2600,199.99,2800,199.98,1800,200.06,3500,200.07,4200,200.08,1500,200.09,3400,200.1,1300
2026-07-16 09:31:48.096,NVDA,200.03,200.01,3800,200.0,700,199.99,1400,199.98,2600,199.97,700,200.05,2200,200.06,2300,200.07,3800,200.08,4000,200.09,600
2026-07-16 09:31:48.334,NVDA,200.01,199.99,2900,199.98,4900,199.97,4000,199.96,400,199.95,1200,200.03,4300,200.04,2900,200.05,300,200.06,2600,200.07,3200
2026-07-16 09:31:48.477,NVDA,200.03,200.01,2400,200.0,2100,199.99,3700,199.98,800,199.97,1600,200.05,3700,200.06,3500,200.07,3600,200.08,4100,200.09,3000
2026-07-16 09:31:48.945,NVDA,200.01,199.99,600,199.98,2300,199.97,1400,199.96,1700,199.95,2700,200.03,100,200.04,2400,200.05,2200,200.06,4300,200.07,2100
2026-07-16 09:31:49.025,NVDA,200.01,199.99,1100,199.98,200,199.97,4200,199.96,2400,199.95,2800,200.03,3300,200.04,1600,200.05,700,200.06,1300,200.07,2700
2026-07-16 09:31:49.268,NVDA,200.0,199.98,1900,199.97,1100,199.96,4500,199.95,2400,199.94,1200,200.02,2200,200.03,1300,200.04,4100,200.05,3900,200.06,2100
2026-07-16 09:31:49.699,NVDA,199.99,199.97,3800,199.96,3000,199.95,300,199.94,4700,199.93,4700,200.01,3000,200.02,4400,200.03,3100,200.04,4600,200.05,3700
2026-07-16 09:31:49.921,NVDA,199.97,199.95,5000,199.94,4400,199.93,4300,199.92,900,199.91,200,199.99,1800,200.0,100,200.01,3200,200.02,1100,200.03,500
2026-07-16 09:31:50.397,NVDA,199.95,199.93,1300,199.92,3700,199.91,2600,199.9,2700,199.89,1600,199.97,2800,199.98,2600,199.99,500,200.0,600,200.01,3700
2026-07-16 09:31:50.496,NVDA,199.94,199.92,1700,199.91,500,199.9,4200,199.89,3300,199.88,4400,199.96,2600,199.97,2000,199.98,2800,199.99,600,200.0,2900
2026-07-16 09:31:50.854,NVDA,199.94,199.92,3900,199.91,200,199.9,4300,199.89,1300,199.88,1700,199.96,1600,199.97,300,199.98,2500,199.99,4400,200.0,3000
2026-07-16 09:31:51.153,NVDA,199.93,199.91,3000,199.9,500,199.89,700,199.88,100,199.87,4800,199.95,4600,199.96,4500,199.97,500,199.98,1900,199.99,3200
2026-07-16 09:31:51.491,NVDA,199.91,199.89,600,199.88,2900,199.87,3000,199.86,4500,199.85,4800,199.93,1600,199.94,4600,199.95,1400,199.96,1800,199.97,700
2026-07-16 09:31:51.804,NVDA,199.89,199.87,3700,199.86,700,199.85,3900,199.84,2000,199.83,4700,199.91,4700,199.92,3200,199.93,3600,199.94,1700,199.95,4900
2026-07-16 09:31:52.101,NVDA,199.89,199.87,4200,199.86,2500,199.85,4500,199.84,1900,199.83,3500,199.91,2700,199.92,4200,199.93,100,199.94,4100,199.95,3600
2026-07-16 09:31:52.315,NVDA,199.89,199.87,2900,199.86,1000,199.85,2400,199.84,2800,199.83,3300,199.91,4400,199.92,300,199.93,4700,199.94,2800,199.95,4700
2026-07-16 09:31:52.726,NVDA,199.89,199.87,300,199.86,2300,199.85,3500,199.84,100,199.83,1000,199.91,2700,199.92,2800,199.93,4300,199.94,2100,199.95,300
2026-07-16 09:31:52.747,NVDA,199.9,199.88,4500,199.87,3300,199.86,1200,199.85,3000,199.84,3600,199.92,2100,199.93,2000,199.94,1300,199.95,3700,199.96,3200
2026-07-16 09:31:53.075,NVDA,199.92,199.9,3500,199.89,1500,199.88,1400,199.87,3900,199.86,3100,199.94,4700,199.95,4800,199.96,700,199.97,2400,199.98,1400
2026-07-16 09:31:53.191,NVDA,199.94,199.92,1800,199.91,2200,199.9,4800,199.89,4700,199.88,2400,199.96,1800,199.97,1300,199.98,1400,199.99,1200,200.0,4600
2026-07-16 09:31:53.380,NVDA,199.93,199.91,2500,199.9,600,199.89,4900,199.88,1700,199.87,2200,199.95,4200,199.96,4400,199.97,3500,199.98,2600,199.99,4000
2026-07-16 09:31:53.752,NVDA,199.94,199.92,2000,199.91,2900,199.9,4400,199.89,600,199.88,1800,199.96,4100,199.97,2300,199.98,2200,199.99,4000,200.0,3100
2026-07-16 09:31:53.977,NVDA,199.93,199.91,500,199.9,900,199.89,3500,199.88,1900,199.87,2800,199.95,3900,199.96,2400,199.97,2400,199.98,1000,199.99,400
2026-07-16 09:31:54.313,NVDA,199.91,199.89,3300,199.88,2900,199.87,1700,199.86,1100,199.85,400,199.93,1100,199.94,4000,199.95,1900,199.96,1300,199.97,1300
2026-07-16 09:31:54.396,NVDA,199.9,199.88,5000,199.87,2400,199.86,3200,199.85,3600,199.84,2400,199.92,1600,199.93,4800,199.94,2400,199.95,3800,199.96,300
2026-07-16 09:31:54.731,NVDA,199.88,199.86,1600,199.85,1500,199.84,800,199.83,3600,199.82,2700,199.9,1900,199.91,800,199.92,4700,199.93,2700,199.94,1400
2026-07-16 09:31:55.041,NVDA,199.88,199.86,4600,199.85,4400,199.84,500,199.83,3100,199.82,4000,199.9,700,199.91,800,199.92,2900,199.93,600,199.94,2600
2026-07-16 09:31:55.280,NVDA,199.86,199.84,4900,199.83,4200,199.82,1400,199.81,4800,199.8,800,199.88,1500,199.89,2500,199.9,1800,199.91,3800,199.92,1300
2026-07-16 09:31:55.322,NVDA,199.86,199.84,2600,199.83,2400,199.82,3300,199.81,600,199.8,1200,199.88,3500,199.89,2600,199.9,2400,199.91,500,199.92,3600
2026-07-16 09:31:55.789,NVDA,199.86,199.84,300,199.83,4000,199.82,300,199.81,200,199.8,1800,199.88,3900,199.89,1100,199.9,3500,199.91,1500,199.92,2100
2026-07-16 09:31:56.256,NVDA,199.86,199.84,200,199.83,4500,199.82,4200,199.81,1900,199.8,3100,199.88,5000,199.89,3500,199.9,1400,199.91,2600,199.92,3100
2026-07-16 09:31:56.357,NVDA,199.84,199.82,1500,199.81,2600,199.8,1400,199.79,3500,199.78,2100,199.86,4000,199.87,1000,199.88,2100,199.89,2400,199.9,1400
2026-07-16 09:31:56.735,NVDA,199.86,199.84,3000,199.83,2600,199.82,300,199.81,800,199.8,2400,199.88,1500,199.89,3500,199.9,1500,199.91,200,199.92,1600
2026-07-16 09:31:56.770,NVDA,199.88,199.86,3400,199.85,2900,199.84,2600,199.83,1300,199.82,500,199.9,2100,199.91,2600,199.92,4900,199.93,4700,199.94,4700
2026-07-16 09:31:56.891,NVDA,199.9,199.88,4200,199.87,1200,199.86,2600,199.85,3000,199.84,1200,199.92,1400,199.93,1300,199.94,1000,199.95,1800,199.96,1100
2026-07-16 09:31:57.100,NVDA,199.91,199.89,3200,199.88,2000,199.87,1100,199.86,4100,199.85,2600,199.93,400,199.94,2000,199.95,4400,199.96,5000,199.97,1000
2026-07-16 09:31:57.340,NVDA,199.93,199.91,1700,199.9,2500,199.89,4400,199.88,1400,199.87,500,199.95,2300,199.96,2400,199.97,2100,199.98,4100,199.99,3700
2026-07-16 09:31:57.732,NVDA,199.95,199.93,1900,199.92,900,199.91,5000,199.9,3200,199.89,3800,199.97,2200,199.98,2600,199.99,100,200.0,5000,200.01,500
2026-07-16 09:31:58.092,NVDA,199.94,199.92,200,199.91,200,199.9,1200,199.89,2700,199.88,4000,199.96,3900,199.97,300,199.98,800,199.99,4300,200.0,4900
2026-07-16 09:31:58.536,NVDA,199.93,199.91,3000,199.9,1300,199.89,2200,199.88,3000,199.87,300,199.95,4300,199.96,600,199.97,4800,199.98,300,199.99,2800
2026-07-16 09:31:58.937,NVDA,199.93,199.91,3000,199.9,1900,199.89,100,199.88,3200,199.87,800,199.95,3100,199.96,1800,199.97,4900,199.98,3900,199.99,600
2026-07-16 09:31:59.148,NVDA,199.95,199.93,1900,199.92,700,199.91,3800,199.9,2000,199.89,4000,199.97,3200,199.98,500,199.99,3900,200.0,1600,200.01,2400
2026-07-16 09:31:59.328,NVDA,199.94,199.92,3800,199.91,900,199.9,1600,199.89,4000,199.88,1800,199.96,4500,199.97,2300,199.98,4800,199.99,2000,200.0,3300
2026-07-16 09:31:59.803,NVDA,199.93,199.91,2400,199.9,3600,199.89,1100,199.88,700,199.87,1700,199.95,5000,199.96,4300,199.97,4600,199.98,3600,199.99,3000
2026-07-16 09:31:59.886,NVDA,199.92,199.9,3700,199.89,3300,199.88,2300,199.87,1400,199.86,4900,199.94,5000,199.95,3800,199.96,3500,199.97,3500,199.98,2900
2026-07-16 09:32:00.165,NVDA,199.9,199.88,1200,199.87,3700,199.86,400,199.85,2300,199.84,4500,199.92,700,199.93,500,199.94,400,199.95,3400,199.96,1500
2026-07-16 09:32:00.227,NVDA,199.9,199.88,1300,199.87,2500,199.86,500,199.85,2200,199.84,1300,199.92,4400,199.93,1700,199.94,700,199.95,1800,199.96,500
2026-07-16 09:32:00.583,NVDA,199.91,199.89,3600,199.88,2200,199.87,3800,199.86,1600,199.85,4900,199.93,1200,199.94,300,199.95,2200,199.96,400,199.97,1800
2026-07-16 09:32:00.945,NVDA,199.93,199.91,3600,199.9,2200,199.89,2100,199.88,1800,199.87,600,199.95,500,199.96,1900,199.97,4700,199.98,3600,199.99,800
2026-07-16 09:32:01.432,NVDA,199.92,199.9,4100,199.89,900,199.88,4200,199.87,400,199.86,1100,199.94,400,199.95,600,199.96,4800,199.97,800,199.98,500
2026-07-16 09:32:01.645,NVDA,199.9,199.88,500,199.87,3900,199.86,2000,199.85,2300,199.84,1000,199.92,1300,199.93,4600,199.94,2900,199.95,3500,199.96,100
2026-07-16 09:32:01.988,NVDA,199.9,199.88,2500,199.87,800,199.86,3300,199.85,2900,199.84,3100,199.92,4600,199.93,2900,199.94,5000,199.95,1500,199.96,2300
2026-07-16 09:32:02.352,NVDA,199.92,199.9,4400,199.89,3700,199.88,3700,199.87,2500,199.86,3500,199.94,2600,199.95,300,199.96,5000,199.97,2500,199.98,1100
2026-07-16 09:32:02.441,NVDA,199.92,199.9,800,199.89,4500,199.88,3000,199.87,4000,199.86,900,199.94,2300,199.95,2100,199.96,4200,199.97,3500,199.98,2800
2026-07-16 09:32:02.676,NVDA,199.92,199.9,100,199.89,4400,199.88,2100,199.87,3600,199.86,4500,199.94,3000,199.95,1500,199.96,1800,199.97,3500,199.98,1600
2026-07-16 09:32:02.918,NVDA,199.9,199.88,1000,199.87,3500,199.86,1800,199.85,4600,199.84,2800,199.92,1300,199.93,2100,199.94,2800,199.95,600,199.96,3800
2026-07-16 09:32:03.142,NVDA,199.92,199.9,3200,199.89,1000,199.88,2100,199.87,3600,199.86,500,199.94,400,199.95,1900,199.96,1200,199.97,3700,199.98,4500
2026-07-16 09:32:03.208,NVDA,199.91,199.89,700,199.88,1500,199.87,1900,199.86,1800,199.85,1300,199.93,4100,199.94,3900,199.95,1700,199.96,900,199.97,4700
2026-07-16 09:32:03.541,NVDA,199.93,199.91,4400,199.9,1300,199.89,2200,199.88,500,199.87,3200,199.95,4500,199.96,1400,199.97,4200,199.98,2800,199.99,3300
2026-07-16 09:32:03.657,NVDA,199.95,199.93,2100,199.92,700,199.91,4400,199.9,3700,199.89,2000,199.97,3000,199.98,1500,199.99,1300,200.0,700,200.01,1400
2026-07-16 09:32:03.992,NVDA,199.94,199.92,2100,199.91,1000,199.9,800,199.89,2000,199.88,1100,199.96,2400,199.97,4700,199.98,3000,199.99,3400,200.0,200
2026-07-16 09:32:04.206,NVDA,199.96,199.94,2500,199.93,700,199.92,3400,199.91,1100,199.9,3200,199.98,1000,199.99,4200,200.0,4300,200.01,1300,200.02,800
2026-07-16 09:32:04.234,NVDA,199.96,199.94,1100,199.93,4700,199.92,4700,199.91,3800,199.9,2500,199.98,4900,199.99,1600,200.0,400,200.01,3800,200.02,1200
2026-07-16 09:32:04.500,NVDA,199.97,199.95,3700,199.94,1400,199.93,2300,199.92,2600,199.91,2800,199.99,1900,200.0,4100,200.01,2800,200.02,2100,200.03,4700
2026-07-16 09:32:04.782,NVDA,199.99,199.97,700,199.96,1100,199.95,4900,199.94,4500,199.93,4500,200.01,5000,200.02,1800,200.03,1100,200.04,2800,200.05,3800
2026-07-16 09:32:05.056,NVDA,199.98,199.96,3800,199.95,3800,199.94,400,199.93,1700,199.92,1100,200.0,500,200.01,1200,200.02,4500,200.03,1900,200.04,1800
2026-07-16 09:32:05.477,NVDA,199.99,199.97,2300,199.96,4300,199.95,800,199.94,900,199.93,3500,200.01,2400,200.02,2100,200.03,1100,200.04,4100,200.05,4000
2026-07-16 09:32:05.659,NVDA,199.97,199.95,4800,199.94,2900,199.93,1400,199.92,700,199.91,5000,199.99,100,200.0,4000,200.01,2300,200.02,4800,200.03,2800
2026-07-16 09:32:05.891,NVDA,199.96,199.94,1800,199.93,2900,199.92,3600,199.91,1200,199.9,2300,199.98,2700,199.99,4900,200.0,3900,200.01,4700,200.02,2800
2026-07-16 09:32:06.144,NVDA,199.95,199.93,200,199.92,2900,199.91,400,199.9,2200,199.89,500,199.97,2300,199.98,3800,199.99,4400,200.0,4500,200.01,4600
2026-07-16 09:32:06.274,NVDA,199.94,199.92,2400,199.91,1400,199.9,4800,199.89,4600,199.88,3900,199.96,4900,199.97,3400,199.98,4800,199.99,4400,200.0,4100
2026-07-16 09:32:06.358,NVDA,199.93,199.91,3800,199.9,1500,199.89,4800,199.88,1300,199.87,4600,199.95,2500,199.96,600,199.97,4400,199.98,4500,199.99,4600
2026-07-16 09:32:06.630,NVDA,199.92,199.9,1900,199.89,100,199.88,1500,199.87,1200,199.86,3200,199.94,1200,199.95,3500,199.96,400,199.97,1300,199.98,3500
2026-07-16 09:32:06.793,NVDA,199.91,199.89,300,199.88,4000,199.87,4200,199.86,400,199.85,1400,199.93,4700,199.94,900,199.95,2200,199.96,4600,199.97,4300
2026-07-16 09:32:07.129,NVDA,199.9,199.88,2800,199.87,4300,199.86,4100,199.85,2500,199.84,500,199.92,3000,199.93,3500,199.94,1000,199.95,4700,199.96,1300
2026-07-16 09:32:07.201,NVDA,199.88,199.86,1900,199.85,2900,199.84,3100,199.83,4700,199.82,200,199.9,4700,199.91,4800,199.92,3300,199.93,2100,199.94,2400
2026-07-16 09:32:07.422,NVDA,199.89,199.87,3100,199.86,500,199.85,3300,199.84,3500,199.83,2100,199.91,4500,199.92,2500,199.93,3600,199.94,400,199.95,2900
2026-07-16 09:32:07.485,NVDA,199.87,199.85,2700,199.84,3600,199.83,100,199.82,3000,199.81,1200,199.89,1500,199.9,1600,199.91,2700,199.92,500,199.93,200
2026-07-16 09:32:07.824,NVDA,199.86,199.84,600,199.83,4700,199.82,2500,199.81,200,199.8,5000,199.88,4500,199.89,4100,199.9,200,199.91,2100,199.92,2700
2026-07-16 09:32:08.046,NVDA,199.84,199.82,300,199.81,4300,199.8,4300,199.79,2500,199.78,300,199.86,2200,199.87,2100,199.88,3400,199.89,300,199.9,4100
2026-07-16 09:32:08.501,NVDA,199.85,199.83,4700,199.82,100,199.81,4300,199.8,3600,199.79,800,199.87,3500,199.88,4600,199.89,5000,199.9,4200,199.91,1100
2026-07-16 09:32:08.884,NVDA,199.84,199.82,1400,199.81,200,199.8,3300,199.79,1400,199.78,2600,199.86,2800,199.87,3700,199.88,2600,199.89,900,199.9,2500
2026-07-16 09:32:09.229,NVDA,199.84,199.82,4100,199.81,2000,199.8,2800,199.79,500,199.78,1900,199.86,1600,199.87,1000,199.88,800,199.89,3600,199.9,3000
2026-07-16 09:32:09.504,NVDA,199.84,199.82,700,199.81,500,199.8,1700,199.79,2400,199.78,5000,199.86,3000,199.87,5000,199.88,1600,199.89,1700,199.9,3900
2026-07-16 09:32:09.910,NVDA,199.85,199.83,3400,199.82,500,199.81,3200,199.8,2600,199.79,1900,199.87,2100,199.88,1100,199.89,1600,199.9,3300,199.91,3600
2026-07-16 09:32:10.224,NVDA,199.86,199.84,3000,199.83,3400,199.82,5000,199.81,2300,199.8,4400,199.88,2300,199.89,900,199.9,3500,199.91,3100,199.92,3300
2026-07-16 09:32:10.603,NVDA,199.86,199.84,2900,199.83,4700,199.82,2600,199.81,4400,199.8,700,199.88,4900,199.89,3500,199.9,2500,199.91,1600,199.92,1900
2026-07-16 09:32:10.878,NVDA,199.88,199.86,4900,199.85,4000,199.84,2000,199.83,1700,199.82,1300,199.9,1000,199.91,2700,199.92,3300,199.93,2100,199.94,1500
2026-07-16 09:32:10.984,NVDA,199.89,199.87,4200,199.86,4900,199.85,1700,199.84,3600,199.83,2200,199.91,3700,199.92,5000,199.93,1500,199.94,4600,199.95,4200
2026-07-16 09:32:11.254,NVDA,199.9,199.88,2700,199.87,2000,199.86,3000,199.85,100,199.84,200,199.92,2200,199.93,2900,199.94,800,199.95,2000,199.96,1300
2026-07-16 09:32:11.518,NVDA,199.9,199.88,600,199.87,600,199.86,500,199.85,2700,199.84,2300,199.92,800,199.93,4800,199.94,4800,199.95,1600,199.96,2400
2026-07-16 09:32:11.713,NVDA,199.88,199.86,2200,199.85,4400,199.84,4700,199.83,1800,199.82,4600,199.9,3300,199.91,400,199.92,1800,199.93,800,199.94,2500
2026-07-16 09:32:12.085,NVDA,199.89,199.87,1900,199.86,1800,199.85,3500,199.84,300,199.83,2400,199.91,1900,199.92,4600,199.93,2500,199.94,700,199.95,2700
2026-07-16 09:32:12.122,NVDA,199.9,199.88,4600,199.87,4400,199.86,1000,199.85,1500,199.84,4500,199.92,1700,199.93,4200,199.94,1100,199.95,2500,199.96,600
2026-07-16 09:32:12.261,NVDA,199.89,199.87,4200,199.86,4100,199.85,1700,199.84,4200,199.83,1200,199.91,1000,199.92,2800,199.93,1900,199.94,4300,199.95,4900
2026-07-16 09:32:12.479,NVDA,199.89,199.87,4200,199.86,600,199.85,2500,199.84,2400,199.83,500,199.91,1900,199.92,2600,199.93,5000,199.94,1600,199.95,1900
2026-07-16 09:32:12.496,NVDA,199.88,199.86,4700,199.85,1500,199.84,2200,199.83,1600,199.82,4100,199.9,4300,199.91,2200,199.92,4900,199.93,500,199.94,1000
2026-07-16 09:32:12.698,NVDA,199.87,199.85,4800,199.84,300,199.83,2900,199.82,300,199.81,1700,199.89,500,199.9,4700,199.91,700,199.92,3000,199.93,3000
2026-07-16 09:32:13.114,NVDA,199.86,199.84,1000,199.83,2100,199.82,1500,199.81,1300,199.8,3600,199.88,4900,199.89,3000,199.9,1000,199.91,4300,199.92,1900
2026-07-16 09:32:13.275,NVDA,199.85,199.83,100,199.82,4700,199.81,4200,199.8,200,199.79,2800,199.87,3400,199.88,500,199.89,200,199.9,2600,199.91,2200
2026-07-16 09:32:13.662,NVDA,199.86,199.84,1400,199.83,2700,199.82,4500,199.81,2400,199.8,400,199.88,3600,199.89,500,199.9,4600,199.91,1600,199.92,2000
2026-07-16 09:32:14.109,NVDA,199.87,199.85,600,199.84,3800,199.83,3600,199.82,4800,199.81,2700,199.89,3200,199.9,3200,199.91,3100,199.92,1700,199.93,1700
2026-07-16 09:32:14.375,NVDA,199.87,199.85,4500,199.84,2300,199.83,500,199.82,1000,199.81,4400,199.89,5000,199.9,1600,199.91,1200,199.92,3700,199.93,3100
2026-07-16 09:32:14.484,NVDA,199.86,199.84,5000,199.83,400,199.82,4500,199.81,3500,199.8,2700,199.88,1200,199.89,4100,199.9,3100,199.91,800,199.92,1600
2026-07-16 09:32:14.840,NVDA,199.87,199.85,2600,199.84,400,199.83,300,199.82,4900,199.81,3200,199.89,500,199.9,500,199.91,3400,199.92,4700,199.93,4800
2026-07-16 09:32:14.924,NVDA,199.85,199.83,400,199.82,1600,199.81,1000,199.8,100,199.79,4400,199.87,2200,199.88,4100,199.89,800,199.9,4700,199.91,1100
2026-07-16 09:32:15.083,NVDA,199.85,199.83,1900,199.82,4100,199.81,2800,199.8,1100,199.79,3800,199.87,2900,199.88,3700,199.89,3600,199.9,4000,199.91,3000
2026-07-16 09:32:15.430,NVDA,199.84,199.82,3400,199.81,4100,199.8,3100,199.79,2100,199.78,4900,199.86,1800,199.87,3600,199.88,3900,199.89,5000,199.9,4900
2026-07-16 09:32:15.567,NVDA,199.83,199.81,700,199.8,300,199.79,200,199.78,4300,199.77,900,199.85,2100,199.86,200,199.87,4800,199.88,1900,199.89,4000
2026-07-16 09:32:15.802,NVDA,199.83,199.81,3100,199.8,1000,199.79,1100,199.78,400,199.77,2000,199.85,2900,199.86,900,199.87,3000,199.88,1900,199.89,1100
2026-07-16 09:32:15.822,NVDA,199.84,199.82,200,199.81,4100,199.8,1200,199.79,2300,199.78,2700,199.86,1000,199.87,3400,199.88,2700,199.89,4800,199.9,800
2026-07-16 09:32:16.265,NVDA,199.83,199.81,1200,199.8,4700,199.79,1500,199.78,2000,199.77,4700,199.85,2300,199.86,1600,199.87,4900,199.88,2200,199.89,1700
2026-07-16 09:32:16.396,NVDA,199.82,199.8,2900,199.79,4500,199.78,1600,199.77,3200,199.76,500,199.84,3600,199.85,1500,199.86,2100,199.87,4500,199.88,300
2026-07-16 09:32:16.691,NVDA,199.81,199.79,900,199.78,1800,199.77,5000,199.76,3200,199.75,4400,199.83,200,199.84,3100,199.85,3500,199.86,3900,199.87,1200
2026-07-16 09:32:16.908,NVDA,199.81,199.79,2900,199.78,3100,199.77,4800,199.76,3800,199.75,600,199.83,500,199.84,4600,199.85,2200,199.86,2500,199.87,400
2026-07-16 09:32:17.021,NVDA,199.82,199.8,4800,199.79,3400,199.78,2400,199.77,1600,199.76,2700,199.84,2700,199.85,3200,199.86,300,199.87,4800,199.88,2200
2026-07-16 09:32:17.159,NVDA,199.81,199.79,3700,199.78,1100,199.77,1400,199.76,100,199.75,2000,199.83,2500,199.84,1200,199.85,500,199.86,3000,199.87,2600
2026-07-16 09:32:17.197,NVDA,199.83,199.81,400,199.8,1200,199.79,300,199.78,1700,199.77,200,199.85,3300,199.86,1700,199.87,200,199.88,1800,199.89,700
2026-07-16 09:32:17.626,NVDA,199.84,199.82,1800,199.81,900,199.8,1400,199.79,4700,199.78,4800,199.86,800,199.87,3300,199.88,1200,199.89,3700,199.9,4500
2026-07-16 09:32:18.074,NVDA,199.83,199.81,2300,199.8,600,199.79,700,199.78,5000,199.77,4300,199.85,4300,199.86,3600,199.87,2900,199.88,400,199.89,2400
2026-07-16 09:32:18.462,NVDA,199.82,199.8,3600,199.79,1400,199.78,4300,199.77,300,199.76,3700,199.84,1100,199.85,800,199.86,1600,199.87,1200,199.88,900
2026-07-16 09:32:18.620,NVDA,199.83,199.81,4700,199.8,4000,199.79,3100,199.78,2200,199.77,3600,199.85,1100,199.86,500,199.87,4900,199.88,1000,199.89,4800
2026-07-16 09:32:18.955,NVDA,199.83,199.81,3000,199.8,3500,199.79,1400,199.78,3100,199.77,4100,199.85,4500,199.86,2100,199.87,2200,199.88,1000,199.89,3700
2026-07-16 09:32:19.173,NVDA,199.83,199.81,1000,199.8,4700,199.79,3200,199.78,900,199.77,4400,199.85,2800,199.86,3500,199.87,2600,199.88,2300,199.89,2400
2026-07-16 09:32:19.228,NVDA,199.81,199.79,700,199.78,100,199.77,2900,199.76,1500,199.75,3500,199.83,300,199.84,2500,199.85,4900,199.86,2400,199.87,600
2026-07-16 09:32:19.613,NVDA,199.82,199.8,1200,199.79,4900,199.78,200,199.77,2000,199.76,4300,199.84,200,199.85,2900,199.86,600,199.87,1500,199.88,1300
2026-07-16 09:32:19.838,NVDA,199.81,199.79,3600,199.78,800,199.77,500,199.76,3300,199.75,3600,199.83,3200,199.84,4000,199.85,4000,199.86,3500,199.87,3900
2026-07-16 09:32:20.326,NVDA,199.81,199.79,2800,199.78,3600,199.77,2100,199.76,900,199.75,3600,199.83,3700,199.84,1400,199.85,3000,199.86,4100,199.87,1800
2026-07-16 09:32:20.642,NVDA,199.79,199.77,1100,199.76,2100,199.75,4800,199.74,1800,199.73,4800,199.81,4600,199.82,2800,199.83,500,199.84,2300,199.85,500
2026-07-16 09:32:20.797,NVDA,199.79,199.77,3400,199.76,4800,199.75,500,199.74,4000,199.73,1700,199.81,300,199.82,300,199.83,3200,199.84,1400,199.85,3200
2026-07-16 09:32:21.205,NVDA,199.8,199.78,4000,199.77,1400,199.76,1100,199.75,1900,199.74,1500,199.82,2300,199.83,3900,199.84,3800,199.85,800,199.86,2100
2026-07-16 09:32:21.700,NVDA,199.78,199.76,2400,199.75,400,199.74,4200,199.73,4200,199.72,1100,199.8,4200,199.81,1500,199.82,4600,199.83,900,199.84,1700
2026-07-16 09:32:21.757,NVDA,199.77,199.75,800,199.74,2800,199.73,100,199.72,4800,199.71,2100,199.79,4000,199.8,600,199.81,2000,199.82,300,199.83,2200
2026-07-16 09:32:21.803,NVDA,199.79,199.77,4300,199.76,200,199.75,2400,199.74,1600,199.73,3700,199.81,4200,199.82,3700,199.83,2400,199.84,1000,199.85,2700
2026-07-16 09:32:22.202,NVDA,199.79,199.77,4200,199.76,200,199.75,4000,199.74,200,199.73,1900,199.81,900,199.82,2200,199.83,900,199.84,800,199.85,2400
2026-07-16 09:32:22.221,NVDA,199.78,199.76,1200,199.75,700,199.74,1300,199.73,2300,199.72,3200,199.8,2800,199.81,2000,199.82,4100,199.83,3400,199.84,3700
2026-07-16 09:32:22.308,NVDA,199.79,199.77,3200,199.76,2000,199.75,700,199.74,800,199.73,700,199.81,2400,199.82,3900,199.83,400,199.84,2000,199.85,4000
2026-07-16 09:32:22.714,NVDA,199.81,199.79,4500,199.78,4300,199.77,3500,199.76,700,199.75,2200,199.83,2700,199.84,4700,199.85,1900,199.86,1200,199.87,4900
2026-07-16 09:32:23.020,NVDA,199.8,199.78,900,199.77,4000,199.76,1900,199.75,3400,199.74,2800,199.82,2200,199.83,2400,199.84,1200,199.85,3200,199.86,3500
2026-07-16 09:32:23.452,NVDA,199.78,199.76,2300,199.75,4600,199.74,4200,199.73,600,199.72,4000,199.8,2200,199.81,1700,199.82,1200,199.83,2200,199.84,4300
2026-07-16 09:32:23.644,NVDA,199.76,199.74,4500,199.73,1600,199.72,3200,199.71,3000,199.7,400,199.78,3200,199.79,2600,199.8,1900,199.81,5000,199.82,2700
2026-07-16 09:32:23.830,NVDA,199.77,199.75,2000,199.74,700,199.73,700,199.72,300,199.71,2300,199.79,800,199.8,1200,199.81,3600,199.82,200,199.83,4800
2026-07-16 09:32:23.841,NVDA,199.76,199.74,2900,199.73,4700,199.72,4600,199.71,600,199.7,4800,199.78,3500,199.79,3900,199.8,3400,199.81,4200,199.82,1500
2026-07-16 09:32:24.029,NVDA,199.74,199.72,3900,199.71,2400,199.7,700,199.69,200,199.68,2500,199.76,3600,199.77,2300,199.78,1500,199.79,1500,199.8,1800
2026-07-16 09:32:24.485,NVDA,199.73,199.71,2600,199.7,2300,199.69,3900,199.68,2200,199.67,3600,199.75,3700,199.76,2400,199.77,3800,199.78,2200,199.79,1800
2026-07-16 09:32:24.604,NVDA,199.72,199.7,1900,199.69,100,199.68,4000,199.67,1700,199.66,4000,199.74,1000,199.75,3200,199.76,2100,199.77,1200,199.78,4900
2026-07-16 09:32:24.796,NVDA,199.73,199.71,1900,199.7,200,199.69,4400,199.68,1800,199.67,5000,199.75,400,199.76,3100,199.77,1900,199.78,3000,199.79,4500
2026-07-16 09:32:25.039,NVDA,199.74,199.72,3400,199.71,2800,199.7,300,199.69,1700,199.68,2600,199.76,1900,199.77,300,199.78,1400,199.79,2600,199.8,2400
2026-07-16 09:32:25.261,NVDA,199.73,199.71,3700,199.7,3500,199.69,500,199.68,4200,199.67,400,199.75,800,199.76,2000,199.77,1600,199.78,3000,199.79,2900
2026-07-16 09:32:25.300,NVDA,199.71,199.69,800,199.68,4600,199.67,2100,199.66,700,199.65,600,199.73,500,199.74,2800,199.75,1400,199.76,800,199.77,2500
2026-07-16 09:32:25.703,NVDA,199.73,199.71,500,199.7,1300,199.69,3300,199.68,4700,199.67,3300,199.75,5000,199.76,1400,199.77,200,199.78,2800,199.79,2600
2026-07-16 09:32:26.127,NVDA,199.73,199.71,1800,199.7,500,199.69,700,199.68,1400,199.67,400,199.75,2200,199.76,2500,199.77,2500,199.78,2700,199.79,4000
2026-07-16 09:32:26.367,NVDA,199.71,199.69,2000,199.68,1700,199.67,2600,199.66,4000,199.65,2600,199.73,1500,199.74,3600,199.75,4700,199.76,1800,199.77,5000
2026-07-16 09:32:26.463,NVDA,199.7,199.68,4700,199.67,4100,199.66,2500,199.65,4400,199.64,1500,199.72,3000,199.73,4900,199.74,3900,199.75,1400,199.76,4700
2026-07-16 09:32:26.517,NVDA,199.72,199.7,2600,199.69,3200,199.68,4100,199.67,4200,199.66,4500,199.74,2500,199.75,2100,199.76,3000,199.77,4200,199.78,800
2026-07-16 09:32:26.581,NVDA,199.73,199.71,3500,199.7,1900,199.69,3300,199.68,2400,199.67,4900,199.75,4400,199.76,3500,199.77,400,199.78,3300,199.79,1900
2026-07-16 09:32:26.857,NVDA,199.71,199.69,600,199.68,3000,199.67,700,199.66,700,199.65,500,199.73,1400,199.74,3800,199.75,3800,199.76,4300,199.77,1400
2026-07-16 09:32:26.976,NVDA,199.69,199.67,3000,199.66,1100,199.65,800,199.64,3200,199.63,4300,199.71,3600,199.72,3200,199.73,2400,199.74,2300,199.75,900
2026-07-16 09:32:27.094,NVDA,199.68,199.66,3900,199.65,4500,199.64,3400,199.63,4300,199.62,3700,199.7,2000,199.71,2400,199.72,2200,199.73,2600,199.74,2000
2026-07-16 09:32:27.513,NVDA,199.68,199.66,5000,199.65,4300,199.64,600,199.63,800,199.62,1300,199.7,1300,199.71,5000,199.72,3100,199.73,2000,199.74,900
2026-07-16 09:32:27.860,NVDA,199.7,199.68,4400,199.67,4500,199.66,800,199.65,2300,199.64,4800,199.72,4100,199.73,1000,199.74,2900,199.75,1100,199.76,3200
2026-07-16 09:32:28.051,NVDA,199.71,199.69,2200,199.68,900,199.67,3000,199.66,2400,199.65,3500,199.73,3600,199.74,4300,199.75,1200,199.76,900,199.77,4400
2026-07-16 09:32:28.454,NVDA,199.72,199.7,2000,199.69,1500,199.68,1100,199.67,1100,199.66,800,199.74,3900,199.75,3400,199.76,1700,199.77,200,199.78,3000
2026-07-16 09:32:28.854,NVDA,199.71,199.69,4600,199.68,3500,199.67,900,199.66,2200,199.65,4900,199.73,1800,199.74,4600,199.75,200,199.76,3500,199.77,900
2026-07-16 09:32:29.011,NVDA,199.73,199.71,3800,199.7,3500,199.69,100,199.68,4000,199.67,3300,199.75,800,199.76,2500,199.77,600,199.78,4600,199.79,200
2026-07-16 09:32:29.145,NVDA,199.75,199.73,3000,199.72,4600,199.71,1100,199.7,600,199.69,3900,199.77,4300,199.78,2300,199.79,1200,199.8,3800,199.81,4300
2026-07-16 09:32:29.593,NVDA,199.76,199.74,1100,199.73,4800,199.72,500,199.71,4800,199.7,4000,199.78,1600,199.79,2600,199.8,4300,199.81,3200,199.82,3800
2026-07-16 09:32:30.032,NVDA,199.76,199.74,3900,199.73,1200,199.72,700,199.71,2900,199.7,2100,199.78,2600,199.79,1700,199.8,1300,199.81,3500,199.82,3100
2026-07-16 09:32:30.255,NVDA,199.75,199.73,4400,199.72,2700,199.71,1700,199.7,300,199.69,1100,199.77,1100,199.78,3000,199.79,2400,199.8,3200,199.81,3700
2026-07-16 09:32:30.600,NVDA,199.77,199.75,4600,199.74,2800,199.73,2500,199.72,500,199.71,3700,199.79,1900,199.8,3300,199.81,4900,199.82,4600,199.83,4800
2026-07-16 09:32:30.829,NVDA,199.77,199.75,1100,199.74,3200,199.73,1500,199.72,2500,199.71,1600,199.79,4000,199.8,3200,199.81,100,199.82,2600,199.83,3000
2026-07-16 09:32:31.295,NVDA,199.78,199.76,3100,199.75,1200,199.74,1600,199.73,4500,199.72,4200,199.8,600,199.81,2300,199.82,2300,199.83,800,199.84,500
2026-07-16 09:32:31.347,NVDA,199.8,199.78,1400,199.77,3600,199.76,2500,199.75,1300,199.74,1400,199.82,3100,199.83,1500,199.84,4300,199.85,4300,199.86,1800
2026-07-16 09:32:31.688,NVDA,199.8,199.78,3600,199.77,5000,199.76,800,199.75,4500,199.74,4300,199.82,700,199.83,2500,199.84,700,199.85,3100,199.86,800
2026-07-16 09:32:31.768,NVDA,199.79,199.77,4000,199.76,4900,199.75,2200,199.74,2300,199.73,4000,199.81,2600,199.82,4600,199.83,3000,199.84,1600,199.85,3700
2026-07-16 09:32:31.858,NVDA,199.79,199.77,3900,199.76,3200,199.75,3600,199.74,100,199.73,1400,199.81,4500,199.82,1400,199.83,5000,199.84,500,199.85,3500
2026-07-16 09:32:31.967,NVDA,199.78,199.76,3400,199.75,2000,199.74,5000,199.73,800,199.72,900,199.8,4000,199.81,4800,199.82,1100,199.83,500,199.84,1600
2026-07-16 09:32:32.368,NVDA,199.8,199.78,4600,199.77,2100,199.76,2300,199.75,200,199.74,1300,199.82,1500,199.83,3600,199.84,2800,199.85,3100,199.86,4600
2026-07-16 09:32:32.562,NVDA,199.82,199.8,4800,199.79,500,199.78,3500,199.77,4800,199.76,500,199.84,4600,199.85,3800,199.86,4500,199.87,2500,199.88,1700
2026-07-16 09:32:32.784,NVDA,199.82,199.8,1700,199.79,1300,199.78,2100,199.77,1400,199.76,4900,199.84,600,199.85,4400,199.86,4700,199.87,100,199.88,300
2026-07-16 09:32:32.832,NVDA,199.8,199.78,2600,199.77,2100,199.76,700,199.75,2700,199.74,400,199.82,2500,199.83,1800,199.84,400,199.85,200,199.86,2600
2026-07-16 09:32:33.117,NVDA,199.81,199.79,2700,199.78,4600,199.77,3200,199.76,2800,199.75,4300,199.83,2900,199.84,3200,199.85,3800,199.86,100,199.87,200
2026-07-16 09:32:33.244,NVDA,199.82,199.8,4500,199.79,5000,199.78,1300,199.77,1100,199.76,2600,199.84,3200,199.85,3100,199.86,1200,199.87,1400,199.88,2600
2026-07-16 09:32:33.580,NVDA,199.82,199.8,1500,199.79,900,199.78,400,199.77,3400,199.76,1600,199.84,3500,199.85,2900,199.86,1100,199.87,200,199.88,1200
2026-07-16 09:32:33.862,NVDA,199.82,199.8,2300,199.79,2000,199.78,1000,199.77,2000,199.76,1400,199.84,4300,199.85,300,199.86,4900,199.87,800,199.88,3400
2026-07-16 09:32:34.201,NVDA,199.84,199.82,2400,199.81,800,199.8,4000,199.79,2000,199.78,200,199.86,3300,199.87,100,199.88,2000,199.89,2900,199.9,1700
2026-07-16 09:32:34.577,NVDA,199.86,199.84,1900,199.83,4400,199.82,3800,199.81,3400,199.8,4900,199.88,2800,199.89,4300,199.9,600,199.91,700,199.92,600
2026-07-16 09:32:34.670,NVDA,199.85,199.83,4800,199.82,1500,199.81,4200,199.8,3700,199.79,300,199.87,4900,199.88,1000,199.89,3200,199.9,2900,199.91,700
2026-07-16 09:32:34.777,NVDA,199.85,199.83,1800,199.82,3900,199.81,100,199.8,1400,199.79,2400,199.87,3800,199.88,1300,199.89,3900,199.9,4000,199.91,4300
2026-07-16 09:32:35.207,NVDA,199.84,199.82,900,199.81,2600,199.8,2900,199.79,2100,199.78,1300,199.86,3900,199.87,800,199.88,1400,199.89,400,199.9,2000
2026-07-16 09:32:35.694,NVDA,199.82,199.8,600,199.79,3300,199.78,3600,199.77,2700,199.76,2600,199.84,2800,199.85,4000,199.86,4600,199.87,2400,199.88,1400
2026-07-16 09:32:35.708,NVDA,199.82,199.8,700,199.79,1100,199.78,1400,199.77,2200,199.76,1700,199.84,2700,199.85,1700,199.86,4100,199.87,2300,199.88,4300
2026-07-16 09:32:36.204,NVDA,199.84,199.82,3200,199.81,4100,199.8,3800,199.79,4800,199.78,3200,199.86,4800,199.87,2300,199.88,2500,199.89,4300,199.9,1200
2026-07-16 09:32:36.511,NVDA,199.85,199.83,4400,199.82,1000,199.81,400,199.8,2300,199.79,2300,199.87,4000,199.88,4900,199.89,5000,199.9,2800,199.91,4100
2026-07-16 09:32:36.732,NVDA,199.86,199.84,1000,199.83,1800,199.82,3600,199.81,700,199.8,500,199.88,2600,199.89,2800,199.9,300,199.91,1000,199.92,300
2026-07-16 09:32:37.045,NVDA,199.85,199.83,1100,199.82,3700,199.81,4600,199.8,3800,199.79,1300,199.87,2300,199.88,2500,199.89,2700,199.9,4300,199.91,700
2026-07-16 09:32:37.118,NVDA,199.83,199.81,400,199.8,2400,199.79,300,199.78,1200,199.77,2500,199.85,3800,199.86,400,199.87,2200,199.88,700,199.89,600
2026-07-16 09:32:37.340,NVDA,199.81,199.79,2600,199.78,4100,199.77,4600,199.76,3000,199.75,1100,199.83,2300,199.84,4700,199.85,600,199.86,1300,199.87,2900
2026-07-16 09:32:37.372,NVDA,199.83,199.81,1800,199.8,3000,199.79,100,199.78,3900,199.77,2900,199.85,1400,199.86,5000,199.87,3800,199.88,1600,199.89,2200
2026-07-16 09:32:37.808,NVDA,199.82,199.8,1000,199.79,1500,199.78,1200,199.77,1000,199.76,3800,199.84,800,199.85,1400,199.86,2000,199.87,1400,199.88,800
2026-07-16 09:32:38.151,NVDA,199.8,199.78,900,199.77,2900,199.76,3800,199.75,1300,199.74,3800,199.82,100,199.83,3400,199.84,4100,199.85,100,199.86,1600
2026-07-16 09:32:38.205,NVDA,199.82,199.8,1000,199.79,300,199.78,1700,199.77,3300,199.76,1200,199.84,4700,199.85,2500,199.86,700,199.87,3600,199.88,100
2026-07-16 09:32:38.260,NVDA,199.8,199.78,4400,199.77,1600,199.76,300,199.75,2000,199.74,3000,199.82,400,199.83,2800,199.84,800,199.85,2700,199.86,1000
2026-07-16 09:32:38.737,NVDA,199.78,199.76,1100,199.75,3500,199.74,2900,199.73,2500,199.72,1100,199.8,4100,199.81,4100,199.82,3800,199.83,1100,199.84,3000
2026-07-16 09:32:39.072,NVDA,199.78,199.76,5000,199.75,5000,199.74,1700,199.73,700,199.72,1300,199.8,4700,199.81,2500,199.82,1800,199.83,2900,199.84,3100
2026-07-16 09:32:39.094,NVDA,199.76,199.74,4100,199.73,1000,199.72,4600,199.71,3200,199.7,800,199.78,2400,199.79,5000,199.8,4200,199.81,1000,199.82,1900
2026-07-16 09:32:39.499,NVDA,199.77,199.75,2500,199.74,2600,199.73,2200,199.72,1100,199.71,1900,199.79,1400,199.8,4400,199.81,400,199.82,3400,199.83,1300
2026-07-16 09:32:39.956,NVDA,199.79,199.77,1600,199.76,1100,199.75,3600,199.74,3600,199.73,4200,199.81,3500,199.82,400,199.83,3200,199.84,500,199.85,4900
2026-07-16 09:32:40.036,NVDA,199.78,199.76,2900,199.75,2800,199.74,500,199.73,3400,199.72,4700,199.8,3200,199.81,2600,199.82,2400,199.83,3800,199.84,1900
2026-07-16 09:32:40.215,NVDA,199.79,199.77,1500,199.76,2600,199.75,3000,199.74,1100,199.73,3900,199.81,4900,199.82,4200,199.83,3700,199.84,3300,199.85,3000
2026-07-16 09:32:40.321,NVDA,199.77,199.75,1900,199.74,3500,199.73,400,199.72,500,199.71,1500,199.79,2100,199.8,4000,199.81,3200,199.82,1200,199.83,4500
2026-07-16 09:32:40.397,NVDA,199.78,199.76,1800,199.75,4300,199.74,3900,199.73,3600,199.72,4600,199.8,4600,199.81,4600,199.82,4000,199.83,4300,199.84,3900
2026-07-16 09:32:40.705,NVDA,199.79,199.77,4300,199.76,4100,199.75,2000,199.74,2900,199.73,3800,199.81,2600,199.82,3100,199.83,2900,199.84,3200,199.85,2100
2026-07-16 09:32:41.084,NVDA,199.8,199.78,2800,199.77,600,199.76,3100,199.75,2100,199.74,700,199.82,1000,199.83,500,199.84,1100,199.85,5000,199.86,1300
2026-07-16 09:32:41.458,NVDA,199.81,199.79,500,199.78,2400,199.77,2800,199.76,2600,199.75,4400,199.83,3800,199.84,2500,199.85,2200,199.86,2400,199.87,2500
2026-07-16 09:32:41.766,NVDA,199.79,199.77,1900,199.76,1700,199.75,4700,199.74,900,199.73,4700,199.81,2700,199.82,4700,199.83,800,199.84,2400,199.85,600
2026-07-16 09:32:41.994,NVDA,199.77,199.75,4900,199.74,3300,199.73,700,199.72,4300,199.71,3600,199.79,2700,199.8,400,199.81,100,199.82,2100,199.83,4000
2026-07-16 09:32:42.387,NVDA,199.76,199.74,4600,199.73,800,199.72,4000,199.71,2200,199.7,1700,199.78,3200,199.79,1100,199.8,3300,199.81,600,199.82,1500
2026-07-16 09:32:42.800,NVDA,199.78,199.76,3400,199.75,600,199.74,3700,199.73,300,199.72,2200,199.8,1400,199.81,2400,199.82,4100,199.83,4000,199.84,1700
2026-07-16 09:32:43.159,NVDA,199.76,199.74,3100,199.73,1500,199.72,500,199.71,1300,199.7,100,199.78,4100,199.79,4600,199.8,3200,199.81,1800,199.82,4300
2026-07-16 09:32:43.377,NVDA,199.77,199.75,1600,199.74,2400,199.73,1400,199.72,4900,199.71,2800,199.79,1700,199.8,1200,199.81,100,199.82,700,199.83,3300
2026-07-16 09:32:43.495,NVDA,199.75,199.73,3300,199.72,4300,199.71,300,199.7,4500,199.69,2400,199.77,4000,199.78,2200,199.79,900,199.8,2400,199.81,1600
2026-07-16 09:32:43.812,NVDA,199.75,199.73,900,199.72,4300,199.71,2800,199.7,4400,199.69,3100,199.77,4800,199.78,2200,199.79,2400,199.8,3300,199.81,1400
2026-07-16 09:32:44.191,NVDA,199.75,199.73,2100,199.72,3300,199.71,200,199.7,4300,199.69,3200,199.77,300,199.78,1700,199.79,3900,199.8,4300,199.81,1500
2026-07-16 09:32:44.363,NVDA,199.73,199.71,400,199.7,4900,199.69,500,199.68,4400,199.67,200,199.75,4000,199.76,4700,199.77,4800,199.78,1500,199.79,4500
2026-07-16 09:32:44.697,NVDA,199.72,199.7,1300,199.69,4200,199.68,4400,199.67,1400,199.66,300,199.74,4200,199.75,1200,199.76,1300,199.77,200,199.78,3800
2026-07-16 09:32:45.129,NVDA,199.73,199.71,1000,199.7,2200,199.69,3200,199.68,1100,199.67,3300,199.75,3300,199.76,1000,199.77,4400,199.78,1000,199.79,2200
2026-07-16 09:32:45.177,NVDA,199.73,199.71,2700,199.7,600,199.69,1600,199.68,3300,199.67,1000,199.75,2400,199.76,1400,199.77,3300,199.78,2000,199.79,2900
2026-07-16 09:32:45.194,NVDA,199.74,199.72,1100,199.71,2800,199.7,4900,199.69,3300,199.68,3400,199.76,500,199.77,1400,199.78,4500,199.79,3500,199.8,1800
2026-07-16 09:32:45.385,NVDA,199.75,199.73,3700,199.72,3300,199.71,2400,199.7,3100,199.69,3200,199.77,4600,199.78,4300,199.79,4000,199.8,1400,199.81,3200
2026-07-16 09:32:45.650,NVDA,199.74,199.72,500,199.71,2800,199.7,1000,199.69,1000,199.68,4900,199.76,2200,199.77,3800,199.78,3500,199.79,4400,199.8,3800
2026-07-16 09:32:45.955,NVDA,199.74,199.72,1800,199.71,3300,199.7,2600,199.69,1500,199.68,300,199.76,900,199.77,1600,199.78,1500,199.79,1400,199.8,3600
2026-07-16 09:32:46.207,NVDA,199.72,199.7,5000,199.69,3300,199.68,100,199.67,3800,199.66,4300,199.74,400,199.75,1300,199.76,4200,199.77,4300,199.78,1000
2026-07-16 09:32:46.218,NVDA,199.71,199.69,2300,199.68,2900,199.67,4200,199.66,3600,199.65,2900,199.73,100,199.74,100,199.75,1000,199.76,700,199.77,800
2026-07-16 09:32:46.565,NVDA,199.72,199.7,600,199.69,1700,199.68,2000,199.67,2900,199.66,3500,199.74,1900,199.75,4900,199.76,1500,199.77,900,199.78,4400
2026-07-16 09:32:47.021,NVDA,199.7,199.68,3900,199.67,4900,199.66,5000,199.65,400,199.64,700,199.72,800,199.73,4000,199.74,2300,199.75,1100,199.76,3300
2026-07-16 09:32:47.040,NVDA,199.69,199.67,700,199.66,2700,199.65,1100,199.64,100,199.63,2500,199.71,1000,199.72,2900,199.73,900,199.74,4600,199.75,2000
2026-07-16 09:32:47.502,NVDA,199.68,199.66,2800,199.65,1500,199.64,2100,199.63,2700,199.62,4600,199.7,3200,199.71,4200,199.72,3700,199.73,2500,199.74,3700
2026-07-16 09:32:47.906,NVDA,199.69,199.67,1400,199.66,4700,199.65,700,199.64,4100,199.63,200,199.71,2000,199.72,2900,199.73,4400,199.74,4300,199.75,3100
2026-07-16 09:32:48.219,NVDA,199.68,199.66,1000,199.65,1500,199.64,4100,199.63,1300,199.62,100,199.7,1900,199.71,2100,199.72,3100,199.73,800,199.74,3000
2026-07-16 09:32:48.524,NVDA,199.7,199.68,1600,199.67,1200,199.66,4100,199.65,4000,199.64,4100,199.72,100,199.73,2000,199.74,1600,199.75,4000,199.76,2400
2026-07-16 09:32:48.536,NVDA,199.69,199.67,1600,199.66,2500,199.65,1200,199.64,3800,199.63,1500,199.71,5000,199.72,1400,199.73,1400,199.74,200,199.75,1400
2026-07-16 09:32:48.784,NVDA,199.68,199.66,1400,199.65,300,199.64,4800,199.63,3400,199.62,2100,199.7,1000,199.71,3900,199.72,1400,199.73,4300,199.74,4600
2026-07-16 09:32:49.193,NVDA,199.7,199.68,1100,199.67,3700,199.66,2700,199.65,1800,199.64,2900,199.72,2300,199.73,2300,199.74,3700,199.75,2900,199.76,1400
2026-07-16 09:32:49.328,NVDA,199.71,199.69,2800,199.68,1200,199.67,4000,199.66,3000,199.65,1600,199.73,4700,199.74,4100,199.75,4200,199.76,1400,199.77,3200
2026-07-16 09:32:49.695,NVDA,199.69,199.67,500,199.66,4200,199.65,4900,199.64,2900,199.63,5000,199.71,2700,199.72,3800,199.73,3500,199.74,2800,199.75,3200
2026-07-16 09:32:49.760,NVDA,199.7,199.68,2900,199.67,3200,199.66,2900,199.65,1400,199.64,4100,199.72,3500,199.73,2200,199.74,700,199.75,2100,199.76,300
2026-07-16 09:32:50.229,NVDA,199.7,199.68,400,199.67,3500,199.66,1900,199.65,1700,199.64,2600,199.72,4100,199.73,3300,199.74,1200,199.75,3600,199.76,2000
2026-07-16 09:32:50.573,NVDA,199.71,199.69,1900,199.68,3600,199.67,4100,199.66,600,199.65,1800,199.73,100,199.74,1300,199.75,1500,199.76,400,199.77,1400
2026-07-16 09:32:51.073,NVDA,199.72,199.7,4200,199.69,3800,199.68,4800,199.67,2200,199.66,1400,199.74,3600,199.75,800,199.76,1200,199.77,3600,199.78,4900
2026-07-16 09:32:51.557,NVDA,199.7,199.68,4200,199.67,2900,199.66,1500,199.65,3500,199.64,2500,199.72,4500,199.73,4500,199.74,1400,199.75,4800,199.76,1700
2026-07-16 09:32:51.810,NVDA,199.72,199.7,4300,199.69,5000,199.68,500,199.67,1400,199.66,4800,199.74,2100,199.75,2200,199.76,2800,199.77,2500,199.78,3300
2026-07-16 09:32:51.955,NVDA,199.7,199.68,2100,199.67,2400,199.66,4000,199.65,4600,199.64,3000,199.72,2700,199.73,200,199.74,3300,199.75,4700,199.76,2300
2026-07-16 09:32:52.205,NVDA,199.71,199.69,3500,199.68,2900,199.67,3800,199.66,1300,199.65,2700,199.73,5000,199.74,1300,199.75,3500,199.76,5000,199.77,300
2026-07-16 09:32:52.518,NVDA,199.71,199.69,500,199.68,400,199.67,4100,199.66,4300,199.65,2200,199.73,5000,199.74,3500,199.75,2000,199.76,400,199.77,4800
2026-07-16 09:32:52.863,NVDA,199.73,199.71,5000,199.7,2200,199.69,3700,199.68,4300,199.67,3000,199.75,900,199.76,1600,199.77,2900,199.78,3200,199.79,3200
2026-07-16 09:32:52.887,NVDA,199.71,199.69,3300,199.68,2200,199.67,1500,199.66,4900,199.65,4800,199.73,4900,199.74,4000,199.75,1800,199.76,4500,199.77,2900
2026-07-16 09:32:53.208,NVDA,199.72,199.7,4000,199.69,2100,199.68,500,199.67,4800,199.66,2800,199.74,4400,199.75,1700,199.76,1200,199.77,3200,199.78,1600
2026-07-16 09:32:53.537,NVDA,199.74,199.72,700,199.71,4300,199.7,3500,199.69,3400,199.68,4800,199.76,2000,199.77,1200,199.78,1500,199.79,1100,199.8,4100
2026-07-16 09:32:54.027,NVDA,199.76,199.74,2600,199.73,1500,199.72,4300,199.71,4500,199.7,100,199.78,1800,199.79,2400,199.8,3600,199.81,4200,199.82,4000
2026-07-16 09:32:54.159,NVDA,199.77,199.75,3200,199.74,2900,199.73,800,199.72,5000,199.71,3000,199.79,2300,199.8,1600,199.81,1100,199.82,3500,199.83,4300
2026-07-16 09:32:54.321,NVDA,199.76,199.74,2200,199.73,1100,199.72,1900,199.71,4500,199.7,3700,199.78,500,199.79,4700,199.8,500,199.81,2000,199.82,2900
2026-07-16 09:32:54.422,NVDA,199.78,199.76,600,199.75,4300,199.74,1600,199.73,4200,199.72,1500,199.8,5000,199.81,2800,199.82,500,199.83,4400,199.84,2700
2026-07-16 09:32:54.500,NVDA,199.79,199.77,1900,199.76,4500,199.75,3800,199.74,700,199.73,4300,199.81,1200,199.82,1500,199.83,3000,199.84,3900,199.85,1400
2026-07-16 09:32:54.536,NVDA,199.78,199.76,2200,199.75,4300,199.74,1400,199.73,4900,199.72,2200,199.8,700,199.81,2500,199.82,300,199.83,3100,199.84,1700
2026-07-16 09:32:54.624,NVDA,199.76,199.74,700,199.73,3200,199.72,4600,199.71,1100,199.7,4200,199.78,2600,199.79,4200,199.8,200,199.81,2000,199.82,2700
2026-07-16 09:32:54.995,NVDA,199.74,199.72,1400,199.71,700,199.7,300,199.69,3500,199.68,4900,199.76,1600,199.77,1200,199.78,2100,199.79,4800,199.8,1600
2026-07-16 09:32:55.351,NVDA,199.73,199.71,3700,199.7,1900,199.69,600,199.68,100,199.67,1300,199.75,5000,199.76,2800,199.77,3400,199.78,4600,199.79,100
2026-07-16 09:32:55.432,NVDA,199.72,199.7,1000,199.69,1900,199.68,4800,199.67,900,199.66,3100,199.74,3900,199.75,2800,199.76,4700,199.77,4500,199.78,1000
2026-07-16 09:32:55.926,NVDA,199.74,199.72,3400,199.71,4800,199.7,600,199.69,4200,199.68,4800,199.76,3500,199.77,2100,199.78,1500,199.79,2200,199.8,4800
2026-07-16 09:32:55.963,NVDA,199.73,199.71,1500,199.7,4600,199.69,3900,199.68,2800,199.67,4600,199.75,2400,199.76,3300,199.77,1000,199.78,2300,199.79,3000
2026-07-16 09:32:56.352,NVDA,199.73,199.71,1500,199.7,800,199.69,4500,199.68,4100,199.67,200,199.75,1200,199.76,4500,199.77,5000,199.78,3500,199.79,400
2026-07-16 09:32:56.485,NVDA,199.72,199.7,1100,199.69,4700,199.68,3500,199.67,1900,199.66,1900,199.74,4500,199.75,2500,199.76,200,199.77,3700,199.78,400
2026-07-16 09:32:56.815,NVDA,199.7,199.68,2800,199.67,2500,199.66,4100,199.65,1200,199.64,2400,199.72,400,199.73,3000,199.74,3600,199.75,2900,199.76,3200
2026-07-16 09:32:57.039,NVDA,199.7,199.68,4600,199.67,4100,199.66,1100,199.65,2500,199.64,700,199.72,3400,199.73,2800,199.74,4400,199.75,1200,199.76,500
2026-07-16 09:32:57.514,NVDA,199.68,199.66,200,199.65,1200,199.64,1200,199.63,4700,199.62,4400,199.7,2200,199.71,600,199.72,4900,199.73,5000,199.74,1400
2026-07-16 09:32:57.637,NVDA,199.67,199.65,4000,199.64,4100,199.63,100,199.62,600,199.61,2100,199.69,900,199.7,800,199.71,600,199.72,1600,199.73,3100
2026-07-16 09:32:57.999,NVDA,199.66,199.64,1600,199.63,2600,199.62,500,199.61,1700,199.6,3900,199.68,3200,199.69,1600,199.7,1800,199.71,500,199.72,3800
2026-07-16 09:32:58.258,NVDA,199.67,199.65,600,199.64,2100,199.63,3100,199.62,3500,199.61,700,199.69,1800,199.7,1400,199.71,2900,199.72,3600,199.73,1600
2026-07-16 09:32:58.675,NVDA,199.67,199.65,800,199.64,2000,199.63,800,199.62,4100,199.61,2000,199.69,1200,199.7,3200,199.71,4200,199.72,4000,199.73,3400
2026-07-16 09:32:58.780,NVDA,199.66,199.64,4200,199.63,3700,199.62,4100,199.61,2400,199.6,3000,199.68,3900,199.69,1500,199.7,2800,199.71,1300,199.72,1900
2026-07-16 09:32:59.092,NVDA,199.66,199.64,4200,199.63,1100,199.62,300,199.61,5000,199.6,600,199.68,3700,199.69,600,199.7,4000,199.71,4000,199.72,2600
2026-07-16 09:32:59.224,NVDA,199.64,199.62,4100,199.61,4200,199.6,1800,199.59,2400,199.58,1800,199.66,2800,199.67,4600,199.68,2600,199.69,3500,199.7,3500
2026-07-16 09:32:59.291,NVDA,199.63,199.61,2600,199.6,4300,199.59,100,199.58,1400,199.57,4200,199.65,4300,199.66,1900,199.67,1100,199.68,1200,199.69,4600
2026-07-16 09:32:59.791,NVDA,199.62,199.6,3300,199.59,1400,199.58,2700,199.57,1200,199.56,4000,199.64,4000,199.65,1300,199.66,1700,199.67,4000,199.68,1700
2026-07-16 09:33:00.037,NVDA,199.6,199.58,3800,199.57,1500,199.56,3900,199.55,1900,199.54,2200,199.62,4200,199.63,900,199.64,1500,199.65,300,199.66,3400
2026-07-16 09:33:00.300,NVDA,199.6,199.58,500,199.57,4600,199.56,1600,199.55,4100,199.54,2400,199.62,4000,199.63,3700,199.64,3000,199.65,1400,199.66,4000
2026-07-16 09:33:00.562,NVDA,199.58,199.56,1000,199.55,2800,199.54,2700,199.53,1700,199.52,3500,199.6,2100,199.61,4000,199.62,300,199.63,4500,199.64,2700
2026-07-16 09:33:00.647,NVDA,199.59,199.57,2700,199.56,800,199.55,800,199.54,1400,199.53,4700,199.61,2800,199.62,2700,199.63,4800,199.64,3900,199.65,4800
2026-07-16 09:33:00.719,NVDA,199.6,199.58,300,199.57,1700,199.56,400,199.55,2700,199.54,2300,199.62,1800,199.63,4100,199.64,1400,199.65,4300,199.66,900
2026-07-16 09:33:00.873,NVDA,199.62,199.6,1200,199.59,3900,199.58,400,199.57,1900,199.56,400,199.64,3400,199.65,1200,199.66,4600,199.67,300,199.68,500
2026-07-16 09:33:01.119,NVDA,199.61,199.59,2200,199.58,300,199.57,4800,199.56,1600,199.55,3300,199.63,1700,199.64,500,199.65,300,199.66,3300,199.67,300
2026-07-16 09:33:01.342,NVDA,199.62,199.6,3400,199.59,1200,199.58,500,199.57,4100,199.56,2900,199.64,4400,199.65,2400,199.66,1900,199.67,2000,199.68,3700
2026-07-16 09:33:01.607,NVDA,199.6,199.58,4000,199.57,200,199.56,1400,199.55,4600,199.54,4900,199.62,100,199.63,4300,199.64,1000,199.65,700,199.66,4800
2026-07-16 09:33:01.899,NVDA,199.58,199.56,1700,199.55,1400,199.54,600,199.53,500,199.52,1300,199.6,1600,199.61,4500,199.62,1700,199.63,800,199.64,1000
2026-07-16 09:33:02.304,NVDA,199.6,199.58,1000,199.57,3900,199.56,4000,199.55,2800,199.54,3000,199.62,2100,199.63,4600,199.64,5000,199.65,1300,199.66,5000
2026-07-16 09:33:02.719,NVDA,199.58,199.56,300,199.55,2900,199.54,1500,199.53,4600,199.52,2800,199.6,3200,199.61,600,199.62,2500,199.63,2100,199.64,4700
2026-07-16 09:33:03.213,NVDA,199.57,199.55,2200,199.54,2400,199.53,2200,199.52,4900,199.51,3900,199.59,2200,199.6,1600,199.61,4300,199.62,3400,199.63,3000
2026-07-16 09:33:03.686,NVDA,199.55,199.53,1900,199.52,800,199.51,4800,199.5,3800,199.49,3500,199.57,4200,199.58,1200,199.59,5000,199.6,1000,199.61,1600
2026-07-16 09:33:03.922,NVDA,199.55,199.53,4200,199.52,1300,199.51,3800,199.5,5000,199.49,4900,199.57,2300,199.58,1200,199.59,4500,199.6,3200,199.61,400
2026-07-16 09:33:04.295,NVDA,199.55,199.53,900,199.52,2500,199.51,2900,199.5,1200,199.49,3200,199.57,3300,199.58,1000,199.59,3800,199.6,1300,199.61,3500
2026-07-16 09:33:04.731,NVDA,199.55,199.53,2200,199.52,4300,199.51,3200,199.5,100,199.49,600,199.57,1800,199.58,3900,199.59,1300,199.6,1400,199.61,3200
2026-07-16 09:33:04.871,NVDA,199.54,199.52,1300,199.51,200,199.5,3900,199.49,4100,199.48,3300,199.56,500,199.57,4800,199.58,1200,199.59,2300,199.6,1500
2026-07-16 09:33:04.883,NVDA,199.54,199.52,700,199.51,3900,199.5,1900,199.49,700,199.48,3700,199.56,2200,199.57,2900,199.58,3300,199.59,1600,199.6,1300
2026-07-16 09:33:05.071,NVDA,199.52,199.5,600,199.49,4500,199.48,3100,199.47,200,199.46,4600,199.54,1200,199.55,100,199.56,3000,199.57,1600,199.58,3500
2026-07-16 09:33:05.231,NVDA,199.54,199.52,1800,199.51,4900,199.5,4100,199.49,4800,199.48,4200,199.56,2400,199.57,4500,199.58,2900,199.59,4700,199.6,2700
2026-07-16 09:33:05.396,NVDA,199.54,199.52,1400,199.51,3400,199.5,3400,199.49,1900,199.48,800,199.56,3000,199.57,4500,199.58,1700,199.59,700,199.6,3200
2026-07-16 09:33:05.857,NVDA,199.53,199.51,3000,199.5,3000,199.49,500,199.48,4900,199.47,1200,199.55,2200,199.56,2700,199.57,1100,199.58,200,199.59,1100
2026-07-16 09:33:06.164,NVDA,199.55,199.53,4500,199.52,200,199.51,3100,199.5,4200,199.49,2300,199.57,1000,199.58,3000,199.59,4300,199.6,4900,199.61,2600
2026-07-16 09:33:06.440,NVDA,199.53,199.51,1100,199.5,4400,199.49,4700,199.48,2200,199.47,2000,199.55,4600,199.56,100,199.57,3000,199.58,2700,199.59,100
2026-07-16 09:33:06.505,NVDA,199.55,199.53,3300,199.52,400,199.51,4100,199.5,3400,199.49,2800,199.57,1400,199.58,2400,199.59,1800,199.6,4200,199.61,4300
2026-07-16 09:33:06.735,NVDA,199.57,199.55,3900,199.54,800,199.53,4400,199.52,200,199.51,3700,199.59,1800,199.6,700,199.61,1800,199.62,2800,199.63,700
2026-07-16 09:33:06.830,NVDA,199.58,199.56,700,199.55,3400,199.54,2500,199.53,400,199.52,4100,199.6,300,199.61,400,199.62,2200,199.63,2100,199.64,200
2026-07-16 09:33:07.226,NVDA,199.56,199.54,2700,199.53,2900,199.52,3600,199.51,2500,199.5,2100,199.58,1300,199.59,4500,199.6,2700,199.61,1200,199.62,2300
2026-07-16 09:33:07.397,NVDA,199.55,199.53,100,199.52,800,199.51,4800,199.5,4800,199.49,3500,199.57,2700,199.58,600,199.59,600,199.6,500,199.61,2900
2026-07-16 09:33:07.746,NVDA,199.53,199.51,3000,199.5,700,199.49,100,199.48,3700,199.47,100,199.55,2400,199.56,3800,199.57,1800,199.58,500,199.59,2700
2026-07-16 09:33:07.906,NVDA,199.54,199.52,1600,199.51,2000,199.5,1500,199.49,4300,199.48,500,199.56,1300,199.57,1300,199.58,1600,199.59,2200,199.6,3400
2026-07-16 09:33:08.260,NVDA,199.54,199.52,3300,199.51,3900,199.5,2600,199.49,1700,199.48,1500,199.56,3600,199.57,2200,199.58,4900,199.59,4100,199.6,2600
2026-07-16 09:33:08.733,NVDA,199.55,199.53,200,199.52,600,199.51,2200,199.5,3000,199.49,4500,199.57,4700,199.58,3800,199.59,400,199.6,700,199.61,200
2026-07-16 09:33:08.755,NVDA,199.53,199.51,1000,199.5,1700,199.49,3900,199.48,1900,199.47,700,199.55,600,199.56,4500,199.57,4000,199.58,100,199.59,100
2026-07-16 09:33:09.208,NVDA,199.53,199.51,4100,199.5,800,199.49,600,199.48,900,199.47,1900,199.55,3800,199.56,900,199.57,400,199.58,3100,199.59,3100
2026-07-16 09:33:09.404,NVDA,199.54,199.52,1000,199.51,1300,199.5,400,199.49,3800,199.48,1700,199.56,2500,199.57,1500,199.58,4900,199.59,3000,199.6,1700
2026-07-16 09:33:09.510,NVDA,199.54,199.52,700,199.51,3600,199.5,400,199.49,1200,199.48,2800,199.56,3900,199.57,1500,199.58,3800,199.59,3000,199.6,2300
2026-07-16 09:33:09.807,NVDA,199.56,199.54,2700,199.53,1300,199.52,2600,199.51,1800,199.5,1000,199.58,1600,199.59,700,199.6,2800,199.61,4600,199.62,2200
2026-07-16 09:33:10.264,NVDA,199.56,199.54,2700,199.53,1600,199.52,3600,199.51,300,199.5,2000,199.58,3000,199.59,3600,199.6,4900,199.61,1100,199.62,2700
2026-07-16 09:33:10.361,NVDA,199.54,199.52,4800,199.51,2000,199.5,2300,199.49,600,199.48,600,199.56,1600,199.57,2500,199.58,3600,199.59,2600,199.6,2100
2026-07-16 09:33:10.556,NVDA,199.56,199.54,1600,199.53,800,199.52,4200,199.51,2400,199.5,2800,199.58,4500,199.59,3800,199.6,4600,199.61,3700,199.62,1300
2026-07-16 09:33:10.793,NVDA,199.58,199.56,4900,199.55,3200,199.54,4700,199.53,1000,199.52,400,199.6,1900,199.61,3300,199.62,2700,199.63,4000,199.64,4200
2026-07-16 09:33:10.964,NVDA,199.56,199.54,1100,199.53,2300,199.52,3600,199.51,2800,199.5,3800,199.58,2400,199.59,1700,199.6,400,199.61,800,199.62,200
2026-07-16 09:33:10.974,NVDA,199.55,199.53,400,199.52,5000,199.51,4400,199.5,1000,199.49,500,199.57,3000,199.58,4200,199.59,4200,199.6,3300,199.61,200
2026-07-16 09:33:11.320,NVDA,199.54,199.52,2300,199.51,1500,199.5,2100,199.49,3300,199.48,2800,199.56,1400,199.57,1900,199.58,1300,199.59,1700,199.6,1400
2026-07-16 09:33:11.612,NVDA,199.56,199.54,3800,199.53,2800,199.52,1200,199.51,2500,199.5,2600,199.58,3900,199.59,4400,199.6,4100,199.61,1000,199.62,1100
2026-07-16 09:33:11.796,NVDA,199.56,199.54,4300,199.53,3700,199.52,2000,199.51,4700,199.5,600,199.58,700,199.59,2600,199.6,4800,199.61,2600,199.62,2400
2026-07-16 09:33:11.964,NVDA,199.56,199.54,600,199.53,2700,199.52,2600,199.51,3500,199.5,1800,199.58,3400,199.59,4400,199.6,3100,199.61,2500,199.62,2000
2026-07-16 09:33:12.029,NVDA,199.58,199.56,4400,199.55,3100,199.54,3100,199.53,100,199.52,1700,199.6,2200,199.61,3500,199.62,600,199.63,4600,199.64,3500
2026-07-16 09:33:12.431,NVDA,199.6,199.58,600,199.57,3400,199.56,200,199.55,3600,199.54,3500,199.62,1300,199.63,4300,199.64,2900,199.65,2400,199.66,3500
2026-07-16 09:33:12.660,NVDA,199.6,199.58,3100,199.57,2000,199.56,400,199.55,3600,199.54,1600,199.62,5000,199.63,3400,199.64,1400,199.65,200,199.66,2600
2026-07-16 09:33:12.776,NVDA,199.59,199.57,1600,199.56,3300,199.55,100,199.54,3800,199.53,3900,199.61,900,199.62,3600,199.63,2400,199.64,1500,199.65,1300
2026-07-16 09:33:13.018,NVDA,199.6,199.58,400,199.57,4400,199.56,2000,199.55,2500,199.54,1800,199.62,2500,199.63,4000,199.64,4100,199.65,4600,199.66,2400
2026-07-16 09:33:13.215,NVDA,199.6,199.58,4500,199.57,3000,199.56,4200,199.55,1100,199.54,4500,199.62,4800,199.63,1900,199.64,1500,199.65,3300,199.66,3100
2026-07-16 09:33:13.613,NVDA,199.58,199.56,4000,199.55,900,199.54,3900,199.53,300,199.52,2000,199.6,300,199.61,4800,199.62,4100,199.63,4300,199.64,3800
2026-07-16 09:33:13.935,NVDA,199.58,199.56,1100,199.55,1500,199.54,3400,199.53,2200,199.52,4000,199.6,1600,199.61,3100,199.62,2600,199.63,2000,199.64,4100
2026-07-16 09:33:14.188,NVDA,199.57,199.55,2400,199.54,4100,199.53,400,199.52,2700,199.51,2400,199.59,3900,199.6,2200,199.61,4700,199.62,3500,199.63,2400
2026-07-16 09:33:14.313,NVDA,199.56,199.54,3900,199.53,4900,199.52,2400,199.51,400,199.5,2700,199.58,100,199.59,100,199.6,1900,199.61,1400,199.62,3300
2026-07-16 09:33:14.799,NVDA,199.54,199.52,4000,199.51,3100,199.5,3900,199.49,600,199.48,4800,199.56,4700,199.57,2400,199.58,1400,199.59,3700,199.6,4600
2026-07-16 09:33:14.900,NVDA,199.54,199.52,3900,199.51,2900,199.5,4600,199.49,1700,199.48,800,199.56,900,199.57,3100,199.58,3600,199.59,500,199.6,4300
2026-07-16 09:33:15.072,NVDA,199.53,199.51,1700,199.5,2800,199.49,800,199.48,200,199.47,900,199.55,4800,199.56,4000,199.57,4500,199.58,2600,199.59,900
2026-07-16 09:33:15.195,NVDA,199.55,199.53,900,199.52,2500,199.51,4600,199.5,100,199.49,800,199.57,4600,199.58,2100,199.59,4800,199.6,3200,199.61,2300
2026-07-16 09:33:15.666,NVDA,199.54,199.52,2500,199.51,4600,199.5,3100,199.49,3200,199.48,2300,199.56,2200,199.57,100,199.58,3900,199.59,2900,199.6,3100
2026-07-16 09:33:16.051,NVDA,199.55,199.53,900,199.52,3800,199.51,3500,199.5,3400,199.49,1700,199.57,2100,199.58,200,199.59,3900,199.6,2800,199.61,3500
2026-07-16 09:33:16.321,NVDA,199.57,199.55,2900,199.54,3200,199.53,4300,199.52,4300,199.51,1600,199.59,4800,199.6,3800,199.61,3600,199.62,1600,199.63,2000
2026-07-16 09:33:16.772,NVDA,199.55,199.53,1300,199.52,3500,199.51,2500,199.5,200,199.49,600,199.57,200,199.58,3500,199.59,400,199.6,2100,199.61,3800
2026-07-16 09:33:17.079,NVDA,199.53,199.51,1000,199.5,1800,199.49,2300,199.48,1900,199.47,600,199.55,3100,199.56,3500,199.57,4800,199.58,4700,199.59,3400
2026-07-16 09:33:17.134,NVDA,199.54,199.52,2400,199.51,1000,199.5,2400,199.49,600,199.48,3700,199.56,2100,199.57,4500,199.58,400,199.59,3200,199.6,1800
2026-07-16 09:33:17.264,NVDA,199.54,199.52,1600,199.51,3500,199.5,3300,199.49,4300,199.48,4200,199.56,2500,199.57,4700,199.58,3700,199.59,500,199.6,4500
2026-07-16 09:33:17.483,NVDA,199.55,199.53,800,199.52,4800,199.51,2100,199.5,1700,199.49,100,199.57,1300,199.58,3600,199.59,4100,199.6,200,199.61,1400
2026-07-16 09:33:17.655,NVDA,199.55,199.53,3700,199.52,900,199.51,2000,199.5,1500,199.49,3800,199.57,4800,199.58,3600,199.59,3500,199.6,1200,199.61,2200
2026-07-16 09:33:18.023,NVDA,199.55,199.53,500,199.52,300,199.51,2100,199.5,3100,199.49,4200,199.57,2800,199.58,1100,199.59,1100,199.6,2400,199.61,1900
2026-07-16 09:33:18.079,NVDA,199.54,199.52,600,199.51,100,199.5,4800,199.49,100,199.48,800,199.56,1400,199.57,4000,199.58,2800,199.59,700,199.6,3400
2026-07-16 09:33:18.465,NVDA,199.52,199.5,4700,199.49,1600,199.48,3100,199.47,3400,199.46,1600,199.54,3200,199.55,2100,199.56,4800,199.57,4300,199.58,1500
2026-07-16 09:33:18.883,NVDA,199.5,199.48,4400,199.47,4900,199.46,3300,199.45,4400,199.44,2400,199.52,3600,199.53,300,199.54,2100,199.55,600,199.56,2900
2026-07-16 09:33:19.050,NVDA,199.5,199.48,1400,199.47,1300,199.46,3300,199.45,3500,199.44,2400,199.52,2900,199.53,1500,199.54,4000,199.55,4400,199.56,3100
2026-07-16 09:33:19.392,NVDA,199.5,199.48,4800,199.47,3000,199.46,1900,199.45,2500,199.44,4100,199.52,4900,199.53,1400,199.54,3700,199.55,3500,199.56,3600
2026-07-16 09:33:19.885,NVDA,199.48,199.46,5000,199.45,1200,199.44,1300,199.43,1600,199.42,2700,199.5,1000,199.51,2400,199.52,2900,199.53,3700,199.54,1600
2026-07-16 09:33:20.140,NVDA,199.49,199.47,4700,199.46,2600,199.45,500,199.44,2300,199.43,2400,199.51,4600,199.52,1400,199.53,5000,199.54,3900,199.55,4200
2026-07-16 09:33:20.595,NVDA,199.5,199.48,100,199.47,2600,199.46,4700,199.45,1000,199.44,500,199.52,2600,199.53,1300,199.54,900,199.55,3000,199.56,3500
2026-07-16 09:33:20.923,NVDA,199.48,199.46,3300,199.45,3900,199.44,1700,199.43,4300,199.42,2300,199.5,2100,199.51,4600,199.52,4200,199.53,2300,199.54,4700
2026-07-16 09:33:21.058,NVDA,199.49,199.47,4000,199.46,1400,199.45,900,199.44,3400,199.43,4900,199.51,1200,199.52,2500,199.53,1600,199.54,4800,199.55,1000
2026-07-16 09:33:21.415,NVDA,199.48,199.46,1000,199.45,1400,199.44,2200,199.43,800,199.42,1300,199.5,4400,199.51,3400,199.52,5000,199.53,1000,199.54,4100
2026-07-16 09:33:21.881,NVDA,199.5,199.48,700,199.47,400,199.46,1500,199.45,1000,199.44,2800,199.52,4000,199.53,1000,199.54,100,199.55,4300,199.56,2800
2026-07-16 09:33:22.008,NVDA,199.52,199.5,3400,199.49,4700,199.48,5000,199.47,3500,199.46,1100,199.54,3400,199.55,4500,199.56,1600,199.57,1900,199.58,4200
2026-07-16 09:33:22.109,NVDA,199.5,199.48,3600,199.47,4200,199.46,2100,199.45,2700,199.44,2400,199.52,1200,199.53,4800,199.54,1800,199.55,2700,199.56,3200
2026-07-16 09:33:22.354,NVDA,199.51,199.49,2600,199.48,4600,199.47,4600,199.46,1600,199.45,1300,199.53,1800,199.54,3200,199.55,500,199.56,1400,199.57,3200
2026-07-16 09:33:22.838,NVDA,199.53,199.51,3900,199.5,700,199.49,2400,199.48,2300,199.47,4100,199.55,3400,199.56,3200,199.57,3800,199.58,200,199.59,3700
2026-07-16 09:33:22.923,NVDA,199.52,199.5,3400,199.49,4000,199.48,2600,199.47,400,199.46,4200,199.54,3000,199.55,4400,199.56,5000,199.57,4600,199.58,2500
2026-07-16 09:33:23.281,NVDA,199.53,199.51,100,199.5,3100,199.49,200,199.48,400,199.47,400,199.55,2200,199.56,4200,199.57,3400,199.58,3400,199.59,3100
2026-07-16 09:33:23.525,NVDA,199.52,199.5,3600,199.49,400,199.48,1200,199.47,2200,199.46,1400,199.54,2800,199.55,1300,199.56,1000,199.57,1900,199.58,1900
2026-07-16 09:33:23.910,NVDA,199.51,199.49,2600,199.48,2600,199.47,3500,199.46,4900,199.45,1700,199.53,5000,199.54,4400,199.55,900,199.56,5000,199.57,2800
2026-07-16 09:33:24.323,NVDA,199.52,199.5,500,199.49,700,199.48,2200,199.47,2000,199.46,400,199.54,2400,199.55,3400,199.56,4200,199.57,900,199.58,3000
2026-07-16 09:33:24.614,NVDA,199.5,199.48,4900,199.47,1300,199.46,3800,199.45,1400,199.44,4800,199.52,2200,199.53,1400,199.54,3400,199.55,400,199.56,3300
2026-07-16 09:33:24.846,NVDA,199.49,199.47,4900,199.46,2700,199.45,700,199.44,4600,199.43,2700,199.51,3900,199.52,1600,199.53,300,199.54,1600,199.55,1500
2026-07-16 09:33:25.084,NVDA,199.49,199.47,3500,199.46,3200,199.45,900,199.44,2900,199.43,1300,199.51,700,199.52,4700,199.53,4900,199.54,100,199.55,4500
2026-07-16 09:33:25.341,NVDA,199.48,199.46,1600,199.45,3300,199.44,1300,199.43,2000,199.42,600,199.5,2600,199.51,3200,199.52,3300,199.53,1500,199.54,5000
2026-07-16 09:33:25.807,NVDA,199.47,199.45,2300,199.44,2600,199.43,4500,199.42,4200,199.41,500,199.49,500,199.5,4900,199.51,1400,199.52,5000,199.53,4100
2026-07-16 09:33:26.016,NVDA,199.46,199.44,4700,199.43,400,199.42,2700,199.41,1000,199.4,4600,199.48,200,199.49,4500,199.5,2500,199.51,4500,199.52,4700
2026-07-16 09:33:26.433,NVDA,199.44,199.42,400,199.41,1400,199.4,2400,199.39,2100,199.38,1800,199.46,800,199.47,3500,199.48,2000,199.49,1400,199.5,1800
2026-07-16 09:33:26.818,NVDA,199.42,199.4,1600,199.39,1200,199.38,1900,199.37,100,199.36,2700,199.44,5000,199.45,3900,199.46,2400,199.47,1800,199.48,200
2026-07-16 09:33:27.166,NVDA,199.4,199.38,300,199.37,2000,199.36,2200,199.35,2600,199.34,2800,199.42,800,199.43,4100,199.44,1600,199.45,1900,199.46,200
2026-07-16 09:33:27.396,NVDA,199.41,199.39,800,199.38,1700,199.37,900,199.36,5000,199.35,3800,199.43,3900,199.44,1300,199.45,600,199.46,700,199.47,4000
2026-07-16 09:33:27.433,NVDA,199.42,199.4,3800,199.39,2300,199.38,3500,199.37,200,199.36,500,199.44,3800,199.45,2400,199.46,500,199.47,1400,199.48,3300
2026-07-16 09:33:27.464,NVDA,199.44,199.42,1100,199.41,1300,199.4,1000,199.39,2500,199.38,1300,199.46,400,199.47,3000,199.48,2600,199.49,600,199.5,500
2026-07-16 09:33:27.531,NVDA,199.45,199.43,800,199.42,1200,199.41,1400,199.4,3700,199.39,3800,199.47,400,199.48,1400,199.49,700,199.5,4800,199.51,5000
2026-07-16 09:33:28.022,NVDA,199.46,199.44,2700,199.43,3900,199.42,2000,199.41,4500,199.4,1800,199.48,1600,199.49,3200,199.5,2900,199.51,4900,199.52,3200
2026-07-16 09:33:28.452,NVDA,199.44,199.42,2600,199.41,1700,199.4,3300,199.39,4300,199.38,1800,199.46,500,199.47,1600,199.48,1700,199.49,4100,199.5,4600
2026-07-16 09:33:28.622,NVDA,199.46,199.44,4300,199.43,4200,199.42,1000,199.41,1800,199.4,3300,199.48,700,199.49,100,199.5,1700,199.51,2300,199.52,4400
2026-07-16 09:33:29.061,NVDA,199.48,199.46,3900,199.45,900,199.44,2600,199.43,300,199.42,100,199.5,800,199.51,3600,199.52,3900,199.53,3100,199.54,800
2026-07-16 09:33:29.315,NVDA,199.48,199.46,2900,199.45,2800,199.44,2100,199.43,4700,199.42,900,199.5,2600,199.51,4200,199.52,3900,199.53,3200,199.54,3100
2026-07-16 09:33:29.478,NVDA,199.5,199.48,3600,199.47,3500,199.46,1600,199.45,400,199.44,4700,199.52,4300,199.53,1000,199.54,2600,199.55,2400,199.56,3000
2026-07-16 09:33:29.750,NVDA,199.52,199.5,1600,199.49,400,199.48,4700,199.47,1300,199.46,4100,199.54,200,199.55,100,199.56,1500,199.57,3300,199.58,400
2026-07-16 09:33:30.228,NVDA,199.53,199.51,3500,199.5,3000,199.49,4500,199.48,4300,199.47,1300,199.55,4800,199.56,2200,199.57,4500,199.58,500,199.59,3800
2026-07-16 09:33:30.572,NVDA,199.53,199.51,1900,199.5,1200,199.49,200,199.48,3800,199.47,700,199.55,3100,199.56,700,199.57,700,199.58,400,199.59,1900
2026-07-16 09:33:30.777,NVDA,199.54,199.52,700,199.51,4000,199.5,3900,199.49,700,199.48,3100,199.56,2000,199.57,2800,199.58,4300,199.59,2300,199.6,2000
2026-07-16 09:33:30.960,NVDA,199.54,199.52,4400,199.51,800,199.5,1100,199.49,4000,199.48,3400,199.56,2200,199.57,4300,199.58,4200,199.59,1100,199.6,2600
2026-07-16 09:33:31.321,NVDA,199.55,199.53,4100,199.52,1800,199.51,1300,199.5,400,199.49,2800,199.57,1800,199.58,5000,199.59,4300,199.6,3100,199.61,1400
2026-07-16 09:33:31.555,NVDA,199.54,199.52,700,199.51,200,199.5,1100,199.49,3700,199.48,1200,199.56,2200,199.57,2700,199.58,3600,199.59,1600,199.6,4500
2026-07-16 09:33:31.879,NVDA,199.53,199.51,700,199.5,3800,199.49,3900,199.48,4700,199.47,200,199.55,2500,199.56,1400,199.57,4600,199.58,4200,199.59,400
2026-07-16 09:33:32.365,NVDA,199.54,199.52,4600,199.51,3600,199.5,1300,199.49,1300,199.48,4500,199.56,200,199.57,1500,199.58,4700,199.59,2000,199.6,3900
2026-07-16 09:33:32.629,NVDA,199.54,199.52,2600,199.51,3400,199.5,2600,199.49,4400,199.48,4600,199.56,3200,199.57,4600,199.58,3400,199.59,100,199.6,1200
2026-07-16 09:33:32.689,NVDA,199.53,199.51,400,199.5,3700,199.49,1600,199.48,900,199.47,700,199.55,4500,199.56,4600,199.57,300,199.58,500,199.59,3000
2026-07-16 09:33:32.947,NVDA,199.53,199.51,2700,199.5,3300,199.49,200,199.48,1400,199.47,2900,199.55,4500,199.56,2300,199.57,4200,199.58,1000,199.59,3900
2026-07-16 09:33:33.339,NVDA,199.53,199.51,4100,199.5,400,199.49,4800,199.48,4300,199.47,2200,199.55,3700,199.56,4500,199.57,4900,199.58,4400,199.59,2400
2026-07-16 09:33:33.573,NVDA,199.55,199.53,2500,199.52,3000,199.51,100,199.5,2500,199.49,2300,199.57,4200,199.58,3300,199.59,5000,199.6,1000,199.61,3000
2026-07-16 09:33:33.883,NVDA,199.55,199.53,3500,199.52,1100,199.51,4600,199.5,4200,199.49,500,199.57,2000,199.58,700,199.59,1400,199.6,2800,199.61,1600
2026-07-16 09:33:34.274,NVDA,199.53,199.51,4700,199.5,3600,199.49,1300,199.48,4400,199.47,3100,199.55,300,199.56,4900,199.57,1100,199.58,2100,199.59,4500
2026-07-16 09:33:34.745,NVDA,199.54,199.52,5000,199.51,1400,199.5,300,199.49,700,199.48,3300,199.56,1900,199.57,200,199.58,4600,199.59,2700,199.6,100
2026-07-16 09:33:35.060,NVDA,199.52,199.5,4900,199.49,700,199.48,2600,199.47,3800,199.46,900,199.54,1200,199.55,3400,199.56,4300,199.57,4100,199.58,2800
2026-07-16 09:33:35.095,NVDA,199.54,199.52,3700,199.51,4800,199.5,1200,199.49,2900,199.48,2000,199.56,2000,199.57,1100,199.58,300,199.59,4700,199.6,400
2026-07-16 09:33:35.188,NVDA,199.53,199.51,1100,199.5,3400,199.49,1200,199.48,1000,199.47,4500,199.55,600,199.56,700,199.57,1300,199.58,300,199.59,4600
2026-07-16 09:33:35.468,NVDA,199.53,199.51,2500,199.5,1300,199.49,4900,199.48,4000,199.47,1400,199.55,4000,199.56,2300,199.57,1200,199.58,3400,199.59,2900
2026-07-16 09:33:35.933,NVDA,199.55,199.53,4300,199.52,600,199.51,3400,199.5,3000,199.49,4500,199.57,3800,199.58,3700,199.59,1300,199.6,3500,199.61,1100
2026-07-16 09:33:36.314,NVDA,199.53,199.51,2100,199.5,500,199.49,2900,199.48,1400,199.47,2700,199.55,3400,199.56,2600,199.57,3400,199.58,1600,199.59,4900
2026-07-16 09:33:36.616,NVDA,199.54,199.52,2500,199.51,4200,199.5,4800,199.49,3000,199.48,3500,199.56,600,199.57,2000,199.58,2200,199.59,3600,199.6,3700
2026-07-16 09:33:36.781,NVDA,199.53,199.51,500,199.5,4600,199.49,2100,199.48,4200,199.47,500,199.55,3600,199.56,3800,199.57,300,199.58,4400,199.59,100
2026-07-16 09:33:37.080,NVDA,199.52,199.5,4600,199.49,1400,199.48,4500,199.47,2700,199.46,4500,199.54,2700,199.55,1500,199.56,1400,199.57,600,199.58,2100
2026-07-16 09:33:37.561,NVDA,199.53,199.51,2800,199.5,100,199.49,4000,199.48,3100,199.47,3100,199.55,2100,199.56,1400,199.57,3700,199.58,500,199.59,3000
2026-07-16 09:33:37.795,NVDA,199.55,199.53,3200,199.52,4600,199.51,4100,199.5,1600,199.49,3500,199.57,4000,199.58,4100,199.59,1700,199.6,1200,199.61,4800
2026-07-16 09:33:38.227,NVDA,199.56,199.54,1300,199.53,4800,199.52,4100,199.51,5000,199.5,3200,199.58,4100,199.59,4400,199.6,200,199.61,1100,199.62,1800
2026-07-16 09:33:38.550,NVDA,199.55,199.53,900,199.52,3300,199.51,1400,199.5,2900,199.49,2200,199.57,4400,199.58,2300,199.59,2200,199.6,100,199.61,4300
2026-07-16 09:33:38.662,NVDA,199.55,199.53,3700,199.52,2400,199.51,3600,199.5,1400,199.49,4600,199.57,4000,199.58,1600,199.59,4200,199.6,4500,199.61,300
2026-07-16 09:33:38.814,NVDA,199.54,199.52,200,199.51,1200,199.5,1300,199.49,2800,199.48,2100,199.56,4800,199.57,500,199.58,300,199.59,2500,199.6,2700
2026-07-16 09:33:38.883,NVDA,199.52,199.5,3300,199.49,2200,199.48,4700,199.47,900,199.46,4200,199.54,4600,199.55,2200,199.56,2800,199.57,3400,199.58,3700
2026-07-16 09:33:39.111,NVDA,199.51,199.49,500,199.48,4700,199.47,3000,199.46,1300,199.45,3200,199.53,1600,199.54,5000,199.55,1800,199.56,2200,199.57,3300
2026-07-16 09:33:39.244,NVDA,199.52,199.5,1000,199.49,2500,199.48,1100,199.47,1400,199.46,400,199.54,500,199.55,2200,199.56,600,199.57,2400,199.58,600
2026-07-16 09:33:39.374,NVDA,199.51,199.49,2800,199.48,3800,199.47,3400,199.46,4400,199.45,4200,199.53,200,199.54,3300,199.55,300,199.56,4500,199.57,3600
2026-07-16 09:33:39.399,NVDA,199.53,199.51,1900,199.5,2400,199.49,1800,199.48,3400,199.47,1800,199.55,4200,199.56,3900,199.57,4700,199.58,2400,199.59,1200
2026-07-16 09:33:39.450,NVDA,199.53,199.51,2500,199.5,3300,199.49,1100,199.48,2700,199.47,3300,199.55,1700,199.56,5000,199.57,2100,199.58,3700,199.59,3800
2026-07-16 09:33:39.586,NVDA,199.54,199.52,2900,199.51,3500,199.5,2300,199.49,3400,199.48,2900,199.56,1500,199.57,3900,199.58,1700,199.59,3300,199.6,2700
2026-07-16 09:33:40.059,NVDA,199.55,199.53,3500,199.52,4800,199.51,4300,199.5,2700,199.49,3500,199.57,2800,199.58,3000,199.59,1100,199.6,300,199.61,4900
2026-07-16 09:33:40.519,NVDA,199.55,199.53,100,199.52,3000,199.51,3800,199.5,200,199.49,4100,199.57,2000,199.58,2000,199.59,1400,199.6,1600,199.61,900
2026-07-16 09:33:40.775,NVDA,199.56,199.54,2600,199.53,1300,199.52,2400,199.51,3800,199.5,3600,199.58,800,199.59,3600,199.6,500,199.61,4200,199.62,400
2026-07-16 09:33:40.946,NVDA,199.55,199.53,2200,199.52,3700,199.51,500,199.5,4500,199.49,2900,199.57,1400,199.58,3800,199.59,700,199.6,1500,199.61,2400
2026-07-16 09:33:40.999,NVDA,199.56,199.54,600,199.53,1700,199.52,1500,199.51,2400,199.5,3900,199.58,3100,199.59,4600,199.6,4700,199.61,2300,199.62,1300
2026-07-16 09:33:41.399,NVDA,199.58,199.56,4900,199.55,500,199.54,300,199.53,4700,199.52,3800,199.6,4800,199.61,2000,199.62,3800,199.63,3100,199.64,100
2026-07-16 09:33:41.756,NVDA,199.56,199.54,3800,199.53,3000,199.52,100,199.51,2900,199.5,4800,199.58,4800,199.59,3800,199.6,1300,199.61,600,199.62,1200
2026-07-16 09:33:41.942,NVDA,199.56,199.54,4600,199.53,2700,199.52,4000,199.51,2100,199.5,3300,199.58,2800,199.59,3500,199.6,1200,199.61,600,199.62,4100
2026-07-16 09:33:42.049,NVDA,199.56,199.54,2800,199.53,4200,199.52,1800,199.51,700,199.5,1100,199.58,200,199.59,600,199.6,600,199.61,3000,199.62,4400
2026-07-16 09:33:42.450,NVDA,199.56,199.54,800,199.53,1700,199.52,2900,199.51,4800,199.5,4500,199.58,1700,199.59,3300,199.6,300,199.61,3400,199.62,3000
2026-07-16 09:33:42.756,NVDA,199.54,199.52,4500,199.51,4000,199.5,100,199.49,4600,199.48,3000,199.56,1900,199.57,3000,199.58,1500,199.59,2400,199.6,3700
2026-07-16 09:33:43.180,NVDA,199.52,199.5,2100,199.49,3600,199.48,1000,199.47,600,199.46,1400,199.54,1400,199.55,100,199.56,3100,199.57,3800,199.58,3900
2026-07-16 09:33:43.504,NVDA,199.52,199.5,4100,199.49,5000,199.48,2900,199.47,4500,199.46,1500,199.54,4300,199.55,300,199.56,4600,199.57,1400,199.58,800
2026-07-16 09:33:43.859,NVDA,199.54,199.52,5000,199.51,4800,199.5,1600,199.49,5000,199.48,1700,199.56,2400,199.57,3400,199.58,800,199.59,3700,199.6,3300
2026-07-16 09:33:44.072,NVDA,199.52,199.5,4800,199.49,1700,199.48,2800,199.47,4500,199.46,100,199.54,1000,199.55,1400,199.56,2500,199.57,4900,199.58,1800
2026-07-16 09:33:44.124,NVDA,199.52,199.5,1300,199.49,900,199.48,3200,199.47,600,199.46,1000,199.54,2800,199.55,100,199.56,2500,199.57,3900,199.58,100
2026-07-16 09:33:44.425,NVDA,199.51,199.49,2800,199.48,3700,199.47,1300,199.46,1500,199.45,1100,199.53,600,199.54,3100,199.55,4100,199.56,3400,199.57,2500
2026-07-16 09:33:44.698,NVDA,199.5,199.48,3100,199.47,4500,199.46,3500,199.45,400,199.44,1100,199.52,4500,199.53,4500,199.54,2100,199.55,3000,199.56,1600
2026-07-16 09:33:44.930,NVDA,199.5,199.48,2500,199.47,1900,199.46,2000,199.45,4500,199.44,2800,199.52,4700,199.53,3900,199.54,800,199.55,2500,199.56,1600
2026-07-16 09:33:45.360,NVDA,199.52,199.5,2200,199.49,3800,199.48,1600,199.47,1000,199.46,1600,199.54,2600,199.55,1300,199.56,2400,199.57,3500,199.58,1200
2026-07-16 09:33:45.653,NVDA,199.51,199.49,100,199.48,1400,199.47,4000,199.46,3200,199.45,3800,199.53,2800,199.54,3800,199.55,1300,199.56,400,199.57,4700
2026-07-16 09:33:45.817,NVDA,199.49,199.47,3800,199.46,600,199.45,2700,199.44,1200,199.43,1400,199.51,3900,199.52,100,199.53,900,199.54,3800,199.55,4900
2026-07-16 09:33:45.872,NVDA,199.48,199.46,100,199.45,2400,199.44,4100,199.43,1100,199.42,3500,199.5,2100,199.51,3700,199.52,5000,199.53,1400,199.54,1800
2026-07-16 09:33:45.882,NVDA,199.5,199.48,600,199.47,2700,199.46,4400,199.45,1100,199.44,4400,199.52,3800,199.53,2700,199.54,4400,199.55,2400,199.56,2500
2026-07-16 09:33:46.061,NVDA,199.51,199.49,3400,199.48,3400,199.47,3000,199.46,1500,199.45,1500,199.53,2700,199.54,3300,199.55,100,199.56,3400,199.57,3800
2026-07-16 09:33:46.256,NVDA,199.51,199.49,4800,199.48,4600,199.47,3900,199.46,300,199.45,600,199.53,2900,199.54,2500,199.55,4800,199.56,400,199.57,1300
2026-07-16 09:33:46.646,NVDA,199.49,199.47,1000,199.46,200,199.45,300,199.44,2200,199.43,2500,199.51,4400,199.52,200,199.53,700,199.54,1500,199.55,200
2026-07-16 09:33:46.895,NVDA,199.47,199.45,3400,199.44,2700,199.43,4700,199.42,3000,199.41,2700,199.49,2800,199.5,1200,199.51,3400,199.52,4300,199.53,2900
2026-07-16 09:33:47.229,NVDA,199.49,199.47,4000,199.46,1100,199.45,1200,199.44,1000,199.43,4100,199.51,4500,199.52,4900,199.53,4000,199.54,3300,199.55,900
2026-07-16 09:33:47.356,NVDA,199.5,199.48,4700,199.47,500,199.46,1800,199.45,2600,199.44,2600,199.52,200,199.53,1300,199.54,600,199.55,4300,199.56,700
2026-07-16 09:33:47.713,NVDA,199.5,199.48,4200,199.47,4700,199.46,2200,199.45,100,199.44,4600,199.52,3900,199.53,3800,199.54,4000,199.55,2700,199.56,4200
2026-07-16 09:33:48.108,NVDA,199.5,199.48,2600,199.47,2900,199.46,800,199.45,2400,199.44,4300,199.52,400,199.53,2700,199.54,4900,199.55,4900,199.56,2900
2026-07-16 09:33:48.214,NVDA,199.49,199.47,2900,199.46,700,199.45,2400,199.44,3000,199.43,3600,199.51,1800,199.52,4800,199.53,3900,199.54,4900,199.55,3200
2026-07-16 09:33:48.677,NVDA,199.47,199.45,5000,199.44,800,199.43,2200,199.42,4500,199.41,1200,199.49,3500,199.5,1500,199.51,3900,199.52,2900,199.53,1500
2026-07-16 09:33:48.901,NVDA,199.45,199.43,3100,199.42,3300,199.41,3900,199.4,2700,199.39,100,199.47,1300,199.48,2700,199.49,800,199.5,1900,199.51,4900
2026-07-16 09:33:49.378,NVDA,199.45,199.43,3900,199.42,4500,199.41,3200,199.4,2300,199.39,4700,199.47,2700,199.48,800,199.49,3800,199.5,2200,199.51,800
2026-07-16 09:33:49.525,NVDA,199.44,199.42,2500,199.41,2200,199.4,900,199.39,1600,199.38,4100,199.46,1400,199.47,4500,199.48,3400,199.49,4300,199.5,2800
2026-07-16 09:33:49.909,NVDA,199.44,199.42,4800,199.41,4300,199.4,500,199.39,300,199.38,2100,199.46,2000,199.47,4600,199.48,1800,199.49,1900,199.5,1200
2026-07-16 09:33:50.318,NVDA,199.46,199.44,2400,199.43,2000,199.42,600,199.41,300,199.4,200,199.48,1200,199.49,1200,199.5,800,199.51,500,199.52,2600
2026-07-16 09:33:50.564,NVDA,199.47,199.45,4200,199.44,800,199.43,600,199.42,3100,199.41,4900,199.49,4200,199.5,5000,199.51,2100,199.52,3800,199.53,4900
2026-07-16 09:33:50.589,NVDA,199.49,199.47,2500,199.46,2600,199.45,3700,199.44,100,199.43,3300,199.51,100,199.52,2400,199.53,2000,199.54,1700,199.55,100
2026-07-16 09:33:50.752,NVDA,199.47,199.45,3400,199.44,2600,199.43,2200,199.42,4300,199.41,4100,199.49,3700,199.5,5000,199.51,100,199.52,800,199.53,3300
2026-07-16 09:33:51.042,NVDA,199.47,199.45,3700,199.44,4200,199.43,300,199.42,3900,199.41,600,199.49,1300,199.5,1400,199.51,4800,199.52,2700,199.53,1100
2026-07-16 09:33:51.462,NVDA,199.45,199.43,2800,199.42,2700,199.41,3300,199.4,1100,199.39,500,199.47,4800,199.48,500,199.49,500,199.5,900,199.51,2300
2026-07-16 09:33:51.780,NVDA,199.44,199.42,700,199.41,3000,199.4,900,199.39,2400,199.38,1800,199.46,3600,199.47,2400,199.48,1500,199.49,4200,199.5,1500
2026-07-16 09:33:52.231,NVDA,199.46,199.44,4600,199.43,1500,199.42,4600,199.41,3000,199.4,1900,199.48,2000,199.49,3800,199.5,2600,199.51,3500,199.52,3000
2026-07-16 09:33:52.454,NVDA,199.47,199.45,2900,199.44,3300,199.43,1900,199.42,1800,199.41,700,199.49,4500,199.5,1600,199.51,2600,199.52,5000,199.53,4300
2026-07-16 09:33:52.482,NVDA,199.46,199.44,800,199.43,800,199.42,4100,199.41,900,199.4,2400,199.48,3300,199.49,3200,199.5,2800,199.51,900,199.52,5000
2026-07-16 09:33:52.900,NVDA,199.48,199.46,500,199.45,3100,199.44,5000,199.43,300,199.42,200,199.5,1500,199.51,2700,199.52,1900,199.53,800,199.54,4500
2026-07-16 09:33:52.940,NVDA,199.49,199.47,3800,199.46,4700,199.45,1900,199.44,2000,199.43,1900,199.51,800,199.52,3800,199.53,1300,199.54,3400,199.55,3900
2026-07-16 09:33:52.983,NVDA,199.5,199.48,2800,199.47,1900,199.46,1200,199.45,1500,199.44,2000,199.52,4900,199.53,4200,199.54,4500,199.55,1800,199.56,2500
2026-07-16 09:33:53.096,NVDA,199.5,199.48,5000,199.47,1600,199.46,1500,199.45,4500,199.44,3800,199.52,2000,199.53,4900,199.54,1500,199.55,1200,199.56,500
2026-07-16 09:33:53.523,NVDA,199.5,199.48,1800,199.47,5000,199.46,3600,199.45,2600,199.44,1300,199.52,100,199.53,4400,199.54,700,199.55,1900,199.56,4800
2026-07-16 09:33:53.854,NVDA,199.5,199.48,5000,199.47,2400,199.46,4000,199.45,2500,199.44,3800,199.52,3800,199.53,700,199.54,3300,199.55,1700,199.56,3900
2026-07-16 09:33:53.957,NVDA,199.5,199.48,2900,199.47,400,199.46,1200,199.45,2900,199.44,3900,199.52,1200,199.53,4900,199.54,1600,199.55,100,199.56,2900
2026-07-16 09:33:54.208,NVDA,199.49,199.47,1200,199.46,200,199.45,3000,199.44,2700,199.43,1000,199.51,4300,199.52,800,199.53,1900,199.54,2400,199.55,4200
2026-07-16 09:33:54.411,NVDA,199.48,199.46,3500,199.45,4700,199.44,2400,199.43,300,199.42,3000,199.5,3600,199.51,1300,199.52,1800,199.53,300,199.54,1200
2026-07-16 09:33:54.684,NVDA,199.48,199.46,4300,199.45,2200,199.44,2400,199.43,500,199.42,1600,199.5,800,199.51,600,199.52,2900,199.53,2800,199.54,1200
2026-07-16 09:33:54.714,NVDA,199.5,199.48,2500,199.47,3300,199.46,2400,199.45,1300,199.44,5000,199.52,1300,199.53,2100,199.54,4900,199.55,1600,199.56,1900
2026-07-16 09:33:55.094,NVDA,199.52,199.5,4100,199.49,2000,199.48,3200,199.47,3300,199.46,2300,199.54,4900,199.55,800,199.56,1100,199.57,4200,199.58,3100
2026-07-16 09:33:55.156,NVDA,199.51,199.49,4700,199.48,3300,199.47,3400,199.46,5000,199.45,1200,199.53,2900,199.54,600,199.55,3400,199.56,2200,199.57,3800
2026-07-16 09:33:55.216,NVDA,199.52,199.5,4600,199.49,4800,199.48,4900,199.47,1200,199.46,1900,199.54,2400,199.55,4700,199.56,400,199.57,1000,199.58,1300
2026-07-16 09:33:55.374,NVDA,199.52,199.5,3400,199.49,3500,199.48,3500,199.47,500,199.46,2800,199.54,1900,199.55,3400,199.56,4900,199.57,1500,199.58,4700
2026-07-16 09:33:55.648,NVDA,199.53,199.51,2300,199.5,3300,199.49,4800,199.48,600,199.47,700,199.55,3500,199.56,2400,199.57,600,199.58,1100,199.59,100
2026-07-16 09:33:56.015,NVDA,199.54,199.52,3800,199.51,2000,199.5,2200,199.49,2900,199.48,2500,199.56,1400,199.57,4700,199.58,700,199.59,2700,199.6,100
2026-07-16 09:33:56.472,NVDA,199.55,199.53,3800,199.52,1100,199.51,1400,199.5,400,199.49,1000,199.57,700,199.58,1800,199.59,1900,199.6,3700,199.61,4600
2026-07-16 09:33:56.936,NVDA,199.56,199.54,4200,199.53,4700,199.52,3600,199.51,3100,199.5,1100,199.58,300,199.59,2500,199.6,3100,199.61,3900,199.62,800
2026-07-16 09:33:57.432,NVDA,199.57,199.55,3300,199.54,300,199.53,2500,199.52,3700,199.51,800,199.59,700,199.6,4200,199.61,1100,199.62,4100,199.63,3100
2026-07-16 09:33:57.646,NVDA,199.55,199.53,3200,199.52,2100,199.51,3900,199.5,3600,199.49,3300,199.57,1100,199.58,2500,199.59,2300,199.6,2400,199.61,1300
2026-07-16 09:33:58.137,NVDA,199.56,199.54,1600,199.53,3800,199.52,1600,199.51,300,199.5,3400,199.58,3900,199.59,2100,199.6,3200,199.61,1600,199.62,2000
2026-07-16 09:33:58.401,NVDA,199.58,199.56,4800,199.55,2000,199.54,500,199.53,1500,199.52,3300,199.6,400,199.61,1300,199.62,3400,199.63,4500,199.64,3900
2026-07-16 09:33:58.889,NVDA,199.57,199.55,4000,199.54,300,199.53,4200,199.52,3300,199.51,100,199.59,4600,199.6,2200,199.61,4700,199.62,4500,199.63,800
2026-07-16 09:33:58.953,NVDA,199.58,199.56,1500,199.55,3900,199.54,2200,199.53,2300,199.52,1600,199.6,4000,199.61,2300,199.62,3000,199.63,4000,199.64,400
2026-07-16 09:33:59.150,NVDA,199.56,199.54,3200,199.53,4900,199.52,2200,199.51,1600,199.5,4800,199.58,1100,199.59,4100,199.6,2500,199.61,400,199.62,1300
2026-07-16 09:33:59.503,NVDA,199.56,199.54,3000,199.53,4000,199.52,3700,199.51,1500,199.5,300,199.58,3700,199.59,4600,199.6,2300,199.61,3800,199.62,1200
2026-07-16 09:33:59.826,NVDA,199.56,199.54,100,199.53,3100,199.52,1000,199.51,400,199.5,4900,199.58,4200,199.59,1500,199.6,1700,199.61,2900,199.62,2600
2026-07-16 09:33:59.902,NVDA,199.58,199.56,4200,199.55,2400,199.54,4500,199.53,3900,199.52,2900,199.6,100,199.61,2100,199.62,1100,199.63,2100,199.64,1300
2026-07-16 09:34:00.055,NVDA,199.58,199.56,1100,199.55,3500,199.54,4500,199.53,2300,199.52,2500,199.6,2900,199.61,2200,199.62,2600,199.63,1400,199.64,5000
2026-07-16 09:34:00.278,NVDA,199.58,199.56,1900,199.55,1800,199.54,3800,199.53,4100,199.52,2200,199.6,3800,199.61,100,199.62,1700,199.63,700,199.64,4500
2026-07-16 09:34:00.322,NVDA,199.56,199.54,3000,199.53,5000,199.52,4800,199.51,3600,199.5,3000,199.58,3900,199.59,4400,199.6,1300,199.61,200,199.62,3700
2026-07-16 09:34:00.487,NVDA,199.55,199.53,1100,199.52,300,199.51,2700,199.5,400,199.49,1200,199.57,4800,199.58,1400,199.59,3700,199.6,1800,199.61,3900
2026-07-16 09:34:00.592,NVDA,199.55,199.53,2600,199.52,3700,199.51,3000,199.5,5000,199.49,3500,199.57,100,199.58,3300,199.59,2700,199.6,3400,199.61,1400
2026-07-16 09:34:00.673,NVDA,199.57,199.55,2900,199.54,4800,199.53,600,199.52,2000,199.51,2200,199.59,4500,199.6,4200,199.61,4800,199.62,3300,199.63,400
2026-07-16 09:34:01.149,NVDA,199.56,199.54,3900,199.53,1500,199.52,4700,199.51,4900,199.5,2000,199.58,2400,199.59,1700,199.6,3300,199.61,3800,199.62,4200
2026-07-16 09:34:01.250,NVDA,199.54,199.52,1900,199.51,2800,199.5,4700,199.49,2300,199.48,1300,199.56,1900,199.57,4600,199.58,600,199.59,800,199.6,600
2026-07-16 09:34:01.411,NVDA,199.53,199.51,2500,199.5,400,199.49,3900,199.48,400,199.47,4900,199.55,3500,199.56,4900,199.57,200,199.58,3400,199.59,3700
2026-07-16 09:34:01.666,NVDA,199.52,199.5,4200,199.49,4000,199.48,300,199.47,500,199.46,3900,199.54,4300,199.55,3900,199.56,900,199.57,1800,199.58,200
2026-07-16 09:34:01.847,NVDA,199.52,199.5,4700,199.49,3700,199.48,2700,199.47,600,199.46,1700,199.54,1200,199.55,2000,199.56,2800,199.57,500,199.58,4100
2026-07-16 09:34:02.211,NVDA,199.54,199.52,3800,199.51,1600,199.5,700,199.49,4200,199.48,2500,199.56,3300,199.57,800,199.58,900,199.59,2400,199.6,1200
2026-07-16 09:34:02.528,NVDA,199.53,199.51,4700,199.5,3800,199.49,4700,199.48,3900,199.47,2000,199.55,4600,199.56,100,199.57,3000,199.58,4700,199.59,4800
2026-07-16 09:34:03.022,NVDA,199.52,199.5,600,199.49,1400,199.48,900,199.47,1700,199.46,1100,199.54,800,199.55,300,199.56,1400,199.57,1300,199.58,3100
2026-07-16 09:34:03.441,NVDA,199.51,199.49,3400,199.48,1800,199.47,3300,199.46,3800,199.45,600,199.53,4100,199.54,4800,199.55,1900,199.56,300,199.57,3300
2026-07-16 09:34:03.899,NVDA,199.53,199.51,4400,199.5,300,199.49,1700,199.48,4000,199.47,3200,199.55,2600,199.56,4200,199.57,2400,199.58,4200,199.59,500
2026-07-16 09:34:03.964,NVDA,199.52,199.5,2500,199.49,3500,199.48,2300,199.47,300,199.46,1400,199.54,1300,199.55,3000,199.56,4500,199.57,1400,199.58,1800
2026-07-16 09:34:04.461,NVDA,199.54,199.52,2700,199.51,3300,199.5,2300,199.49,4900,199.48,500,199.56,1800,199.57,2000,199.58,5000,199.59,3300,199.6,2500
2026-07-16 09:34:04.572,NVDA,199.55,199.53,4800,199.52,4600,199.51,2200,199.5,2500,199.49,2200,199.57,4600,199.58,4700,199.59,1600,199.6,5000,199.61,2600
2026-07-16 09:34:05.051,NVDA,199.57,199.55,1700,199.54,4700,199.53,500,199.52,3100,199.51,2600,199.59,1100,199.6,2500,199.61,3300,199.62,4100,199.63,4500
2026-07-16 09:34:05.261,NVDA,199.56,199.54,4900,199.53,400,199.52,2100,199.51,2100,199.5,3500,199.58,3700,199.59,2400,199.6,1600,199.61,4500,199.62,1900
2026-07-16 09:34:05.424,NVDA,199.56,199.54,2900,199.53,5000,199.52,5000,199.51,2000,199.5,4800,199.58,5000,199.59,500,199.6,700,199.61,3600,199.62,600
2026-07-16 09:34:05.730,NVDA,199.58,199.56,1500,199.55,1400,199.54,3200,199.53,3200,199.52,3100,199.6,4400,199.61,3200,199.62,1000,199.63,3300,199.64,500
2026-07-16 09:34:05.838,NVDA,199.57,199.55,3400,199.54,2800,199.53,1600,199.52,2700,199.51,600,199.59,3200,199.6,400,199.61,3900,199.62,2000,199.63,2600
2026-07-16 09:34:05.942,NVDA,199.57,199.55,2400,199.54,2900,199.53,100,199.52,4400,199.51,3900,199.59,4800,199.6,1000,199.61,3000,199.62,2300,199.63,800
2026-07-16 09:34:06.322,NVDA,199.55,199.53,4100,199.52,3800,199.51,4200,199.5,3100,199.49,2100,199.57,1100,199.58,1400,199.59,3500,199.6,2100,199.61,2900
2026-07-16 09:34:06.556,NVDA,199.54,199.52,2300,199.51,300,199.5,2000,199.49,600,199.48,600,199.56,2800,199.57,2900,199.58,4800,199.59,4200,199.6,1400
2026-07-16 09:34:07.008,NVDA,199.54,199.52,3000,199.51,1100,199.5,3800,199.49,3700,199.48,800,199.56,4800,199.57,2000,199.58,400,199.59,1700,199.6,3100
2026-07-16 09:34:07.335,NVDA,199.53,199.51,1700,199.5,1900,199.49,3200,199.48,400,199.47,1600,199.55,4300,199.56,3000,199.57,500,199.58,3600,199.59,3500
2026-07-16 09:34:07.690,NVDA,199.54,199.52,3700,199.51,200,199.5,5000,199.49,4300,199.48,900,199.56,100,199.57,4300,199.58,2500,199.59,3700,199.6,4700
2026-07-16 09:34:07.909,NVDA,199.53,199.51,2300,199.5,4700,199.49,700,199.48,3300,199.47,3000,199.55,2800,199.56,100,199.57,3400,199.58,1300,199.59,3800
2026-07-16 09:34:07.940,NVDA,199.51,199.49,2800,199.48,1900,199.47,1400,199.46,4600,199.45,3700,199.53,2700,199.54,4300,199.55,4100,199.56,1000,199.57,2800
2026-07-16 09:34:08.033,NVDA,199.5,199.48,3600,199.47,2700,199.46,3100,199.45,1100,199.44,1200,199.52,1100,199.53,4400,199.54,1700,199.55,1400,199.56,1700
2026-07-16 09:34:08.256,NVDA,199.52,199.5,3800,199.49,1600,199.48,3100,199.47,4500,199.46,1400,199.54,3000,199.55,2000,199.56,1700,199.57,4200,199.58,3900
2026-07-16 09:34:08.673,NVDA,199.52,199.5,3500,199.49,3200,199.48,1800,199.47,2200,199.46,3800,199.54,300,199.55,200,199.56,4800,199.57,3400,199.58,600
2026-07-16 09:34:08.738,NVDA,199.51,199.49,1000,199.48,100,199.47,3700,199.46,1600,199.45,100,199.53,3100,199.54,3900,199.55,1800,199.56,3900,199.57,3800
2026-07-16 09:34:09.079,NVDA,199.49,199.47,1100,199.46,1800,199.45,1900,199.44,1400,199.43,3000,199.51,4400,199.52,2300,199.53,3800,199.54,4000,199.55,3600
2026-07-16 09:34:09.487,NVDA,199.48,199.46,300,199.45,100,199.44,2400,199.43,500,199.42,700,199.5,100,199.51,200,199.52,1200,199.53,4900,199.54,1900
2026-07-16 09:34:09.929,NVDA,199.5,199.48,2700,199.47,100,199.46,1500,199.45,2100,199.44,3600,199.52,1400,199.53,3300,199.54,1700,199.55,800,199.56,300
2026-07-16 09:34:10.390,NVDA,199.48,199.46,2800,199.45,4500,199.44,1900,199.43,1900,199.42,1700,199.5,3900,199.51,1900,199.52,1400,199.53,3000,199.54,2100
2026-07-16 09:34:10.472,NVDA,199.48,199.46,2300,199.45,1600,199.44,2100,199.43,3700,199.42,4800,199.5,2000,199.51,2800,199.52,4400,199.53,4900,199.54,4700
2026-07-16 09:34:10.600,NVDA,199.47,199.45,2200,199.44,100,199.43,4000,199.42,2000,199.41,3400,199.49,600,199.5,2900,199.51,5000,199.52,3400,199.53,300
2026-07-16 09:34:10.990,NVDA,199.49,199.47,1800,199.46,4300,199.45,4100,199.44,2400,199.43,3800,199.51,1300,199.52,4300,199.53,3300,199.54,3500,199.55,800
2026-07-16 09:34:11.371,NVDA,199.5,199.48,2700,199.47,3700,199.46,900,199.45,2100,199.44,2600,199.52,4400,199.53,3400,199.54,4300,199.55,100,199.56,3400
2026-07-16 09:34:11.699,NVDA,199.48,199.46,4700,199.45,1700,199.44,300,199.43,2100,199.42,1500,199.5,2400,199.51,3700,199.52,2600,199.53,4600,199.54,4900
2026-07-16 09:34:11.980,NVDA,199.49,199.47,1900,199.46,3100,199.45,1900,199.44,1000,199.43,4300,199.51,800,199.52,2900,199.53,3900,199.54,3800,199.55,3500
2026-07-16 09:34:12.164,NVDA,199.48,199.46,1000,199.45,1900,199.44,3100,199.43,4000,199.42,5000,199.5,4700,199.51,4000,199.52,4100,199.53,2800,199.54,600
2026-07-16 09:34:12.476,NVDA,199.5,199.48,1000,199.47,1000,199.46,500,199.45,1400,199.44,500,199.52,4800,199.53,5000,199.54,3100,199.55,1100,199.56,400
2026-07-16 09:34:12.636,NVDA,199.49,199.47,1100,199.46,1600,199.45,3600,199.44,4100,199.43,4600,199.51,2500,199.52,1100,199.53,800,199.54,1900,199.55,1100
2026-07-16 09:34:12.964,NVDA,199.5,199.48,1400,199.47,1200,199.46,2900,199.45,3900,199.44,3100,199.52,4000,199.53,3700,199.54,700,199.55,3900,199.56,1100
2026-07-16 09:34:13.335,NVDA,199.51,199.49,1100,199.48,4200,199.47,2400,199.46,2600,199.45,3600,199.53,4600,199.54,1300,199.55,2200,199.56,5000,199.57,3000
2026-07-16 09:34:13.827,NVDA,199.51,199.49,1200,199.48,2700,199.47,600,199.46,3100,199.45,2400,199.53,900,199.54,2500,199.55,1000,199.56,4100,199.57,1800
2026-07-16 09:34:13.920,NVDA,199.49,199.47,3500,199.46,2900,199.45,4400,199.44,2600,199.43,3400,199.51,2000,199.52,2600,199.53,5000,199.54,4200,199.55,4700
2026-07-16 09:34:14.014,NVDA,199.47,199.45,3000,199.44,600,199.43,3900,199.42,2000,199.41,800,199.49,1500,199.5,1200,199.51,4900,199.52,3600,199.53,1300
2026-07-16 09:34:14.261,NVDA,199.45,199.43,1900,199.42,4900,199.41,100,199.4,2800,199.39,600,199.47,3400,199.48,500,199.49,2900,199.5,4600,199.51,4900
2026-07-16 09:34:14.746,NVDA,199.45,199.43,2300,199.42,3500,199.41,1400,199.4,100,199.39,4600,199.47,4100,199.48,900,199.49,2400,199.5,1300,199.51,2300
2026-07-16 09:34:15.081,NVDA,199.47,199.45,3700,199.44,700,199.43,1700,199.42,2800,199.41,1800,199.49,4800,199.5,3700,199.51,1100,199.52,4800,199.53,4200
2026-07-16 09:34:15.556,NVDA,199.49,199.47,1000,199.46,4800,199.45,5000,199.44,2500,199.43,200,199.51,1500,199.52,3100,199.53,2700,199.54,2200,199.55,1400
2026-07-16 09:34:15.816,NVDA,199.49,199.47,3400,199.46,3900,199.45,4600,199.44,1500,199.43,1200,199.51,4100,199.52,4500,199.53,3100,199.54,2100,199.55,4700
2026-07-16 09:34:15.855,NVDA,199.48,199.46,3000,199.45,1000,199.44,4200,199.43,1100,199.42,5000,199.5,4000,199.51,2000,199.52,600,199.53,1300,199.54,4300
2026-07-16 09:34:16.341,NVDA,199.48,199.46,3300,199.45,2700,199.44,200,199.43,2900,199.42,4200,199.5,4000,199.51,1700,199.52,2900,199.53,200,199.54,3400
2026-07-16 09:34:16.749,NVDA,199.48,199.46,3300,199.45,3100,199.44,2000,199.43,1500,199.42,600,199.5,3900,199.51,500,199.52,900,199.53,800,199.54,4200
2026-07-16 09:34:17.056,NVDA,199.49,199.47,4700,199.46,3100,199.45,200,199.44,1600,199.43,4100,199.51,3900,199.52,3100,199.53,3000,199.54,2100,199.55,2900
2026-07-16 09:34:17.172,NVDA,199.5,199.48,4000,199.47,1400,199.46,900,199.45,1200,199.44,3200,199.52,2900,199.53,3700,199.54,1300,199.55,700,199.56,1400
2026-07-16 09:34:17.640,NVDA,199.51,199.49,2600,199.48,3700,199.47,4700,199.46,4500,199.45,2700,199.53,3900,199.54,200,199.55,1300,199.56,4500,199.57,2800
2026-07-16 09:34:18.067,NVDA,199.49,199.47,800,199.46,3400,199.45,4800,199.44,4300,199.43,1600,199.51,4000,199.52,2000,199.53,1200,199.54,4100,199.55,1000
2026-07-16 09:34:18.561,NVDA,199.51,199.49,4600,199.48,4900,199.47,3300,199.46,1800,199.45,1500,199.53,100,199.54,3100,199.55,4100,199.56,3600,199.57,1200
2026-07-16 09:34:18.701,NVDA,199.52,199.5,1900,199.49,3200,199.48,600,199.47,700,199.46,2900,199.54,4300,199.55,2700,199.56,1000,199.57,3600,199.58,2900
2026-07-16 09:34:19.079,NVDA,199.52,199.5,2700,199.49,2900,199.48,200,199.47,3100,199.46,5000,199.54,1300,199.55,700,199.56,2000,199.57,4300,199.58,4300
2026-07-16 09:34:19.231,NVDA,199.54,199.52,4200,199.51,700,199.5,2300,199.49,1200,199.48,3300,199.56,3500,199.57,4000,199.58,200,199.59,1500,199.6,1700
2026-07-16 09:34:19.552,NVDA,199.56,199.54,1500,199.53,2200,199.52,2300,199.51,2900,199.5,3700,199.58,1900,199.59,3800,199.6,100,199.61,4900,199.62,2000
2026-07-16 09:34:19.774,NVDA,199.54,199.52,300,199.51,2800,199.5,1700,199.49,4600,199.48,200,199.56,1700,199.57,2000,199.58,1600,199.59,1400,199.6,500
2026-07-16 09:34:20.175,NVDA,199.53,199.51,4200,199.5,4800,199.49,3500,199.48,4000,199.47,1300,199.55,500,199.56,2600,199.57,2700,199.58,2600,199.59,900
2026-07-16 09:34:20.273,NVDA,199.52,199.5,1700,199.49,500,199.48,3100,199.47,3700,199.46,4600,199.54,300,199.55,300,199.56,500,199.57,1000,199.58,3200
2026-07-16 09:34:20.404,NVDA,199.53,199.51,2200,199.5,2900,199.49,4000,199.48,5000,199.47,1900,199.55,1100,199.56,1400,199.57,4400,199.58,1600,199.59,700
2026-07-16 09:34:20.544,NVDA,199.53,199.51,1300,199.5,4200,199.49,4400,199.48,1100,199.47,1300,199.55,1600,199.56,500,199.57,1300,199.58,2200,199.59,4200
2026-07-16 09:34:21.040,NVDA,199.54,199.52,2400,199.51,1400,199.5,1700,199.49,2900,199.48,4600,199.56,300,199.57,1400,199.58,1900,199.59,1200,199.6,3900
2026-07-16 09:34:21.112,NVDA,199.55,199.53,600,199.52,600,199.51,100,199.5,1300,199.49,3700,199.57,4300,199.58,600,199.59,4100,199.6,200,199.61,2100
2026-07-16 09:34:21.206,NVDA,199.56,199.54,2800,199.53,3200,199.52,2300,199.51,1500,199.5,4500,199.58,300,199.59,700,199.6,3600,199.61,2900,199.62,4400
2026-07-16 09:34:21.387,NVDA,199.57,199.55,5000,199.54,700,199.53,3800,199.52,700,199.51,1100,199.59,300,199.6,4100,199.61,3800,199.62,1300,199.63,1600
2026-07-16 09:34:21.769,NVDA,199.59,199.57,3400,199.56,800,199.55,3800,199.54,4800,199.53,400,199.61,2000,199.62,4900,199.63,3100,199.64,3800,199.65,3000
2026-07-16 09:34:22.119,NVDA,199.58,199.56,2000,199.55,2600,199.54,2200,199.53,2100,199.52,2600,199.6,2300,199.61,200,199.62,200,199.63,1700,199.64,2400
2026-07-16 09:34:22.603,NVDA,199.59,199.57,1900,199.56,2700,199.55,200,199.54,700,199.53,300,199.61,3300,199.62,2300,199.63,3500,199.64,500,199.65,400
2026-07-16 09:34:22.814,NVDA,199.61,199.59,1400,199.58,2500,199.57,100,199.56,4100,199.55,400,199.63,1000,199.64,2100,199.65,2100,199.66,3500,199.67,300
2026-07-16 09:34:23.197,NVDA,199.62,199.6,4300,199.59,3400,199.58,700,199.57,4800,199.56,1200,199.64,4000,199.65,600,199.66,4100,199.67,400,199.68,2700
2026-07-16 09:34:23.471,NVDA,199.64,199.62,3100,199.61,4300,199.6,4300,199.59,1300,199.58,3100,199.66,1400,199.67,4100,199.68,2300,199.69,2200,199.7,1100
2026-07-16 09:34:23.588,NVDA,199.66,199.64,1000,199.63,1800,199.62,1400,199.61,3100,199.6,2500,199.68,1600,199.69,3100,199.7,700,199.71,3700,199.72,1000
2026-07-16 09:34:23.816,NVDA,199.67,199.65,2300,199.64,3400,199.63,1000,199.62,3300,199.61,800,199.69,4200,199.7,5000,199.71,2300,199.72,2600,199.73,2500
2026-07-16 09:34:24.271,NVDA,199.69,199.67,1100,199.66,1000,199.65,2800,199.64,100,199.63,1200,199.71,2200,199.72,4400,199.73,2800,199.74,1600,199.75,4400
2026-07-16 09:34:24.660,NVDA,199.69,199.67,2500,199.66,3300,199.65,3100,199.64,100,199.63,1100,199.71,3000,199.72,3600,199.73,4200,199.74,3700,199.75,2400
2026-07-16 09:34:24.980,NVDA,199.71,199.69,300,199.68,3900,199.67,300,199.66,300,199.65,3700,199.73,600,199.74,2000,199.75,3900,199.76,800,199.77,4300
2026-07-16 09:34:25.370,NVDA,199.72,199.7,2100,199.69,3800,199.68,2500,199.67,2600,199.66,500,199.74,500,199.75,4500,199.76,1000,199.77,1600,199.78,3300
2026-07-16 09:34:25.531,NVDA,199.71,199.69,4200,199.68,200,199.67,500,199.66,4600,199.65,900,199.73,600,199.74,2800,199.75,3800,199.76,4900,199.77,2600
2026-07-16 09:34:25.873,NVDA,199.71,199.69,4000,199.68,1600,199.67,500,199.66,4500,199.65,4900,199.73,400,199.74,1500,199.75,1000,199.76,3200,199.77,3800
2026-07-16 09:34:26.183,NVDA,199.71,199.69,600,199.68,1100,199.67,4200,199.66,800,199.65,3400,199.73,3800,199.74,2300,199.75,3600,199.76,1500,199.77,1100
2026-07-16 09:34:26.372,NVDA,199.71,199.69,4300,199.68,4900,199.67,700,199.66,700,199.65,3400,199.73,100,199.74,3700,199.75,900,199.76,300,199.77,2200
2026-07-16 09:34:26.516,NVDA,199.71,199.69,2100,199.68,1400,199.67,4500,199.66,200,199.65,700,199.73,4000,199.74,4100,199.75,4800,199.76,600,199.77,900
2026-07-16 09:34:26.567,NVDA,199.72,199.7,5000,199.69,3500,199.68,1500,199.67,500,199.66,1600,199.74,4300,199.75,2700,199.76,1600,199.77,1900,199.78,3500
2026-07-16 09:34:26.610,NVDA,199.74,199.72,500,199.71,1000,199.7,1300,199.69,4200,199.68,3600,199.76,4300,199.77,400,199.78,4200,199.79,3000,199.8,4900
2026-07-16 09:34:26.914,NVDA,199.75,199.73,4200,199.72,1400,199.71,2200,199.7,4900,199.69,1800,199.77,3500,199.78,2300,199.79,100,199.8,1000,199.81,4500
2026-07-16 09:34:27.183,NVDA,199.73,199.71,400,199.7,2500,199.69,1700,199.68,2800,199.67,4400,199.75,100,199.76,2100,199.77,1200,199.78,4400,199.79,3300
2026-07-16 09:34:27.639,NVDA,199.74,199.72,500,199.71,3700,199.7,3600,199.69,1700,199.68,1600,199.76,3100,199.77,2300,199.78,3000,199.79,5000,199.8,4100
2026-07-16 09:34:28.029,NVDA,199.75,199.73,2700,199.72,200,199.71,700,199.7,3900,199.69,4100,199.77,2000,199.78,2700,199.79,3200,199.8,3900,199.81,3900
2026-07-16 09:34:28.089,NVDA,199.74,199.72,4100,199.71,3300,199.7,4000,199.69,800,199.68,2800,199.76,700,199.77,2500,199.78,4900,199.79,1400,199.8,4600
2026-07-16 09:34:28.162,NVDA,199.74,199.72,3100,199.71,200,199.7,100,199.69,4400,199.68,1900,199.76,3500,199.77,2700,199.78,4900,199.79,4600,199.8,400
2026-07-16 09:34:28.268,NVDA,199.75,199.73,1700,199.72,1000,199.71,3800,199.7,2100,199.69,400,199.77,1700,199.78,4700,199.79,5000,199.8,1700,199.81,4900
2026-07-16 09:34:28.305,NVDA,199.77,199.75,800,199.74,500,199.73,2000,199.72,4200,199.71,1500,199.79,1400,199.8,4400,199.81,3900,199.82,1300,199.83,1600
2026-07-16 09:34:28.725,NVDA,199.76,199.74,1500,199.73,3500,199.72,3300,199.71,1400,199.7,4200,199.78,100,199.79,3600,199.8,2000,199.81,4200,199.82,4500
2026-07-16 09:34:28.971,NVDA,199.75,199.73,1200,199.72,3200,199.71,600,199.7,4400,199.69,100,199.77,4800,199.78,700,199.79,1100,199.8,3700,199.81,4200
2026-07-16 09:34:29.398,NVDA,199.76,199.74,200,199.73,4000,199.72,1600,199.71,1000,199.7,200,199.78,300,199.79,900,199.8,400,199.81,1800,199.82,2200
2026-07-16 09:34:29.729,NVDA,199.75,199.73,4000,199.72,2300,199.71,900,199.7,4500,199.69,3100,199.77,100,199.78,1500,199.79,3100,199.8,1800,199.81,3300
2026-07-16 09:34:29.836,NVDA,199.76,199.74,600,199.73,200,199.72,100,199.71,4700,199.7,4800,199.78,700,199.79,2200,199.8,4100,199.81,3700,199.82,3300
2026-07-16 09:34:30.301,NVDA,199.76,199.74,1300,199.73,1600,199.72,1200,199.71,4300,199.7,1900,199.78,4700,199.79,500,199.8,4200,199.81,3500,199.82,1600
2026-07-16 09:34:30.424,NVDA,199.76,199.74,4400,199.73,2300,199.72,2100,199.71,2300,199.7,3500,199.78,4300,199.79,4900,199.8,3900,199.81,400,199.82,3200
2026-07-16 09:34:30.482,NVDA,199.77,199.75,1800,199.74,1800,199.73,3000,199.72,1200,199.71,700,199.79,3300,199.8,900,199.81,1600,199.82,3500,199.83,2600
2026-07-16 09:34:30.784,NVDA,199.77,199.75,200,199.74,900,199.73,4900,199.72,3100,199.71,1100,199.79,2600,199.8,3800,199.81,2300,199.82,1000,199.83,2600
2026-07-16 09:34:30.899,NVDA,199.77,199.75,1700,199.74,3500,199.73,1600,199.72,1000,199.71,2900,199.79,5000,199.8,1400,199.81,1200,199.82,1200,199.83,1000
2026-07-16 09:34:31.193,NVDA,199.76,199.74,2100,199.73,1300,199.72,700,199.71,1700,199.7,3900,199.78,4100,199.79,4200,199.8,700,199.81,100,199.82,2600
2026-07-16 09:34:31.533,NVDA,199.75,199.73,3900,199.72,4400,199.71,2900,199.7,2600,199.69,3600,199.77,3000,199.78,4800,199.79,500,199.8,4300,199.81,1900
2026-07-16 09:34:31.710,NVDA,199.74,199.72,1300,199.71,100,199.7,2300,199.69,3600,199.68,700,199.76,3900,199.77,800,199.78,1800,199.79,2800,199.8,100
2026-07-16 09:34:32.027,NVDA,199.73,199.71,200,199.7,3800,199.69,3200,199.68,1200,199.67,3600,199.75,4800,199.76,4600,199.77,800,199.78,2800,199.79,4400
2026-07-16 09:34:32.272,NVDA,199.72,199.7,3400,199.69,5000,199.68,4400,199.67,2300,199.66,4300,199.74,3000,199.75,4900,199.76,2600,199.77,4200,199.78,2500
2026-07-16 09:34:32.643,NVDA,199.72,199.7,800,199.69,2100,199.68,2600,199.67,3500,199.66,4600,199.74,2000,199.75,3300,199.76,1900,199.77,1400,199.78,4700
2026-07-16 09:34:32.757,NVDA,199.74,199.72,4600,199.71,500,199.7,1100,199.69,800,199.68,3200,199.76,3400,199.77,800,199.78,1800,199.79,800,199.8,4600
2026-07-16 09:34:33.226,NVDA,199.74,199.72,1300,199.71,4600,199.7,3600,199.69,4400,199.68,3300,199.76,100,199.77,4400,199.78,4800,199.79,3100,199.8,4600
2026-07-16 09:34:33.674,NVDA,199.76,199.74,4700,199.73,1900,199.72,4400,199.71,2600,199.7,2600,199.78,500,199.79,3900,199.8,2500,199.81,4200,199.82,2600
2026-07-16 09:34:33.934,NVDA,199.74,199.72,1500,199.71,1800,199.7,800,199.69,3700,199.68,3900,199.76,2800,199.77,4400,199.78,3600,199.79,2100,199.8,3300
2026-07-16 09:34:34.042,NVDA,199.74,199.72,200,199.71,2700,199.7,400,199.69,2500,199.68,3800,199.76,4000,199.77,400,199.78,1000,199.79,800,199.8,2900
2026-07-16 09:34:34.260,NVDA,199.73,199.71,4400,199.7,3600,199.69,3900,199.68,2400,199.67,4700,199.75,3700,199.76,2300,199.77,1000,199.78,4200,199.79,1400
2026-07-16 09:34:34.392,NVDA,199.75,199.73,1300,199.72,4400,199.71,800,199.7,1300,199.69,4400,199.77,1600,199.78,1500,199.79,200,199.8,1400,199.81,2400
2026-07-16 09:34:34.613,NVDA,199.74,199.72,3400,199.71,600,199.7,2600,199.69,900,199.68,1600,199.76,900,199.77,3000,199.78,2000,199.79,2800,199.8,1600
2026-07-16 09:34:35.011,NVDA,199.73,199.71,3500,199.7,4900,199.69,1700,199.68,400,199.67,4100,199.75,4700,199.76,3200,199.77,3000,199.78,2500,199.79,4500
2026-07-16 09:34:35.162,NVDA,199.71,199.69,600,199.68,1900,199.67,500,199.66,500,199.65,2900,199.73,100,199.74,4300,199.75,3800,199.76,4700,199.77,4700
2026-07-16 09:34:35.525,NVDA,199.71,199.69,4000,199.68,4700,199.67,500,199.66,600,199.65,3900,199.73,4400,199.74,1100,199.75,1100,199.76,4600,199.77,300
2026-07-16 09:34:35.636,NVDA,199.73,199.71,400,199.7,5000,199.69,1100,199.68,4400,199.67,4000,199.75,2100,199.76,2000,199.77,2200,199.78,3700,199.79,800
2026-07-16 09:34:35.845,NVDA,199.72,199.7,900,199.69,200,199.68,4300,199.67,2300,199.66,1500,199.74,3100,199.75,3700,199.76,200,199.77,400,199.78,2500
2026-07-16 09:34:36.092,NVDA,199.74,199.72,600,199.71,4600,199.7,2200,199.69,1700,199.68,1800,199.76,300,199.77,3700,199.78,500,199.79,1800,199.8,3900
2026-07-16 09:34:36.170,NVDA,199.74,199.72,1400,199.71,200,199.7,4600,199.69,4800,199.68,800,199.76,2800,199.77,3100,199.78,2800,199.79,300,199.8,4000
2026-07-16 09:34:36.557,NVDA,199.73,199.71,2000,199.7,2900,199.69,800,199.68,2100,199.67,900,199.75,600,199.76,3500,199.77,3100,199.78,4500,199.79,800
2026-07-16 09:34:36.736,NVDA,199.71,199.69,300,199.68,900,199.67,1300,199.66,3300,199.65,3500,199.73,2200,199.74,2200,199.75,2600,199.76,4200,199.77,1600
2026-07-16 09:34:37.212,NVDA,199.73,199.71,3700,199.7,100,199.69,4800,199.68,3100,199.67,2200,199.75,3700,199.76,800,199.77,2100,199.78,4000,199.79,3700
2026-07-16 09:34:37.441,NVDA,199.75,199.73,1300,199.72,2800,199.71,800,199.7,3700,199.69,2400,199.77,2500,199.78,4100,199.79,200,199.8,900,199.81,2000
2026-07-16 09:34:37.490,NVDA,199.74,199.72,2900,199.71,1900,199.7,1000,199.69,2700,199.68,3300,199.76,2400,199.77,300,199.78,400,199.79,2000,199.8,1700
2026-07-16 09:34:37.554,NVDA,199.73,199.71,1600,199.7,900,199.69,3000,199.68,4000,199.67,4100,199.75,1400,199.76,3300,199.77,4300,199.78,400,199.79,2100
2026-07-16 09:34:37.824,NVDA,199.75,199.73,3200,199.72,1200,199.71,1800,199.7,1800,199.69,500,199.77,2000,199.78,1200,199.79,2700,199.8,2700,199.81,3200
2026-07-16 09:34:38.257,NVDA,199.75,199.73,1900,199.72,2500,199.71,4600,199.7,2000,199.69,800,199.77,3100,199.78,3400,199.79,4600,199.8,2400,199.81,500
2026-07-16 09:34:38.419,NVDA,199.76,199.74,2400,199.73,2900,199.72,1800,199.71,1400,199.7,1200,199.78,200,199.79,3100,199.8,2200,199.81,2400,199.82,2400
2026-07-16 09:34:38.882,NVDA,199.77,199.75,4100,199.74,1600,199.73,3400,199.72,1600,199.71,500,199.79,3900,199.8,1200,199.81,4700,199.82,1400,199.83,1400
2026-07-16 09:34:39.054,NVDA,199.76,199.74,2900,199.73,1100,199.72,4600,199.71,2300,199.7,4500,199.78,4000,199.79,500,199.8,300,199.81,700,199.82,3400
2026-07-16 09:34:39.496,NVDA,199.74,199.72,3800,199.71,4400,199.7,2800,199.69,200,199.68,1200,199.76,800,199.77,100,199.78,4900,199.79,1100,199.8,2800
2026-07-16 09:34:39.507,NVDA,199.72,199.7,700,199.69,2600,199.68,4900,199.67,4400,199.66,2100,199.74,4400,199.75,2200,199.76,4300,199.77,3700,199.78,3600
2026-07-16 09:34:39.562,NVDA,199.72,199.7,3300,199.69,1500,199.68,2700,199.67,300,199.66,1400,199.74,100,199.75,5000,199.76,4400,199.77,1200,199.78,4600
2026-07-16 09:34:39.800,NVDA,199.74,199.72,4300,199.71,3500,199.7,1200,199.69,1300,199.68,300,199.76,4600,199.77,3700,199.78,3400,199.79,3200,199.8,800
2026-07-16 09:34:40.156,NVDA,199.72,199.7,1600,199.69,100,199.68,4300,199.67,600,199.66,4100,199.74,4300,199.75,4400,199.76,3300,199.77,1000,199.78,3900
2026-07-16 09:34:40.367,NVDA,199.73,199.71,3900,199.7,3100,199.69,2400,199.68,3600,199.67,4400,199.75,3600,199.76,4300,199.77,2300,199.78,2000,199.79,500
2026-07-16 09:34:40.385,NVDA,199.71,199.69,3400,199.68,2700,199.67,2500,199.66,5000,199.65,3900,199.73,1000,199.74,1300,199.75,200,199.76,900,199.77,500
2026-07-16 09:34:40.785,NVDA,199.69,199.67,4500,199.66,400,199.65,2300,199.64,3900,199.63,300,199.71,1000,199.72,1400,199.73,3200,199.74,3000,199.75,1500
2026-07-16 09:34:40.923,NVDA,199.71,199.69,400,199.68,2600,199.67,2500,199.66,300,199.65,3000,199.73,3900,199.74,4500,199.75,1700,199.76,3400,199.77,500
2026-07-16 09:34:41.104,NVDA,199.69,199.67,4200,199.66,600,199.65,800,199.64,4200,199.63,100,199.71,4900,199.72,1700,199.73,2500,199.74,700,199.75,4900
2026-07-16 09:34:41.183,NVDA,199.7,199.68,4000,199.67,3900,199.66,4100,199.65,800,199.64,2500,199.72,4400,199.73,2300,199.74,2900,199.75,900,199.76,900
2026-07-16 09:34:41.604,NVDA,199.72,199.7,3600,199.69,600,199.68,4600,199.67,3500,199.66,1600,199.74,3300,199.75,2600,199.76,1000,199.77,3000,199.78,1700
2026-07-16 09:34:41.832,NVDA,199.73,199.71,600,199.7,1000,199.69,3600,199.68,3900,199.67,1100,199.75,3400,199.76,3500,199.77,4600,199.78,3700,199.79,4400
2026-07-16 09:34:42.054,NVDA,199.74,199.72,1000,199.71,4300,199.7,3400,199.69,1800,199.68,1900,199.76,1100,199.77,4900,199.78,3500,199.79,1100,199.8,1100
2026-07-16 09:34:42.415,NVDA,199.76,199.74,2700,199.73,1300,199.72,2700,199.71,900,199.7,2400,199.78,2100,199.79,4600,199.8,2900,199.81,3500,199.82,2900
2026-07-16 09:34:42.472,NVDA,199.74,199.72,700,199.71,1000,199.7,3000,199.69,4000,199.68,200,199.76,400,199.77,3700,199.78,2100,199.79,2800,199.8,3100
2026-07-16 09:34:42.811,NVDA,199.74,199.72,200,199.71,4200,199.7,4000,199.69,3100,199.68,2700,199.76,4400,199.77,1400,199.78,500,199.79,1400,199.8,3000
2026-07-16 09:34:43.122,NVDA,199.76,199.74,400,199.73,4800,199.72,600,199.71,3000,199.7,900,199.78,1500,199.79,1400,199.8,1900,199.81,2600,199.82,5000
2026-07-16 09:34:43.365,NVDA,199.76,199.74,3900,199.73,3800,199.72,2500,199.71,400,199.7,4600,199.78,1000,199.79,600,199.8,2800,199.81,4900,199.82,4800
2026-07-16 09:34:43.793,NVDA,199.77,199.75,3500,199.74,3000,199.73,1100,199.72,4300,199.71,1600,199.79,3500,199.8,3000,199.81,2000,199.82,3000,199.83,3100
2026-07-16 09:34:44.026,NVDA,199.76,199.74,800,199.73,900,199.72,1300,199.71,2300,199.7,1700,199.78,2000,199.79,3400,199.8,4000,199.81,3300,199.82,4000
2026-07-16 09:34:44.238,NVDA,199.77,199.75,4700,199.74,600,199.73,1200,199.72,2100,199.71,4600,199.79,1300,199.8,1000,199.81,3200,199.82,1900,199.83,3900
2026-07-16 09:34:44.298,NVDA,199.75,199.73,200,199.72,1000,199.71,4700,199.7,4300,199.69,2800,199.77,900,199.78,500,199.79,1100,199.8,3200,199.81,4400
2026-07-16 09:34:44.436,NVDA,199.73,199.71,1900,199.7,2600,199.69,100,199.68,5000,199.67,4000,199.75,4200,199.76,3700,199.77,900,199.78,4800,199.79,1400
2026-07-16 09:34:44.497,NVDA,199.71,199.69,2500,199.68,4400,199.67,5000,199.66,4000,199.65,400,199.73,1600,199.74,4700,199.75,1700,199.76,500,199.77,3900
2026-07-16 09:34:44.635,NVDA,199.72,199.7,3000,199.69,500,199.68,3500,199.67,600,199.66,3200,199.74,1100,199.75,4200,199.76,1400,199.77,500,199.78,2500
2026-07-16 09:34:44.812,NVDA,199.72,199.7,2900,199.69,300,199.68,900,199.67,500,199.66,2400,199.74,3100,199.75,2900,199.76,4900,199.77,4500,199.78,2400
2026-07-16 09:34:44.901,NVDA,199.71,199.69,3000,199.68,300,199.67,1600,199.66,1100,199.65,4600,199.73,3700,199.74,2400,199.75,1100,199.76,2600,199.77,5000
2026-07-16 09:34:44.987,NVDA,199.72,199.7,1300,199.69,2300,199.68,1400,199.67,2400,199.66,1600,199.74,1800,199.75,4500,199.76,1300,199.77,2800,199.78,3300
2026-07-16 09:34:45.106,NVDA,199.74,199.72,3300,199.71,4900,199.7,3800,199.69,400,199.68,3300,199.76,3400,199.77,4700,199.78,2400,199.79,3700,199.8,4000
2026-07-16 09:34:45.553,NVDA,199.75,199.73,3200,199.72,4200,199.71,4300,199.7,500,199.69,100,199.77,4000,199.78,4800,199.79,2000,199.8,900,199.81,2700
2026-07-16 09:34:45.589,NVDA,199.76,199.74,800,199.73,2800,199.72,1600,199.71,3900,199.7,3900,199.78,5000,199.79,200,199.8,500,199.81,1700,199.82,600
2026-07-16 09:34:45.878,NVDA,199.75,199.73,1100,199.72,3100,199.71,2700,199.7,2200,199.69,4300,199.77,700,199.78,2200,199.79,1900,199.8,4700,199.81,2100
2026-07-16 09:34:46.239,NVDA,199.73,199.71,2400,199.7,100,199.69,1300,199.68,2300,199.67,3900,199.75,4100,199.76,4200,199.77,3900,199.78,700,199.79,1400
2026-07-16 09:34:46.522,NVDA,199.71,199.69,5000,199.68,100,199.67,4200,199.66,3300,199.65,3800,199.73,1500,199.74,900,199.75,600,199.76,1400,199.77,3100
2026-07-16 09:34:46.636,NVDA,199.73,199.71,1200,199.7,1900,199.69,4500,199.68,1800,199.67,900,199.75,3500,199.76,100,199.77,3100,199.78,2600,199.79,3900
2026-07-16 09:34:46.806,NVDA,199.75,199.73,1200,199.72,1600,199.71,2900,199.7,1200,199.69,2100,199.77,1800,199.78,100,199.79,2000,199.8,1500,199.81,3500
2026-07-16 09:34:46.922,NVDA,199.73,199.71,2300,199.7,100,199.69,4300,199.68,4100,199.67,1700,199.75,2800,199.76,400,199.77,4500,199.78,4100,199.79,4800
2026-07-16 09:34:47.187,NVDA,199.73,199.71,4700,199.7,500,199.69,1200,199.68,4100,199.67,3800,199.75,1000,199.76,800,199.77,3900,199.78,4500,199.79,3600
2026-07-16 09:34:47.607,NVDA,199.74,199.72,3100,199.71,400,199.7,4800,199.69,1700,199.68,4500,199.76,3400,199.77,4300,199.78,3300,199.79,400,199.8,3300
2026-07-16 09:34:47.669,NVDA,199.72,199.7,400,199.69,1000,199.68,1700,199.67,3400,199.66,200,199.74,1100,199.75,2900,199.76,3100,199.77,2500,199.78,2500
2026-07-16 09:34:47.844,NVDA,199.71,199.69,4900,199.68,3600,199.67,300,199.66,700,199.65,400,199.73,400,199.74,3600,199.75,3000,199.76,3500,199.77,3300
2026-07-16 09:34:47.871,NVDA,199.69,199.67,4800,199.66,1700,199.65,200,199.64,2400,199.63,3200,199.71,3700,199.72,1300,199.73,1100,199.74,1100,199.75,5000
2026-07-16 09:34:48.041,NVDA,199.68,199.66,3500,199.65,2200,199.64,2600,199.63,4700,199.62,200,199.7,5000,199.71,4800,199.72,4300,199.73,3300,199.74,1600
2026-07-16 09:34:48.309,NVDA,199.68,199.66,3500,199.65,800,199.64,4600,199.63,2700,199.62,600,199.7,4600,199.71,3000,199.72,5000,199.73,1000,199.74,2900
2026-07-16 09:34:48.426,NVDA,199.68,199.66,500,199.65,4800,199.64,2000,199.63,1300,199.62,1400,199.7,3800,199.71,3200,199.72,2500,199.73,2800,199.74,3000
2026-07-16 09:34:48.662,NVDA,199.67,199.65,2700,199.64,1500,199.63,4600,199.62,400,199.61,600,199.69,1400,199.7,1200,199.71,1100,199.72,1600,199.73,700
2026-07-16 09:34:49.114,NVDA,199.66,199.64,5000,199.63,500,199.62,4300,199.61,2800,199.6,4100,199.68,2300,199.69,2300,199.7,2100,199.71,3700,199.72,1800
2026-07-16 09:34:49.191,NVDA,199.67,199.65,3300,199.64,2600,199.63,900,199.62,2700,199.61,3800,199.69,3300,199.7,1400,199.71,4400,199.72,4300,199.73,3600
2026-07-16 09:34:49.249,NVDA,199.66,199.64,2200,199.63,5000,199.62,2000,199.61,4300,199.6,1700,199.68,4600,199.69,3900,199.7,1800,199.71,2800,199.72,4500
2026-07-16 09:34:49.482,NVDA,199.68,199.66,4800,199.65,2100,199.64,1300,199.63,4500,199.62,800,199.7,3900,199.71,1100,199.72,4900,199.73,2700,199.74,1100
2026-07-16 09:34:49.550,NVDA,199.69,199.67,4200,199.66,4400,199.65,1400,199.64,4400,199.63,4100,199.71,3900,199.72,3400,199.73,1400,199.74,3200,199.75,4900
2026-07-16 09:34:49.671,NVDA,199.67,199.65,3400,199.64,5000,199.63,4100,199.62,2700,199.61,2300,199.69,3900,199.7,600,199.71,2100,199.72,4900,199.73,200
2026-07-16 09:34:50.122,NVDA,199.66,199.64,3600,199.63,300,199.62,3100,199.61,2700,199.6,3500,199.68,1800,199.69,4700,199.7,700,199.71,1200,199.72,4900
2026-07-16 09:34:50.481,NVDA,199.66,199.64,3400,199.63,2000,199.62,4400,199.61,400,199.6,3600,199.68,4300,199.69,900,199.7,1700,199.71,1800,199.72,500
2026-07-16 09:34:50.672,NVDA,199.64,199.62,100,199.61,4500,199.6,4600,199.59,3100,199.58,1400,199.66,1700,199.67,300,199.68,2500,199.69,3300,199.7,1200
2026-07-16 09:34:50.948,NVDA,199.63,199.61,2600,199.6,2400,199.59,4700,199.58,4000,199.57,2200,199.65,3400,199.66,3700,199.67,4500,199.68,2700,199.69,3800
2026-07-16 09:34:51.343,NVDA,199.62,199.6,4400,199.59,2600,199.58,4600,199.57,1900,199.56,4500,199.64,900,199.65,4600,199.66,2500,199.67,300,199.68,1400
2026-07-16 09:34:51.820,NVDA,199.61,199.59,3000,199.58,2000,199.57,1900,199.56,3900,199.55,3300,199.63,2200,199.64,1500,199.65,1900,199.66,900,199.67,2300
2026-07-16 09:34:51.836,NVDA,199.6,199.58,2900,199.57,4400,199.56,3300,199.55,2700,199.54,900,199.62,3900,199.63,3000,199.64,4700,199.65,2700,199.66,900
2026-07-16 09:34:51.920,NVDA,199.61,199.59,4100,199.58,4200,199.57,100,199.56,200,199.55,500,199.63,1200,199.64,400,199.65,500,199.66,4200,199.67,1000
2026-07-16 09:34:52.086,NVDA,199.59,199.57,4900,199.56,4400,199.55,900,199.54,3300,199.53,1300,199.61,4000,199.62,1800,199.63,4300,199.64,1900,199.65,3900
2026-07-16 09:34:52.368,NVDA,199.6,199.58,900,199.57,600,199.56,2700,199.55,3300,199.54,4400,199.62,2800,199.63,4500,199.64,100,199.65,4800,199.66,4900
2026-07-16 09:34:52.743,NVDA,199.59,199.57,600,199.56,4700,199.55,1300,199.54,2200,199.53,3200,199.61,3200,199.62,3900,199.63,1700,199.64,2800,199.65,200
2026-07-16 09:34:52.894,NVDA,199.58,199.56,3300,199.55,3700,199.54,1100,199.53,500,199.52,700,199.6,2700,199.61,2800,199.62,4600,199.63,1700,199.64,2100
2026-07-16 09:34:53.256,NVDA,199.58,199.56,1100,199.55,4100,199.54,1300,199.53,4000,199.52,2700,199.6,900,199.61,1800,199.62,1200,199.63,4000,199.64,1200
2026-07-16 09:34:53.545,NVDA,199.6,199.58,100,199.57,2500,199.56,4700,199.55,4500,199.54,400,199.62,1400,199.63,4600,199.64,2100,199.65,3300,199.66,3700
2026-07-16 09:34:53.562,NVDA,199.62,199.6,1400,199.59,3300,199.58,4400,199.57,1800,199.56,3800,199.64,3600,199.65,800,199.66,2200,199.67,1400,199.68,800
2026-07-16 09:34:53.592,NVDA,199.63,199.61,1500,199.6,1400,199.59,3000,199.58,3900,199.57,700,199.65,4300,199.66,1800,199.67,3600,199.68,2700,199.69,200
2026-07-16 09:34:54.068,NVDA,199.65,199.63,3400,199.62,1600,199.61,500,199.6,1200,199.59,2600,199.67,2500,199.68,300,199.69,2400,199.7,1300,199.71,100
2026-07-16 09:34:54.098,NVDA,199.63,199.61,4000,199.6,3300,199.59,3300,199.58,3100,199.57,2600,199.65,1400,199.66,2600,199.67,2200,199.68,1900,199.69,500
2026-07-16 09:34:54.306,NVDA,199.64,199.62,2900,199.61,200,199.6,4700,199.59,1500,199.58,2100,199.66,4100,199.67,1200,199.68,1000,199.69,1000,199.7,1300
2026-07-16 09:34:54.321,NVDA,199.62,199.6,3900,199.59,1400,199.58,4900,199.57,3800,199.56,1600,199.64,200,199.65,900,199.66,1600,199.67,3900,199.68,4700
2026-07-16 09:34:54.384,NVDA,199.63,199.61,4800,199.6,800,199.59,4300,199.58,2900,199.57,4100,199.65,2700,199.66,1400,199.67,2500,199.68,900,199.69,4400
2026-07-16 09:34:54.657,NVDA,199.63,199.61,1000,199.6,500,199.59,5000,199.58,100,199.57,1100,199.65,300,199.66,3700,199.67,3200,199.68,3100,199.69,4600
2026-07-16 09:34:54.953,NVDA,199.62,199.6,1200,199.59,700,199.58,2800,199.57,3700,199.56,4700,199.64,1000,199.65,1700,199.66,1900,199.67,4200,199.68,500
2026-07-16 09:34:55.014,NVDA,199.62,199.6,2600,199.59,3900,199.58,2000,199.57,3600,199.56,2900,199.64,200,199.65,500,199.66,400,199.67,2500,199.68,2500
2026-07-16 09:34:55.350,NVDA,199.63,199.61,4000,199.6,600,199.59,500,199.58,1000,199.57,1900,199.65,3500,199.66,2600,199.67,3900,199.68,1900,199.69,3200
2026-07-16 09:34:55.421,NVDA,199.62,199.6,3900,199.59,3100,199.58,600,199.57,800,199.56,5000,199.64,4800,199.65,3100,199.66,200,199.67,1400,199.68,2500
2026-07-16 09:34:55.436,NVDA,199.6,199.58,4600,199.57,800,199.56,2300,199.55,3300,199.54,3900,199.62,4200,199.63,500,199.64,2100,199.65,200,199.66,3300
2026-07-16 09:34:55.661,NVDA,199.59,199.57,1300,199.56,4800,199.55,700,199.54,1300,199.53,2200,199.61,1500,199.62,4500,199.63,1600,199.64,2200,199.65,5000
2026-07-16 09:34:56.107,NVDA,199.57,199.55,3200,199.54,3100,199.53,5000,199.52,200,199.51,3500,199.59,400,199.6,2500,199.61,4100,199.62,600,199.63,1800
2026-07-16 09:34:56.304,NVDA,199.56,199.54,2000,199.53,3700,199.52,4900,199.51,3200,199.5,2700,199.58,2400,199.59,300,199.6,3500,199.61,4900,199.62,1700
2026-07-16 09:34:56.794,NVDA,199.58,199.56,4000,199.55,4300,199.54,4100,199.53,4400,199.52,4600,199.6,4400,199.61,2100,199.62,200,199.63,3200,199.64,700
2026-07-16 09:34:56.875,NVDA,199.6,199.58,1700,199.57,2800,199.56,1500,199.55,200,199.54,4100,199.62,500,199.63,500,199.64,3100,199.65,2300,199.66,5000
2026-07-16 09:34:57.228,NVDA,199.58,199.56,2500,199.55,2100,199.54,4700,199.53,200,199.52,1200,199.6,700,199.61,800,199.62,300,199.63,2200,199.64,2800
2026-07-16 09:34:57.360,NVDA,199.57,199.55,3600,199.54,2600,199.53,100,199.52,2900,199.51,2200,199.59,4400,199.6,4400,199.61,500,199.62,1000,199.63,4000
2026-07-16 09:34:57.627,NVDA,199.55,199.53,1100,199.52,600,199.51,1700,199.5,300,199.49,4300,199.57,3800,199.58,1300,199.59,5000,199.6,2400,199.61,1200
2026-07-16 09:34:57.688,NVDA,199.53,199.51,2400,199.5,1800,199.49,100,199.48,3500,199.47,3200,199.55,3900,199.56,400,199.57,4400,199.58,700,199.59,3800
2026-07-16 09:34:57.713,NVDA,199.54,199.52,3600,199.51,4900,199.5,1800,199.49,4400,199.48,4700,199.56,3400,199.57,3200,199.58,3200,199.59,3000,199.6,4100
2026-07-16 09:34:57.914,NVDA,199.53,199.51,4100,199.5,4700,199.49,100,199.48,2200,199.47,3900,199.55,4600,199.56,4400,199.57,3900,199.58,500,199.59,1800
2026-07-16 09:34:58.055,NVDA,199.54,199.52,3300,199.51,2300,199.5,3400,199.49,4100,199.48,200,199.56,3100,199.57,3400,199.58,3400,199.59,1800,199.6,4800
2026-07-16 09:34:58.406,NVDA,199.56,199.54,1300,199.53,3400,199.52,2100,199.51,2300,199.5,300,199.58,2900,199.59,4200,199.6,4200,199.61,3200,199.62,2000
2026-07-16 09:34:58.778,NVDA,199.56,199.54,3400,199.53,2600,199.52,1200,199.51,4300,199.5,2100,199.58,3200,199.59,1000,199.6,3100,199.61,2900,199.62,700
2026-07-16 09:34:58.812,NVDA,199.56,199.54,4000,199.53,1500,199.52,1100,199.51,3700,199.5,2000,199.58,4900,199.59,3200,199.6,300,199.61,2900,199.62,4500
2026-07-16 09:34:59.082,NVDA,199.54,199.52,1300,199.51,1000,199.5,4100,199.49,900,199.48,4400,199.56,4000,199.57,400,199.58,1800,199.59,2300,199.6,200
2026-07-16 09:34:59.499,NVDA,199.54,199.52,1300,199.51,500,199.5,2300,199.49,1200,199.48,4400,199.56,500,199.57,3700,199.58,500,199.59,3600,199.6,2900
2026-07-16 09:34:59.622,NVDA,199.53,199.51,3100,199.5,1100,199.49,100,199.48,2900,199.47,2800,199.55,2500,199.56,1900,199.57,2100,199.58,4900,199.59,4300
2026-07-16 09:34:59.931,NVDA,199.51,199.49,1600,199.48,1700,199.47,1600,199.46,4300,199.45,3800,199.53,1100,199.54,2000,199.55,700,199.56,2600,199.57,2400
2026-07-16 09:35:00.427,NVDA,199.51,199.49,1700,199.48,800,199.47,2100,199.46,3800,199.45,2200,199.53,3000,199.54,200,199.55,1800,199.56,300,199.57,3100
2026-07-16 09:35:00.924,NVDA,199.53,199.51,4900,199.5,200,199.49,1900,199.48,800,199.47,400,199.55,3900,199.56,2700,199.57,2200,199.58,2100,199.59,3000
2026-07-16 09:35:01.255,NVDA,199.53,199.51,3700,199.5,4900,199.49,4000,199.48,1200,199.47,2300,199.55,300,199.56,1600,199.57,1000,199.58,4400,199.59,1000
2026-07-16 09:35:01.698,NVDA,199.53,199.51,3100,199.5,3400,199.49,1500,199.48,3300,199.47,2300,199.55,3200,199.56,3700,199.57,2900,199.58,1500,199.59,4100
2026-07-16 09:35:01.790,NVDA,199.52,199.5,5000,199.49,2200,199.48,900,199.47,1100,199.46,1700,199.54,4800,199.55,5000,199.56,2300,199.57,2400,199.58,200
2026-07-16 09:35:01.968,NVDA,199.51,199.49,4600,199.48,4800,199.47,2700,199.46,1300,199.45,800,199.53,1000,199.54,400,199.55,900,199.56,2100,199.57,2900
2026-07-16 09:35:02.417,NVDA,199.5,199.48,1300,199.47,2900,199.46,2800,199.45,3000,199.44,4000,199.52,200,199.53,3500,199.54,3700,199.55,100,199.56,600
2026-07-16 09:35:02.459,NVDA,199.5,199.48,2900,199.47,3600,199.46,3700,199.45,4400,199.44,2000,199.52,2500,199.53,3100,199.54,4200,199.55,3900,199.56,300
2026-07-16 09:35:02.495,NVDA,199.49,199.47,4100,199.46,1700,199.45,2400,199.44,100,199.43,4000,199.51,3000,199.52,2600,199.53,3800,199.54,3600,199.55,2900
2026-07-16 09:35:02.921,NVDA,199.47,199.45,4700,199.44,3700,199.43,4600,199.42,2400,199.41,3600,199.49,1700,199.5,1300,199.51,4700,199.52,4600,199.53,4500
2026-07-16 09:35:03.242,NVDA,199.49,199.47,2400,199.46,3800,199.45,1100,199.44,3600,199.43,400,199.51,4100,199.52,1000,199.53,3200,199.54,4200,199.55,200
2026-07-16 09:35:03.390,NVDA,199.48,199.46,3900,199.45,1000,199.44,4100,199.43,3000,199.42,1500,199.5,4300,199.51,2700,199.52,4800,199.53,5000,199.54,500
2026-07-16 09:35:03.413,NVDA,199.46,199.44,3900,199.43,1300,199.42,2100,199.41,3800,199.4,300,199.48,1500,199.49,700,199.5,3900,199.51,3900,199.52,3800
2026-07-16 09:35:03.453,NVDA,199.45,199.43,500,199.42,1700,199.41,3500,199.4,700,199.39,1500,199.47,3500,199.48,1600,199.49,1800,199.5,1700,199.51,600
2026-07-16 09:35:03.582,NVDA,199.46,199.44,700,199.43,2200,199.42,2800,199.41,2200,199.4,4600,199.48,3800,199.49,200,199.5,400,199.51,3100,199.52,1000
2026-07-16 09:35:03.601,NVDA,199.46,199.44,3300,199.43,2000,199.42,3300,199.41,4400,199.4,2700,199.48,4500,199.49,3300,199.5,3200,199.51,3900,199.52,4100
2026-07-16 09:35:04.042,NVDA,199.47,199.45,4100,199.44,4200,199.43,4800,199.42,1100,199.41,200,199.49,2300,199.5,900,199.51,4200,199.52,2600,199.53,4200
2026-07-16 09:35:04.128,NVDA,199.48,199.46,3100,199.45,2800,199.44,3200,199.43,3300,199.42,3000,199.5,4200,199.51,500,199.52,200,199.53,1000,199.54,4700
2026-07-16 09:35:04.544,NVDA,199.47,199.45,3800,199.44,3100,199.43,1200,199.42,3000,199.41,3500,199.49,1500,199.5,2600,199.51,1800,199.52,4600,199.53,800
2026-07-16 09:35:04.662,NVDA,199.49,199.47,3700,199.46,3600,199.45,1200,199.44,400,199.43,1500,199.51,800,199.52,1400,199.53,3100,199.54,3100,199.55,4900
2026-07-16 09:35:04.773,NVDA,199.47,199.45,2200,199.44,4400,199.43,700,199.42,3100,199.41,4600,199.49,1200,199.5,4800,199.51,5000,199.52,1200,199.53,1300
2026-07-16 09:35:05.207,NVDA,199.48,199.46,4900,199.45,2400,199.44,1700,199.43,2200,199.42,2900,199.5,3100,199.51,2700,199.52,4100,199.53,4200,199.54,2500
2026-07-16 09:35:05.538,NVDA,199.46,199.44,800,199.43,3000,199.42,2800,199.41,3400,199.4,1200,199.48,1500,199.49,3100,199.5,1800,199.51,4900,199.52,1600
2026-07-16 09:35:06.032,NVDA,199.47,199.45,3200,199.44,2900,199.43,3100,199.42,4200,199.41,2100,199.49,4700,199.5,4500,199.51,1900,199.52,5000,199.53,1100
2026-07-16 09:35:06.514,NVDA,199.46,199.44,2500,199.43,1100,199.42,700,199.41,1300,199.4,3800,199.48,2200,199.49,700,199.5,2000,199.51,2400,199.52,2400
2026-07-16 09:35:06.838,NVDA,199.47,199.45,3100,199.44,1100,199.43,2900,199.42,3000,199.41,3000,199.49,3400,199.5,1500,199.51,3000,199.52,600,199.53,3800
2026-07-16 09:35:07.177,NVDA,199.47,199.45,1200,199.44,1800,199.43,800,199.42,4600,199.41,4300,199.49,1600,199.5,1100,199.51,2300,199.52,700,199.53,2200
2026-07-16 09:35:07.661,NVDA,199.47,199.45,2300,199.44,2200,199.43,300,199.42,4200,199.41,2100,199.49,400,199.5,200,199.51,3900,199.52,3300,199.53,3300
2026-07-16 09:35:08.025,NVDA,199.48,199.46,400,199.45,1700,199.44,4300,199.43,400,199.42,600,199.5,700,199.51,2700,199.52,1700,199.53,1300,199.54,1100
2026-07-16 09:35:08.035,NVDA,199.48,199.46,3300,199.45,4000,199.44,2200,199.43,500,199.42,1300,199.5,2700,199.51,3700,199.52,4500,199.53,2700,199.54,3600
2026-07-16 09:35:08.301,NVDA,199.47,199.45,2500,199.44,2500,199.43,800,199.42,2900,199.41,4500,199.49,600,199.5,3300,199.51,4700,199.52,4000,199.53,4600
2026-07-16 09:35:08.741,NVDA,199.49,199.47,4600,199.46,2700,199.45,5000,199.44,1600,199.43,3000,199.51,3400,199.52,2000,199.53,2300,199.54,2900,199.55,2200
2026-07-16 09:35:09.070,NVDA,199.51,199.49,1200,199.48,900,199.47,4700,199.46,2400,199.45,4800,199.53,3700,199.54,2900,199.55,3900,199.56,3300,199.57,1300
2026-07-16 09:35:09.478,NVDA,199.49,199.47,4000,199.46,1100,199.45,1900,199.44,3800,199.43,4200,199.51,1200,199.52,1400,199.53,4900,199.54,4000,199.55,4400
2026-07-16 09:35:09.670,NVDA,199.51,199.49,2300,199.48,700,199.47,1500,199.46,3500,199.45,2600,199.53,4500,199.54,2300,199.55,3100,199.56,4100,199.57,5000
2026-07-16 09:35:09.939,NVDA,199.53,199.51,100,199.5,2800,199.49,1400,199.48,1400,199.47,300,199.55,4400,199.56,2500,199.57,4500,199.58,700,199.59,5000
2026-07-16 09:35:09.979,NVDA,199.55,199.53,200,199.52,2500,199.51,1000,199.5,4000,199.49,600,199.57,4100,199.58,4800,199.59,1300,199.6,2200,199.61,4900
2026-07-16 09:35:10.304,NVDA,199.57,199.55,2300,199.54,3400,199.53,1600,199.52,3300,199.51,3400,199.59,400,199.6,200,199.61,4600,199.62,3100,199.63,4900
2026-07-16 09:35:10.356,NVDA,199.58,199.56,4700,199.55,2400,199.54,1200,199.53,4900,199.52,3600,199.6,1200,199.61,300,199.62,4900,199.63,2900,199.64,3800
2026-07-16 09:35:10.681,NVDA,199.56,199.54,700,199.53,1600,199.52,1500,199.51,3900,199.5,1800,199.58,1400,199.59,4000,199.6,1200,199.61,2400,199.62,4500
2026-07-16 09:35:10.893,NVDA,199.58,199.56,1400,199.55,3400,199.54,2000,199.53,100,199.52,800,199.6,2000,199.61,2900,199.62,900,199.63,2800,199.64,2700
2026-07-16 09:35:11.026,NVDA,199.6,199.58,4700,199.57,4900,199.56,2300,199.55,800,199.54,1800,199.62,2600,199.63,4900,199.64,4800,199.65,3000,199.66,4000
2026-07-16 09:35:11.416,NVDA,199.6,199.58,1800,199.57,100,199.56,2800,199.55,4800,199.54,4400,199.62,1400,199.63,1600,199.64,2000,199.65,3600,199.66,3100
2026-07-16 09:35:11.809,NVDA,199.59,199.57,2200,199.56,4100,199.55,2500,199.54,4500,199.53,1800,199.61,900,199.62,2900,199.63,2700,199.64,1000,199.65,1800
2026-07-16 09:35:12.309,NVDA,199.61,199.59,3600,199.58,3100,199.57,2900,199.56,1800,199.55,2000,199.63,1700,199.64,800,199.65,1100,199.66,4600,199.67,100
2026-07-16 09:35:12.534,NVDA,199.61,199.59,2700,199.58,1200,199.57,400,199.56,4100,199.55,600,199.63,100,199.64,4800,199.65,400,199.66,2700,199.67,4500
2026-07-16 09:35:12.975,NVDA,199.63,199.61,1400,199.6,2400,199.59,100,199.58,2500,199.57,4800,199.65,2100,199.66,1100,199.67,1900,199.68,3600,199.69,1400
2026-07-16 09:35:13.030,NVDA,199.61,199.59,2700,199.58,4500,199.57,2100,199.56,3900,199.55,4000,199.63,2500,199.64,2500,199.65,900,199.66,1900,199.67,2000
2026-07-16 09:35:13.390,NVDA,199.62,199.6,400,199.59,1200,199.58,700,199.57,1400,199.56,4200,199.64,4700,199.65,1800,199.66,3800,199.67,2800,199.68,500
2026-07-16 09:35:13.578,NVDA,199.64,199.62,2200,199.61,2200,199.6,1900,199.59,1100,199.58,2900,199.66,2300,199.67,1700,199.68,1600,199.69,3100,199.7,2200
2026-07-16 09:35:13.681,NVDA,199.65,199.63,200,199.62,1100,199.61,200,199.6,2000,199.59,3100,199.67,100,199.68,4200,199.69,2000,199.7,100,199.71,300
2026-07-16 09:35:13.723,NVDA,199.63,199.61,800,199.6,2100,199.59,100,199.58,100,199.57,1300,199.65,2700,199.66,1400,199.67,1000,199.68,1600,199.69,1000
2026-07-16 09:35:14.061,NVDA,199.62,199.6,1800,199.59,1300,199.58,1300,199.57,1900,199.56,800,199.64,4100,199.65,1700,199.66,3700,199.67,2000,199.68,3600
2026-07-16 09:35:14.390,NVDA,199.6,199.58,800,199.57,3100,199.56,2500,199.55,1800,199.54,3600,199.62,4000,199.63,3200,199.64,3100,199.65,4800,199.66,1000
2026-07-16 09:35:14.524,NVDA,199.61,199.59,4100,199.58,2300,199.57,3500,199.56,4700,199.55,3000,199.63,500,199.64,2200,199.65,1900,199.66,1900,199.67,400
2026-07-16 09:35:14.772,NVDA,199.61,199.59,4900,199.58,5000,199.57,2500,199.56,900,199.55,2900,199.63,3300,199.64,1600,199.65,4900,199.66,1500,199.67,3300
2026-07-16 09:35:15.108,NVDA,199.6,199.58,1200,199.57,500,199.56,4700,199.55,1000,199.54,3300,199.62,5000,199.63,100,199.64,3900,199.65,2200,199.66,3300
2026-07-16 09:35:15.294,NVDA,199.61,199.59,3400,199.58,3700,199.57,2000,199.56,4100,199.55,1800,199.63,4500,199.64,1200,199.65,3300,199.66,3500,199.67,3100
2026-07-16 09:35:15.667,NVDA,199.6,199.58,2700,199.57,3000,199.56,900,199.55,3100,199.54,2200,199.62,3200,199.63,1200,199.64,3500,199.65,2100,199.66,400
2026-07-16 09:35:16.155,NVDA,199.58,199.56,3500,199.55,2500,199.54,3600,199.53,4300,199.52,2800,199.6,4300,199.61,1200,199.62,4300,199.63,400,199.64,4500
2026-07-16 09:35:16.316,NVDA,199.59,199.57,3400,199.56,3600,199.55,3600,199.54,700,199.53,2400,199.61,3200,199.62,1500,199.63,200,199.64,2000,199.65,1500
2026-07-16 09:35:16.736,NVDA,199.58,199.56,200,199.55,2900,199.54,800,199.53,1300,199.52,2300,199.6,2600,199.61,4500,199.62,500,199.63,3300,199.64,2800
2026-07-16 09:35:17.091,NVDA,199.56,199.54,800,199.53,600,199.52,4100,199.51,4900,199.5,4200,199.58,600,199.59,4100,199.6,4400,199.61,600,199.62,1700
2026-07-16 09:35:17.368,NVDA,199.54,199.52,4300,199.51,800,199.5,900,199.49,4600,199.48,200,199.56,5000,199.57,4600,199.58,900,199.59,1100,199.6,1800
2026-07-16 09:35:17.555,NVDA,199.54,199.52,100,199.51,3200,199.5,4100,199.49,3700,199.48,600,199.56,2000,199.57,3700,199.58,4200,199.59,2200,199.6,2100
2026-07-16 09:35:18.036,NVDA,199.55,199.53,4700,199.52,2700,199.51,4500,199.5,1000,199.49,4400,199.57,3200,199.58,3200,199.59,4000,199.6,2000,199.61,2900
2026-07-16 09:35:18.442,NVDA,199.56,199.54,4400,199.53,4200,199.52,2900,199.51,600,199.5,4500,199.58,4300,199.59,600,199.6,4200,199.61,400,199.62,4500
2026-07-16 09:35:18.682,NVDA,199.58,199.56,4700,199.55,200,199.54,900,199.53,1500,199.52,2700,199.6,2000,199.61,4300,199.62,1500,199.63,4800,199.64,400
2026-07-16 09:35:19.078,NVDA,199.59,199.57,2800,199.56,4500,199.55,4000,199.54,1500,199.53,2100,199.61,4300,199.62,4500,199.63,4400,199.64,4600,199.65,3300
2026-07-16 09:35:19.402,NVDA,199.6,199.58,3000,199.57,3700,199.56,1300,199.55,3600,199.54,1700,199.62,4600,199.63,600,199.64,900,199.65,3700,199.66,900
2026-07-16 09:35:19.495,NVDA,199.59,199.57,3000,199.56,3000,199.55,1000,199.54,1300,199.53,1400,199.61,1900,199.62,1000,199.63,4900,199.64,3900,199.65,300
2026-07-16 09:35:19.902,NVDA,199.57,199.55,2000,199.54,1600,199.53,1900,199.52,4500,199.51,4800,199.59,2200,199.6,4900,199.61,3900,199.62,3500,199.63,4900
2026-07-16 09:35:20.243,NVDA,199.57,199.55,3100,199.54,2800,199.53,1700,199.52,4500,199.51,400,199.59,3200,199.6,2700,199.61,3900,199.62,5000,199.63,3400
2026-07-16 09:35:20.299,NVDA,199.58,199.56,900,199.55,4100,199.54,2900,199.53,1800,199.52,2300,199.6,3500,199.61,3800,199.62,2700,199.63,4300,199.64,5000
2026-07-16 09:35:20.524,NVDA,199.59,199.57,1100,199.56,800,199.55,2400,199.54,3300,199.53,2300,199.61,2800,199.62,100,199.63,3600,199.64,4200,199.65,4500
2026-07-16 09:35:20.641,NVDA,199.59,199.57,1000,199.56,3300,199.55,2900,199.54,1100,199.53,300,199.61,4800,199.62,700,199.63,1700,199.64,800,199.65,3200
2026-07-16 09:35:21.084,NVDA,199.59,199.57,2400,199.56,4000,199.55,1900,199.54,2700,199.53,200,199.61,3200,199.62,4700,199.63,1300,199.64,1700,199.65,3300
2026-07-16 09:35:21.272,NVDA,199.6,199.58,500,199.57,4800,199.56,3400,199.55,2200,199.54,2800,199.62,4800,199.63,4100,199.64,900,199.65,900,199.66,4600
2026-07-16 09:35:21.719,NVDA,199.61,199.59,2900,199.58,800,199.57,4700,199.56,3400,199.55,4800,199.63,800,199.64,2900,199.65,200,199.66,3700,199.67,200
2026-07-16 09:35:21.838,NVDA,199.61,199.59,4600,199.58,3100,199.57,4200,199.56,2900,199.55,3700,199.63,1300,199.64,3500,199.65,500,199.66,3600,199.67,5000
2026-07-16 09:35:22.223,NVDA,199.61,199.59,4100,199.58,1500,199.57,3600,199.56,4600,199.55,500,199.63,3200,199.64,1800,199.65,1300,199.66,2000,199.67,1600
2026-07-16 09:35:22.685,NVDA,199.59,199.57,700,199.56,1800,199.55,400,199.54,600,199.53,400,199.61,4600,199.62,4000,199.63,1500,199.64,2200,199.65,4300
2026-07-16 09:35:23.015,NVDA,199.57,199.55,4700,199.54,2100,199.53,400,199.52,3400,199.51,1800,199.59,4500,199.6,500,199.61,4600,199.62,5000,199.63,3600
2026-07-16 09:35:23.295,NVDA,199.59,199.57,2600,199.56,3600,199.55,2500,199.54,4100,199.53,3000,199.61,3100,199.62,1400,199.63,3300,199.64,5000,199.65,1900
2026-07-16 09:35:23.378,NVDA,199.61,199.59,1700,199.58,1000,199.57,3700,199.56,3100,199.55,4800,199.63,3300,199.64,1200,199.65,200,199.66,3800,199.67,100
2026-07-16 09:35:23.784,NVDA,199.63,199.61,2900,199.6,2200,199.59,1500,199.58,5000,199.57,1600,199.65,1000,199.66,3100,199.67,1700,199.68,900,199.69,2600
2026-07-16 09:35:23.859,NVDA,199.65,199.63,2800,199.62,4900,199.61,5000,199.6,2900,199.59,3100,199.67,4700,199.68,4100,199.69,3500,199.7,2500,199.71,3900
2026-07-16 09:35:24.272,NVDA,199.64,199.62,3100,199.61,200,199.6,1600,199.59,4100,199.58,2000,199.66,2900,199.67,4800,199.68,3400,199.69,5000,199.7,2000
2026-07-16 09:35:24.365,NVDA,199.64,199.62,2700,199.61,3800,199.6,500,199.59,4400,199.58,2200,199.66,900,199.67,3200,199.68,1000,199.69,2600,199.7,4400
2026-07-16 09:35:24.492,NVDA,199.62,199.6,4800,199.59,3400,199.58,4600,199.57,100,199.56,3700,199.64,4200,199.65,2000,199.66,4800,199.67,3100,199.68,2400
2026-07-16 09:35:24.558,NVDA,199.6,199.58,3900,199.57,1500,199.56,3100,199.55,4700,199.54,4000,199.62,900,199.63,3700,199.64,3600,199.65,1000,199.66,3300
2026-07-16 09:35:24.699,NVDA,199.61,199.59,3500,199.58,2300,199.57,3800,199.56,2800,199.55,1500,199.63,3000,199.64,900,199.65,4500,199.66,2500,199.67,4000
2026-07-16 09:35:25.090,NVDA,199.61,199.59,100,199.58,4800,199.57,3200,199.56,1000,199.55,3100,199.63,4900,199.64,3700,199.65,1600,199.66,4900,199.67,500
2026-07-16 09:35:25.393,NVDA,199.6,199.58,1700,199.57,3400,199.56,4000,199.55,1600,199.54,4000,199.62,2000,199.63,1500,199.64,2900,199.65,2300,199.66,3600
2026-07-16 09:35:25.844,NVDA,199.58,199.56,2700,199.55,400,199.54,2100,199.53,4900,199.52,1000,199.6,2300,199.61,2700,199.62,4600,199.63,300,199.64,2500
2026-07-16 09:35:26.134,NVDA,199.59,199.57,1600,199.56,4000,199.55,1500,199.54,1400,199.53,2800,199.61,2100,199.62,2100,199.63,4600,199.64,500,199.65,1200
2026-07-16 09:35:26.633,NVDA,199.58,199.56,2000,199.55,3800,199.54,900,199.53,1100,199.52,1400,199.6,2300,199.61,2500,199.62,3000,199.63,2200,199.64,300
2026-07-16 09:35:26.931,NVDA,199.56,199.54,2100,199.53,3900,199.52,1900,199.51,2700,199.5,1900,199.58,4100,199.59,2400,199.6,1900,199.61,400,199.62,1200
2026-07-16 09:35:26.992,NVDA,199.55,199.53,3100,199.52,900,199.51,2100,199.5,3300,199.49,3900,199.57,2700,199.58,5000,199.59,3300,199.6,2200,199.61,2000
2026-07-16 09:35:27.439,NVDA,199.55,199.53,1500,199.52,300,199.51,900,199.5,600,199.49,4500,199.57,3000,199.58,1400,199.59,1100,199.6,2000,199.61,2600
2026-07-16 09:35:27.835,NVDA,199.56,199.54,3100,199.53,1600,199.52,1500,199.51,2900,199.5,1400,199.58,2000,199.59,1700,199.6,1200,199.61,1300,199.62,3800
2026-07-16 09:35:27.845,NVDA,199.55,199.53,1700,199.52,4100,199.51,1100,199.5,4500,199.49,4300,199.57,1500,199.58,2500,199.59,800,199.6,600,199.61,3500
2026-07-16 09:35:28.178,NVDA,199.57,199.55,4200,199.54,4200,199.53,3400,199.52,2300,199.51,3400,199.59,4300,199.6,3100,199.61,3600,199.62,3300,199.63,3400
2026-07-16 09:35:28.567,NVDA,199.58,199.56,4700,199.55,1100,199.54,1700,199.53,4400,199.52,5000,199.6,2800,199.61,700,199.62,3000,199.63,1100,199.64,800
2026-07-16 09:35:28.898,NVDA,199.57,199.55,1900,199.54,5000,199.53,3600,199.52,1000,199.51,1000,199.59,800,199.6,1400,199.61,1600,199.62,2300,199.63,700
2026-07-16 09:35:29.125,NVDA,199.58,199.56,400,199.55,2300,199.54,700,199.53,1700,199.52,4800,199.6,1700,199.61,3900,199.62,2600,199.63,2100,199.64,3200
2026-07-16 09:35:29.351,NVDA,199.57,199.55,1100,199.54,4600,199.53,5000,199.52,2200,199.51,4300,199.59,3200,199.6,3700,199.61,3400,199.62,2700,199.63,1700
2026-07-16 09:35:29.448,NVDA,199.56,199.54,4700,199.53,2200,199.52,4700,199.51,3500,199.5,1900,199.58,4400,199.59,400,199.6,3000,199.61,3500,199.62,2700
2026-07-16 09:35:29.476,NVDA,199.56,199.54,3900,199.53,1400,199.52,4000,199.51,2400,199.5,3400,199.58,1900,199.59,500,199.6,2000,199.61,3200,199.62,3000
2026-07-16 09:35:29.836,NVDA,199.58,199.56,4000,199.55,4200,199.54,2300,199.53,3600,199.52,1100,199.6,2600,199.61,4800,199.62,3700,199.63,4900,199.64,1600
2026-07-16 09:35:30.128,NVDA,199.58,199.56,2300,199.55,3200,199.54,4600,199.53,4100,199.52,4000,199.6,4200,199.61,800,199.62,500,199.63,4500,199.64,4300
2026-07-16 09:35:30.407,NVDA,199.58,199.56,4200,199.55,300,199.54,700,199.53,200,199.52,1200,199.6,4600,199.61,4600,199.62,4500,199.63,3100,199.64,4200
2026-07-16 09:35:30.860,NVDA,199.58,199.56,3900,199.55,4700,199.54,3000,199.53,1500,199.52,200,199.6,3900,199.61,4400,199.62,2400,199.63,4200,199.64,3900
2026-07-16 09:35:30.987,NVDA,199.59,199.57,4100,199.56,100,199.55,4700,199.54,400,199.53,2700,199.61,400,199.62,2200,199.63,2300,199.64,2100,199.65,2300
2026-07-16 09:35:31.310,NVDA,199.59,199.57,1200,199.56,4500,199.55,3200,199.54,4500,199.53,4600,199.61,5000,199.62,2700,199.63,4500,199.64,5000,199.65,4000
2026-07-16 09:35:31.428,NVDA,199.61,199.59,700,199.58,3500,199.57,2500,199.56,1400,199.55,2300,199.63,4500,199.64,3400,199.65,600,199.66,2000,199.67,3700
2026-07-16 09:35:31.457,NVDA,199.62,199.6,1400,199.59,3700,199.58,1500,199.57,3800,199.56,5000,199.64,4200,199.65,1900,199.66,4800,199.67,4600,199.68,3500
2026-07-16 09:35:31.846,NVDA,199.63,199.61,1300,199.6,1500,199.59,2000,199.58,2600,199.57,2900,199.65,3000,199.66,2200,199.67,4500,199.68,3700,199.69,2200
2026-07-16 09:35:31.956,NVDA,199.64,199.62,2400,199.61,3200,199.6,4400,199.59,2400,199.58,4500,199.66,2400,199.67,4200,199.68,900,199.69,1700,199.7,4800
2026-07-16 09:35:32.041,NVDA,199.63,199.61,800,199.6,300,199.59,4800,199.58,4200,199.57,800,199.65,4700,199.66,2800,199.67,4700,199.68,2500,199.69,700
2026-07-16 09:35:32.174,NVDA,199.61,199.59,3000,199.58,4300,199.57,4800,199.56,1300,199.55,2800,199.63,4200,199.64,3000,199.65,2000,199.66,2900,199.67,400
2026-07-16 09:35:32.244,NVDA,199.62,199.6,3700,199.59,2600,199.58,4600,199.57,3100,199.56,1000,199.64,4000,199.65,2800,199.66,3900,199.67,2900,199.68,200
2026-07-16 09:35:32.743,NVDA,199.61,199.59,1100,199.58,1200,199.57,1300,199.56,2500,199.55,3600,199.63,3800,199.64,3800,199.65,4300,199.66,1700,199.67,4800
2026-07-16 09:35:33.084,NVDA,199.62,199.6,3000,199.59,3500,199.58,2700,199.57,4100,199.56,2500,199.64,1200,199.65,4200,199.66,4900,199.67,4400,199.68,900
2026-07-16 09:35:33.470,NVDA,199.62,199.6,4200,199.59,1800,199.58,1500,199.57,4900,199.56,900,199.64,1700,199.65,900,199.66,400,199.67,2800,199.68,5000
2026-07-16 09:35:33.836,NVDA,199.64,199.62,1400,199.61,4300,199.6,1800,199.59,2000,199.58,4900,199.66,2500,199.67,100,199.68,1200,199.69,4400,199.7,3800
2026-07-16 09:35:34.118,NVDA,199.62,199.6,4200,199.59,1800,199.58,3800,199.57,2300,199.56,500,199.64,5000,199.65,4000,199.66,1000,199.67,1600,199.68,3000
2026-07-16 09:35:34.294,NVDA,199.61,199.59,1700,199.58,3500,199.57,4600,199.56,700,199.55,900,199.63,100,199.64,3300,199.65,500,199.66,4800,199.67,1300
2026-07-16 09:35:34.410,NVDA,199.61,199.59,4800,199.58,500,199.57,1400,199.56,2600,199.55,2300,199.63,300,199.64,1400,199.65,4300,199.66,600,199.67,1000
2026-07-16 09:35:34.690,NVDA,199.6,199.58,3800,199.57,3800,199.56,4000,199.55,1200,199.54,1900,199.62,4700,199.63,2100,199.64,4200,199.65,4800,199.66,700
2026-07-16 09:35:35.026,NVDA,199.62,199.6,1900,199.59,3200,199.58,2000,199.57,800,199.56,600,199.64,2600,199.65,4100,199.66,3300,199.67,1300,199.68,200
2026-07-16 09:35:35.118,NVDA,199.6,199.58,1500,199.57,100,199.56,2500,199.55,4500,199.54,2900,199.62,3500,199.63,1000,199.64,3700,199.65,1000,199.66,4300
2026-07-16 09:35:35.301,NVDA,199.58,199.56,2700,199.55,500,199.54,2000,199.53,3300,199.52,800,199.6,1700,199.61,4900,199.62,400,199.63,4300,199.64,1800
2026-07-16 09:35:35.577,NVDA,199.59,199.57,2100,199.56,200,199.55,2800,199.54,3200,199.53,4400,199.61,3700,199.62,500,199.63,2100,199.64,3200,199.65,3300
2026-07-16 09:35:36.030,NVDA,199.57,199.55,4000,199.54,2500,199.53,2100,199.52,700,199.51,1200,199.59,2100,199.6,4500,199.61,4200,199.62,2800,199.63,1600
2026-07-16 09:35:36.416,NVDA,199.55,199.53,1200,199.52,3600,199.51,3700,199.5,2500,199.49,4400,199.57,4900,199.58,1500,199.59,4400,199.6,1500,199.61,600
2026-07-16 09:35:36.601,NVDA,199.57,199.55,3200,199.54,3600,199.53,3100,199.52,4900,199.51,4300,199.59,2600,199.6,1100,199.61,3600,199.62,4000,199.63,1300
2026-07-16 09:35:36.990,NVDA,199.58,199.56,3800,199.55,2500,199.54,4800,199.53,1000,199.52,4700,199.6,5000,199.61,4300,199.62,4600,199.63,700,199.64,2700
2026-07-16 09:35:37.417,NVDA,199.59,199.57,2100,199.56,1000,199.55,4500,199.54,3100,199.53,1600,199.61,3800,199.62,3200,199.63,2300,199.64,3600,199.65,1600
2026-07-16 09:35:37.715,NVDA,199.59,199.57,3500,199.56,200,199.55,4000,199.54,4500,199.53,2100,199.61,3400,199.62,3600,199.63,2200,199.64,3400,199.65,1800
2026-07-16 09:35:37.847,NVDA,199.61,199.59,400,199.58,4900,199.57,4500,199.56,4500,199.55,4200,199.63,1400,199.64,3600,199.65,4800,199.66,1100,199.67,3200
2026-07-16 09:35:38.133,NVDA,199.62,199.6,1500,199.59,4500,199.58,1800,199.57,4500,199.56,2400,199.64,2600,199.65,4400,199.66,3900,199.67,1700,199.68,400
2026-07-16 09:35:38.550,NVDA,199.6,199.58,4300,199.57,4600,199.56,2700,199.55,1500,199.54,1800,199.62,3600,199.63,3000,199.64,2600,199.65,3700,199.66,3900
2026-07-16 09:35:38.911,NVDA,199.6,199.58,3600,199.57,3000,199.56,1500,199.55,4400,199.54,4900,199.62,4100,199.63,3300,199.64,4800,199.65,2700,199.66,2700
2026-07-16 09:35:38.952,NVDA,199.59,199.57,4400,199.56,1200,199.55,3600,199.54,1900,199.53,2100,199.61,4700,199.62,2900,199.63,600,199.64,2900,199.65,1600
2026-07-16 09:35:39.050,NVDA,199.61,199.59,2000,199.58,1800,199.57,2600,199.56,4600,199.55,4300,199.63,2200,199.64,4300,199.65,600,199.66,2500,199.67,4000
2026-07-16 09:35:39.173,NVDA,199.6,199.58,2500,199.57,2500,199.56,3800,199.55,2700,199.54,1100,199.62,3100,199.63,1700,199.64,1000,199.65,800,199.66,4000
2026-07-16 09:35:39.393,NVDA,199.6,199.58,600,199.57,400,199.56,2100,199.55,4300,199.54,3700,199.62,2700,199.63,3400,199.64,2200,199.65,4900,199.66,900
2026-07-16 09:35:39.568,NVDA,199.6,199.58,4500,199.57,4300,199.56,3800,199.55,4400,199.54,3900,199.62,2000,199.63,2500,199.64,2600,199.65,3300,199.66,3500
2026-07-16 09:35:39.905,NVDA,199.58,199.56,1900,199.55,1700,199.54,400,199.53,4100,199.52,1500,199.6,5000,199.61,2800,199.62,2600,199.63,1900,199.64,600
2026-07-16 09:35:40.290,NVDA,199.58,199.56,100,199.55,2000,199.54,1600,199.53,900,199.52,100,199.6,4400,199.61,1900,199.62,5000,199.63,500,199.64,2600
2026-07-16 09:35:40.620,NVDA,199.58,199.56,1800,199.55,2200,199.54,500,199.53,4200,199.52,2700,199.6,5000,199.61,4400,199.62,2100,199.63,700,199.64,4900
2026-07-16 09:35:41.086,NVDA,199.58,199.56,2600,199.55,900,199.54,100,199.53,2000,199.52,4500,199.6,3700,199.61,4300,199.62,2200,199.63,500,199.64,2000
2026-07-16 09:35:41.508,NVDA,199.6,199.58,400,199.57,2100,199.56,2400,199.55,700,199.54,900,199.62,2500,199.63,3600,199.64,3000,199.65,1400,199.66,1100
2026-07-16 09:35:41.913,NVDA,199.6,199.58,3500,199.57,3300,199.56,1700,199.55,2200,199.54,2700,199.62,100,199.63,400,199.64,500,199.65,4000,199.66,1000
2026-07-16 09:35:42.162,NVDA,199.59,199.57,600,199.56,1700,199.55,3100,199.54,4800,199.53,1300,199.61,2100,199.62,4000,199.63,2900,199.64,1200,199.65,300
2026-07-16 09:35:42.554,NVDA,199.59,199.57,600,199.56,700,199.55,3300,199.54,2200,199.53,1400,199.61,2700,199.62,4800,199.63,200,199.64,3300,199.65,3100
2026-07-16 09:35:42.870,NVDA,199.59,199.57,2500,199.56,4400,199.55,2400,199.54,3500,199.53,4500,199.61,2700,199.62,1300,199.63,300,199.64,2900,199.65,5000
2026-07-16 09:35:42.977,NVDA,199.57,199.55,3200,199.54,1000,199.53,3600,199.52,3300,199.51,1900,199.59,4300,199.6,1300,199.61,700,199.62,4500,199.63,4600
2026-07-16 09:35:43.300,NVDA,199.58,199.56,700,199.55,3400,199.54,4000,199.53,2000,199.52,2000,199.6,5000,199.61,4800,199.62,4300,199.63,2000,199.64,3400
2026-07-16 09:35:43.782,NVDA,199.59,199.57,4000,199.56,200,199.55,2800,199.54,4700,199.53,2700,199.61,3900,199.62,2400,199.63,4900,199.64,4300,199.65,1500
2026-07-16 09:35:43.971,NVDA,199.58,199.56,3300,199.55,4800,199.54,900,199.53,3900,199.52,4400,199.6,2900,199.61,4900,199.62,4100,199.63,500,199.64,200
2026-07-16 09:35:44.100,NVDA,199.56,199.54,4800,199.53,1000,199.52,2700,199.51,4800,199.5,2100,199.58,4900,199.59,4600,199.6,2500,199.61,1400,199.62,4900
2026-07-16 09:35:44.149,NVDA,199.58,199.56,3500,199.55,1600,199.54,3100,199.53,1300,199.52,200,199.6,2500,199.61,3600,199.62,1700,199.63,900,199.64,1100
2026-07-16 09:35:44.317,NVDA,199.59,199.57,4400,199.56,200,199.55,1100,199.54,3100,199.53,2300,199.61,1000,199.62,2800,199.63,600,199.64,4300,199.65,3400
2026-07-16 09:35:44.697,NVDA,199.58,199.56,2600,199.55,1500,199.54,2100,199.53,2200,199.52,2900,199.6,900,199.61,2300,199.62,1200,199.63,5000,199.64,2400
2026-07-16 09:35:45.111,NVDA,199.58,199.56,500,199.55,200,199.54,3700,199.53,4100,199.52,1700,199.6,3300,199.61,2400,199.62,1600,199.63,2200,199.64,1900
2026-07-16 09:35:45.548,NVDA,199.6,199.58,3000,199.57,4100,199.56,4700,199.55,1400,199.54,2200,199.62,1900,199.63,3100,199.64,4900,199.65,5000,199.66,2500
2026-07-16 09:35:45.634,NVDA,199.6,199.58,3600,199.57,1400,199.56,3800,199.55,4700,199.54,2000,199.62,1300,199.63,1000,199.64,900,199.65,3700,199.66,900
2026-07-16 09:35:45.880,NVDA,199.61,199.59,2600,199.58,4700,199.57,2000,199.56,1000,199.55,200,199.63,4100,199.64,3100,199.65,100,199.66,3000,199.67,1300
2026-07-16 09:35:45.957,NVDA,199.59,199.57,3500,199.56,4200,199.55,2500,199.54,3600,199.53,3400,199.61,2800,199.62,1100,199.63,3900,199.64,100,199.65,2600
2026-07-16 09:35:46.217,NVDA,199.61,199.59,3900,199.58,2900,199.57,3300,199.56,2400,199.55,3000,199.63,3300,199.64,1800,199.65,4600,199.66,3100,199.67,4100
2026-07-16 09:35:46.699,NVDA,199.6,199.58,4200,199.57,1400,199.56,2100,199.55,100,199.54,800,199.62,4500,199.63,3100,199.64,2700,199.65,2300,199.66,2300
2026-07-16 09:35:46.938,NVDA,199.62,199.6,3700,199.59,2300,199.58,900,199.57,2200,199.56,1400,199.64,3600,199.65,3800,199.66,3900,199.67,2500,199.68,1000
2026-07-16 09:35:47.003,NVDA,199.64,199.62,1000,199.61,200,199.6,4300,199.59,3000,199.58,200,199.66,3000,199.67,400,199.68,1800,199.69,2300,199.7,400
2026-07-16 09:35:47.188,NVDA,199.66,199.64,4900,199.63,900,199.62,4200,199.61,4300,199.6,3900,199.68,3600,199.69,2500,199.7,500,199.71,4300,199.72,4300
2026-07-16 09:35:47.449,NVDA,199.64,199.62,3600,199.61,2300,199.6,2400,199.59,3500,199.58,1700,199.66,700,199.67,2900,199.68,4100,199.69,3500,199.7,1300
2026-07-16 09:35:47.620,NVDA,199.66,199.64,5000,199.63,1300,199.62,500,199.61,4400,199.6,800,199.68,3800,199.69,900,199.7,1300,199.71,300,199.72,1800
2026-07-16 09:35:48.040,NVDA,199.66,199.64,4800,199.63,700,199.62,4200,199.61,2500,199.6,3900,199.68,4800,199.69,4200,199.7,2600,199.71,4400,199.72,1700
2026-07-16 09:35:48.412,NVDA,199.66,199.64,1400,199.63,4000,199.62,1700,199.61,3200,199.6,1100,199.68,2000,199.69,2900,199.7,200,199.71,3300,199.72,1800
2026-07-16 09:35:48.532,NVDA,199.68,199.66,1000,199.65,2200,199.64,3400,199.63,3700,199.62,4500,199.7,3900,199.71,4100,199.72,4300,199.73,1400,199.74,100
2026-07-16 09:35:48.996,NVDA,199.68,199.66,2900,199.65,2400,199.64,3500,199.63,4700,199.62,4000,199.7,3200,199.71,1700,199.72,4600,199.73,4800,199.74,3300
2026-07-16 09:35:49.208,NVDA,199.7,199.68,1700,199.67,3200,199.66,2000,199.65,4900,199.64,4700,199.72,4200,199.73,2600,199.74,500,199.75,3900,199.76,2900
2026-07-16 09:35:49.558,NVDA,199.69,199.67,1800,199.66,3100,199.65,3400,199.64,4000,199.63,4100,199.71,1200,199.72,3900,199.73,100,199.74,3500,199.75,3200
2026-07-16 09:35:49.816,NVDA,199.67,199.65,600,199.64,1500,199.63,1500,199.62,4300,199.61,700,199.69,300,199.7,1700,199.71,2300,199.72,3000,199.73,1100
2026-07-16 09:35:50.235,NVDA,199.69,199.67,200,199.66,3800,199.65,2000,199.64,200,199.63,3000,199.71,1100,199.72,500,199.73,3100,199.74,1200,199.75,700
2026-07-16 09:35:50.617,NVDA,199.67,199.65,300,199.64,4600,199.63,200,199.62,3000,199.61,4700,199.69,3200,199.7,1700,199.71,2200,199.72,2100,199.73,2700
2026-07-16 09:35:50.654,NVDA,199.69,199.67,3200,199.66,3800,199.65,3100,199.64,1100,199.63,800,199.71,5000,199.72,1800,199.73,500,199.74,300,199.75,2900
2026-07-16 09:35:51.062,NVDA,199.68,199.66,1600,199.65,1700,199.64,3000,199.63,1600,199.62,4400,199.7,100,199.71,2800,199.72,200,199.73,4800,199.74,900
2026-07-16 09:35:51.465,NVDA,199.66,199.64,700,199.63,1600,199.62,3000,199.61,1500,199.6,1100,199.68,4200,199.69,2700,199.7,4800,199.71,100,199.72,1900
2026-07-16 09:35:51.653,NVDA,199.68,199.66,300,199.65,1300,199.64,3800,199.63,5000,199.62,200,199.7,1400,199.71,2400,199.72,2300,199.73,1200,199.74,5000
2026-07-16 09:35:51.931,NVDA,199.7,199.68,2800,199.67,3200,199.66,2100,199.65,3200,199.64,900,199.72,2300,199.73,3000,199.74,4500,199.75,3300,199.76,300
2026-07-16 09:35:52.037,NVDA,199.69,199.67,2800,199.66,4900,199.65,2300,199.64,3400,199.63,2800,199.71,3900,199.72,4700,199.73,5000,199.74,1500,199.75,1800
2026-07-16 09:35:52.358,NVDA,199.68,199.66,4900,199.65,2400,199.64,2800,199.63,2700,199.62,1300,199.7,4400,199.71,3500,199.72,3300,199.73,800,199.74,800
2026-07-16 09:35:52.570,NVDA,199.7,199.68,1700,199.67,200,199.66,2700,199.65,1300,199.64,1900,199.72,3700,199.73,4400,199.74,3900,199.75,4400,199.76,800
2026-07-16 09:35:52.719,NVDA,199.68,199.66,2400,199.65,4100,199.64,2800,199.63,1900,199.62,3300,199.7,5000,199.71,1400,199.72,1600,199.73,900,199.74,4000
2026-07-16 09:35:53.072,NVDA,199.66,199.64,300,199.63,2100,199.62,1200,199.61,4700,199.6,4600,199.68,3100,199.69,4200,199.7,1700,199.71,1600,199.72,3700
2026-07-16 09:35:53.344,NVDA,199.65,199.63,1200,199.62,1800,199.61,2200,199.6,2200,199.59,800,199.67,2000,199.68,3000,199.69,2200,199.7,2500,199.71,2500
2026-07-16 09:35:53.382,NVDA,199.64,199.62,2500,199.61,700,199.6,3200,199.59,1800,199.58,1100,199.66,3300,199.67,2800,199.68,600,199.69,4100,199.7,2100
2026-07-16 09:35:53.410,NVDA,199.66,199.64,4900,199.63,2300,199.62,4400,199.61,4100,199.6,2200,199.68,3100,199.69,3900,199.7,100,199.71,2400,199.72,2600
2026-07-16 09:35:53.910,NVDA,199.65,199.63,2300,199.62,4700,199.61,4600,199.6,300,199.59,300,199.67,4100,199.68,5000,199.69,900,199.7,3700,199.71,2700
2026-07-16 09:35:54.408,NVDA,199.67,199.65,1900,199.64,2200,199.63,2400,199.62,100,199.61,4300,199.69,2300,199.7,1100,199.71,2500,199.72,1000,199.73,2200
2026-07-16 09:35:54.422,NVDA,199.65,199.63,4400,199.62,3600,199.61,4900,199.6,1100,199.59,800,199.67,2300,199.68,4300,199.69,1200,199.7,2100,199.71,4000
2026-07-16 09:35:54.513,NVDA,199.67,199.65,900,199.64,3300,199.63,4400,199.62,4600,199.61,2400,199.69,1800,199.7,3200,199.71,4900,199.72,4900,199.73,4000
2026-07-16 09:35:54.931,NVDA,199.65,199.63,1000,199.62,2100,199.61,900,199.6,2600,199.59,1100,199.67,700,199.68,4200,199.69,700,199.7,600,199.71,5000
2026-07-16 09:35:55.060,NVDA,199.67,199.65,2400,199.64,3800,199.63,1400,199.62,1700,199.61,4100,199.69,2600,199.7,2200,199.71,3000,199.72,2800,199.73,3000
2026-07-16 09:35:55.436,NVDA,199.67,199.65,3100,199.64,1000,199.63,600,199.62,3100,199.61,1200,199.69,4600,199.7,4700,199.71,4000,199.72,1700,199.73,1900
2026-07-16 09:35:55.589,NVDA,199.68,199.66,2900,199.65,4700,199.64,3800,199.63,4400,199.62,2400,199.7,4500,199.71,4500,199.72,3100,199.73,2200,199.74,3000
2026-07-16 09:35:55.720,NVDA,199.7,199.68,4800,199.67,4700,199.66,4000,199.65,5000,199.64,1300,199.72,4300,199.73,4700,199.74,2600,199.75,3100,199.76,2300
2026-07-16 09:35:56.129,NVDA,199.69,199.67,2400,199.66,1500,199.65,2500,199.64,200,199.63,500,199.71,600,199.72,4300,199.73,4800,199.74,2800,199.75,1500
2026-07-16 09:35:56.585,NVDA,199.67,199.65,4000,199.64,900,199.63,4500,199.62,100,199.61,3600,199.69,1200,199.7,4400,199.71,4200,199.72,4100,199.73,1300
2026-07-16 09:35:56.607,NVDA,199.66,199.64,1300,199.63,4700,199.62,3600,199.61,400,199.6,100,199.68,2500,199.69,2400,199.7,4800,199.71,5000,199.72,2800
2026-07-16 09:35:57.008,NVDA,199.65,199.63,3400,199.62,4100,199.61,1600,199.6,3000,199.59,1100,199.67,2500,199.68,2100,199.69,400,199.7,2300,199.71,1500
2026-07-16 09:35:57.078,NVDA,199.63,199.61,3100,199.6,800,199.59,3900,199.58,4500,199.57,900,199.65,2700,199.66,4300,199.67,3600,199.68,1500,199.69,300
2026-07-16 09:35:57.151,NVDA,199.62,199.6,1300,199.59,1500,199.58,3500,199.57,3800,199.56,4000,199.64,1300,199.65,2500,199.66,1700,199.67,1000,199.68,4300
2026-07-16 09:35:57.294,NVDA,199.6,199.58,200,199.57,2500,199.56,1300,199.55,4500,199.54,3100,199.62,300,199.63,3900,199.64,4200,199.65,1600,199.66,3900
2026-07-16 09:35:57.575,NVDA,199.59,199.57,3300,199.56,2400,199.55,4900,199.54,3000,199.53,600,199.61,1600,199.62,4700,199.63,3100,199.64,1100,199.65,1400
2026-07-16 09:35:58.063,NVDA,199.59,199.57,700,199.56,300,199.55,2700,199.54,1600,199.53,4000,199.61,800,199.62,4000,199.63,4400,199.64,1600,199.65,1300
2026-07-16 09:35:58.515,NVDA,199.61,199.59,2500,199.58,3200,199.57,2100,199.56,3800,199.55,3000,199.63,1400,199.64,2200,199.65,1700,199.66,2500,199.67,2400
2026-07-16 09:35:59.005,NVDA,199.62,199.6,800,199.59,3500,199.58,700,199.57,900,199.56,4900,199.64,400,199.65,2300,199.66,200,199.67,3200,199.68,1900
2026-07-16 09:35:59.330,NVDA,199.62,199.6,2900,199.59,3600,199.58,3800,199.57,2700,199.56,2300,199.64,1200,199.65,2700,199.66,3200,199.67,1600,199.68,3200
2026-07-16 09:35:59.350,NVDA,199.63,199.61,1500,199.6,4200,199.59,2600,199.58,3600,199.57,3500,199.65,5000,199.66,100,199.67,300,199.68,4700,199.69,100
2026-07-16 09:35:59.758,NVDA,199.64,199.62,4400,199.61,4700,199.6,1600,199.59,1300,199.58,2600,199.66,4300,199.67,800,199.68,3100,199.69,100,199.7,3000
2026-07-16 09:36:00.212,NVDA,199.63,199.61,2400,199.6,2700,199.59,1700,199.58,4700,199.57,3600,199.65,2700,199.66,4400,199.67,3400,199.68,700,199.69,3700
2026-07-16 09:36:00.578,NVDA,199.62,199.6,2700,199.59,1700,199.58,1100,199.57,4000,199.56,3600,199.64,4600,199.65,600,199.66,1400,199.67,3200,199.68,900
2026-07-16 09:36:00.806,NVDA,199.64,199.62,1000,199.61,3400,199.6,3300,199.59,1500,199.58,4900,199.66,2100,199.67,4200,199.68,3900,199.69,300,199.7,1000
2026-07-16 09:36:01.034,NVDA,199.62,199.6,4800,199.59,1900,199.58,3900,199.57,3200,199.56,700,199.64,3000,199.65,1900,199.66,1700,199.67,1200,199.68,4700
2026-07-16 09:36:01.318,NVDA,199.6,199.58,1200,199.57,1800,199.56,400,199.55,2800,199.54,3600,199.62,2700,199.63,3200,199.64,700,199.65,4500,199.66,2700
2026-07-16 09:36:01.660,NVDA,199.6,199.58,300,199.57,3100,199.56,3200,199.55,400,199.54,4100,199.62,3200,199.63,5000,199.64,3500,199.65,1900,199.66,3300
2026-07-16 09:36:01.805,NVDA,199.61,199.59,2600,199.58,800,199.57,2700,199.56,2900,199.55,900,199.63,600,199.64,2400,199.65,1600,199.66,4900,199.67,2300
2026-07-16 09:36:02.215,NVDA,199.63,199.61,1000,199.6,300,199.59,3300,199.58,3500,199.57,3400,199.65,3400,199.66,2300,199.67,3200,199.68,4100,199.69,3500
2026-07-16 09:36:02.355,NVDA,199.61,199.59,1300,199.58,800,199.57,2000,199.56,3800,199.55,4000,199.63,2500,199.64,4000,199.65,500,199.66,3400,199.67,2000
2026-07-16 09:36:02.698,NVDA,199.63,199.61,500,199.6,3200,199.59,4900,199.58,600,199.57,3300,199.65,3900,199.66,800,199.67,3200,199.68,900,199.69,1300
2026-07-16 09:36:02.791,NVDA,199.63,199.61,2500,199.6,4600,199.59,800,199.58,400,199.57,500,199.65,1000,199.66,400,199.67,2100,199.68,3900,199.69,3600
2026-07-16 09:36:03.107,NVDA,199.65,199.63,3000,199.62,3600,199.61,1200,199.6,4200,199.59,3900,199.67,4200,199.68,400,199.69,4600,199.7,4400,199.71,2000
2026-07-16 09:36:03.220,NVDA,199.66,199.64,2400,199.63,2100,199.62,3000,199.61,3900,199.6,3800,199.68,2700,199.69,4800,199.7,1500,199.71,2200,199.72,3500
2026-07-16 09:36:03.316,NVDA,199.67,199.65,1000,199.64,4200,199.63,1800,199.62,4600,199.61,2400,199.69,2400,199.7,3700,199.71,4100,199.72,2100,199.73,1200
2026-07-16 09:36:03.410,NVDA,199.65,199.63,2200,199.62,2000,199.61,3700,199.6,4800,199.59,2000,199.67,4300,199.68,3700,199.69,1000,199.7,1200,199.71,2900
2026-07-16 09:36:03.548,NVDA,199.64,199.62,200,199.61,500,199.6,3100,199.59,1200,199.58,2300,199.66,2400,199.67,1600,199.68,4700,199.69,3300,199.7,3300
2026-07-16 09:36:03.741,NVDA,199.65,199.63,4600,199.62,2500,199.61,3900,199.6,2600,199.59,3700,199.67,1300,199.68,2100,199.69,4900,199.7,3400,199.71,3900
2026-07-16 09:36:04.183,NVDA,199.64,199.62,800,199.61,4200,199.6,2300,199.59,4600,199.58,1200,199.66,1200,199.67,1900,199.68,3800,199.69,2000,199.7,3500
2026-07-16 09:36:04.654,NVDA,199.64,199.62,1400,199.61,1300,199.6,200,199.59,2300,199.58,600,199.66,2200,199.67,2600,199.68,4700,199.69,500,199.7,3000
2026-07-16 09:36:05.014,NVDA,199.64,199.62,200,199.61,500,199.6,2400,199.59,4200,199.58,3400,199.66,4900,199.67,300,199.68,2800,199.69,4200,199.7,5000
2026-07-16 09:36:05.464,NVDA,199.64,199.62,3300,199.61,1500,199.6,1000,199.59,2300,199.58,3600,199.66,1700,199.67,4400,199.68,2200,199.69,1900,199.7,1600
2026-07-16 09:36:05.567,NVDA,199.63,199.61,4900,199.6,600,199.59,800,199.58,3300,199.57,3900,199.65,1300,199.66,700,199.67,4600,199.68,4600,199.69,2900
2026-07-16 09:36:05.892,NVDA,199.64,199.62,500,199.61,4800,199.6,4300,199.59,4500,199.58,4800,199.66,3400,199.67,2200,199.68,3100,199.69,1500,199.7,3700
2026-07-16 09:36:06.190,NVDA,199.62,199.6,4600,199.59,2100,199.58,2200,199.57,3200,199.56,300,199.64,4100,199.65,400,199.66,2700,199.67,4000,199.68,1900
2026-07-16 09:36:06.538,NVDA,199.64,199.62,2400,199.61,4500,199.6,1000,199.59,1700,199.58,1300,199.66,1500,199.67,1500,199.68,1200,199.69,1800,199.7,4600
2026-07-16 09:36:07.027,NVDA,199.66,199.64,2000,199.63,500,199.62,5000,199.61,2000,199.6,4700,199.68,200,199.69,4200,199.7,300,199.71,4000,199.72,1500
2026-07-16 09:36:07.260,NVDA,199.66,199.64,3100,199.63,3100,199.62,900,199.61,2100,199.6,1100,199.68,1000,199.69,1500,199.7,1400,199.71,3600,199.72,3600
2026-07-16 09:36:07.665,NVDA,199.68,199.66,2900,199.65,500,199.64,3200,199.63,2300,199.62,1700,199.7,3600,199.71,2000,199.72,400,199.73,1400,199.74,1100
2026-07-16 09:36:08.086,NVDA,199.7,199.68,3700,199.67,400,199.66,1500,199.65,4600,199.64,3900,199.72,4900,199.73,1500,199.74,3800,199.75,1200,199.76,500
2026-07-16 09:36:08.516,NVDA,199.71,199.69,3300,199.68,900,199.67,2300,199.66,3100,199.65,3900,199.73,100,199.74,1900,199.75,1000,199.76,3800,199.77,400
2026-07-16 09:36:08.952,NVDA,199.71,199.69,4100,199.68,200,199.67,4400,199.66,1200,199.65,3700,199.73,4900,199.74,4100,199.75,3500,199.76,4600,199.77,4500
2026-07-16 09:36:09.431,NVDA,199.73,199.71,2200,199.7,500,199.69,200,199.68,2400,199.67,2400,199.75,300,199.76,4200,199.77,4100,199.78,800,199.79,1600
2026-07-16 09:36:09.469,NVDA,199.74,199.72,4700,199.71,2700,199.7,4500,199.69,2600,199.68,2300,199.76,300,199.77,1700,199.78,1500,199.79,1600,199.8,1100
2026-07-16 09:36:09.750,NVDA,199.72,199.7,3200,199.69,4000,199.68,1600,199.67,400,199.66,2800,199.74,900,199.75,1600,199.76,4100,199.77,4700,199.78,2100
2026-07-16 09:36:10.086,NVDA,199.7,199.68,4500,199.67,4600,199.66,4100,199.65,1000,199.64,1300,199.72,200,199.73,2200,199.74,4700,199.75,1900,199.76,4900
2026-07-16 09:36:10.442,NVDA,199.72,199.7,700,199.69,3700,199.68,1700,199.67,700,199.66,5000,199.74,100,199.75,3400,199.76,300,199.77,4800,199.78,4900
2026-07-16 09:36:10.745,NVDA,199.72,199.7,4600,199.69,1700,199.68,100,199.67,2900,199.66,3200,199.74,2600,199.75,300,199.76,3200,199.77,3900,199.78,1900
2026-07-16 09:36:11.233,NVDA,199.72,199.7,3200,199.69,2400,199.68,3500,199.67,1800,199.66,1200,199.74,100,199.75,1900,199.76,900,199.77,3500,199.78,4500
2026-07-16 09:36:11.549,NVDA,199.71,199.69,200,199.68,4500,199.67,1900,199.66,2000,199.65,1200,199.73,200,199.74,3900,199.75,100,199.76,1900,199.77,1600
2026-07-16 09:36:11.671,NVDA,199.7,199.68,2200,199.67,2100,199.66,3900,199.65,200,199.64,1200,199.72,2300,199.73,2000,199.74,1700,199.75,2100,199.76,2800
2026-07-16 09:36:11.934,NVDA,199.7,199.68,4400,199.67,2800,199.66,4200,199.65,200,199.64,600,199.72,4000,199.73,4100,199.74,4700,199.75,3500,199.76,1700
2026-07-16 09:36:11.993,NVDA,199.71,199.69,4000,199.68,2900,199.67,1900,199.66,600,199.65,3900,199.73,3600,199.74,4200,199.75,4500,199.76,3700,199.77,3900
2026-07-16 09:36:12.223,NVDA,199.73,199.71,2600,199.7,400,199.69,500,199.68,3200,199.67,3300,199.75,2900,199.76,200,199.77,100,199.78,4100,199.79,1700
2026-07-16 09:36:12.254,NVDA,199.71,199.69,3000,199.68,2400,199.67,3800,199.66,300,199.65,1300,199.73,4600,199.74,700,199.75,3400,199.76,1800,199.77,4600
2026-07-16 09:36:12.376,NVDA,199.71,199.69,3000,199.68,4000,199.67,1600,199.66,2200,199.65,300,199.73,400,199.74,2200,199.75,300,199.76,200,199.77,4300
2026-07-16 09:36:12.797,NVDA,199.69,199.67,4900,199.66,400,199.65,1900,199.64,5000,199.63,1000,199.71,700,199.72,1400,199.73,1700,199.74,2200,199.75,2300
2026-07-16 09:36:12.931,NVDA,199.7,199.68,2900,199.67,4000,199.66,3100,199.65,1700,199.64,1100,199.72,3400,199.73,2500,199.74,100,199.75,900,199.76,1300
2026-07-16 09:36:13.237,NVDA,199.72,199.7,1900,199.69,3800,199.68,2300,199.67,3000,199.66,4400,199.74,1300,199.75,3400,199.76,1800,199.77,700,199.78,3200
2026-07-16 09:36:13.472,NVDA,199.7,199.68,1600,199.67,1300,199.66,2200,199.65,3200,199.64,100,199.72,4700,199.73,4900,199.74,3100,199.75,4000,199.76,1300
2026-07-16 09:36:13.892,NVDA,199.72,199.7,500,199.69,2800,199.68,2300,199.67,4900,199.66,4000,199.74,500,199.75,4400,199.76,3900,199.77,900,199.78,1400
2026-07-16 09:36:14.004,NVDA,199.74,199.72,1300,199.71,500,199.7,3800,199.69,1700,199.68,4500,199.76,3700,199.77,4400,199.78,1000,199.79,100,199.8,2400
2026-07-16 09:36:14.162,NVDA,199.72,199.7,1700,199.69,1200,199.68,400,199.67,2000,199.66,800,199.74,4900,199.75,2900,199.76,500,199.77,3200,199.78,2200
2026-07-16 09:36:14.539,NVDA,199.72,199.7,3700,199.69,1500,199.68,3500,199.67,4000,199.66,1400,199.74,500,199.75,3100,199.76,3200,199.77,3000,199.78,800
2026-07-16 09:36:14.837,NVDA,199.72,199.7,2200,199.69,1200,199.68,4500,199.67,4300,199.66,600,199.74,1300,199.75,1500,199.76,1100,199.77,1900,199.78,2500
2026-07-16 09:36:15.179,NVDA,199.72,199.7,2000,199.69,100,199.68,600,199.67,1600,199.66,4200,199.74,2600,199.75,4300,199.76,1400,199.77,900,199.78,600
2026-07-16 09:36:15.327,NVDA,199.73,199.71,200,199.7,2900,199.69,100,199.68,1800,199.67,2100,199.75,4100,199.76,3500,199.77,3400,199.78,500,199.79,1900
2026-07-16 09:36:15.418,NVDA,199.71,199.69,3200,199.68,200,199.67,300,199.66,2400,199.65,1300,199.73,3400,199.74,4800,199.75,2800,199.76,3000,199.77,1500
2026-07-16 09:36:15.663,NVDA,199.71,199.69,4700,199.68,3500,199.67,4000,199.66,2000,199.65,3700,199.73,300,199.74,3400,199.75,200,199.76,1400,199.77,400
2026-07-16 09:36:16.098,NVDA,199.73,199.71,1400,199.7,1000,199.69,4000,199.68,1200,199.67,2900,199.75,1500,199.76,2700,199.77,2000,199.78,4200,199.79,4200
2026-07-16 09:36:16.401,NVDA,199.73,199.71,2100,199.7,3400,199.69,4200,199.68,2700,199.67,3500,199.75,300,199.76,1500,199.77,1700,199.78,4700,199.79,3800
2026-07-16 09:36:16.440,NVDA,199.75,199.73,4300,199.72,800,199.71,2000,199.7,3500,199.69,3400,199.77,4600,199.78,4300,199.79,300,199.8,400,199.81,2900
2026-07-16 09:36:16.895,NVDA,199.77,199.75,1600,199.74,2900,199.73,1700,199.72,4800,199.71,400,199.79,2200,199.8,4800,199.81,4200,199.82,1400,199.83,2900
2026-07-16 09:36:17.056,NVDA,199.77,199.75,1200,199.74,4900,199.73,2200,199.72,4400,199.71,4700,199.79,400,199.8,2600,199.81,4900,199.82,600,199.83,4400
2026-07-16 09:36:17.304,NVDA,199.79,199.77,4400,199.76,2000,199.75,2900,199.74,2800,199.73,1600,199.81,400,199.82,2100,199.83,2400,199.84,4700,199.85,2300
2026-07-16 09:36:17.612,NVDA,199.77,199.75,1500,199.74,4300,199.73,3900,199.72,3100,199.71,2400,199.79,3000,199.8,1000,199.81,4100,199.82,3700,199.83,4800
2026-07-16 09:36:18.052,NVDA,199.76,199.74,2200,199.73,1400,199.72,2100,199.71,3400,199.7,4300,199.78,3000,199.79,3500,199.8,200,199.81,4400,199.82,4600
2026-07-16 09:36:18.372,NVDA,199.78,199.76,3400,199.75,500,199.74,1300,199.73,3800,199.72,2000,199.8,1000,199.81,1100,199.82,2500,199.83,4700,199.84,1900
2026-07-16 09:36:18.520,NVDA,199.76,199.74,1300,199.73,200,199.72,2200,199.71,800,199.7,5000,199.78,2800,199.79,2000,199.8,4300,199.81,1600,199.82,1800
2026-07-16 09:36:18.577,NVDA,199.78,199.76,2800,199.75,4800,199.74,3600,199.73,5000,199.72,4800,199.8,2000,199.81,3000,199.82,2600,199.83,1800,199.84,900
2026-07-16 09:36:18.915,NVDA,199.77,199.75,1800,199.74,100,199.73,1600,199.72,2900,199.71,1100,199.79,3800,199.8,800,199.81,1400,199.82,1200,199.83,4900
2026-07-16 09:36:19.367,NVDA,199.75,199.73,1600,199.72,2400,199.71,1500,199.7,2000,199.69,3500,199.77,1000,199.78,4400,199.79,3600,199.8,3600,199.81,4100
2026-07-16 09:36:19.427,NVDA,199.74,199.72,2500,199.71,600,199.7,1500,199.69,4400,199.68,300,199.76,800,199.77,2300,199.78,4700,199.79,2100,199.8,300
2026-07-16 09:36:19.736,NVDA,199.76,199.74,1700,199.73,600,199.72,4200,199.71,4100,199.7,1300,199.78,2600,199.79,1700,199.8,2800,199.81,3700,199.82,4600
2026-07-16 09:36:20.018,NVDA,199.77,199.75,900,199.74,2400,199.73,4600,199.72,100,199.71,2300,199.79,2500,199.8,2900,199.81,2400,199.82,2000,199.83,2600
2026-07-16 09:36:20.111,NVDA,199.76,199.74,1100,199.73,2900,199.72,1200,199.71,3500,199.7,3900,199.78,1000,199.79,3000,199.8,4900,199.81,3500,199.82,800
2026-07-16 09:36:20.161,NVDA,199.77,199.75,2800,199.74,2800,199.73,700,199.72,2000,199.71,3900,199.79,4100,199.8,4800,199.81,3500,199.82,800,199.83,200
2026-07-16 09:36:20.532,NVDA,199.79,199.77,2000,199.76,2800,199.75,4400,199.74,3800,199.73,4000,199.81,2200,199.82,5000,199.83,4800,199.84,2800,199.85,4300
2026-07-16 09:36:20.816,NVDA,199.79,199.77,3900,199.76,3500,199.75,300,199.74,4800,199.73,2900,199.81,3500,199.82,2600,199.83,2700,199.84,700,199.85,500
2026-07-16 09:36:21.128,NVDA,199.78,199.76,2600,199.75,1200,199.74,1300,199.73,4700,199.72,700,199.8,3700,199.81,800,199.82,2600,199.83,2500,199.84,3600
2026-07-16 09:36:21.435,NVDA,199.76,199.74,1400,199.73,1500,199.72,1600,199.71,3800,199.7,300,199.78,3700,199.79,200,199.8,3400,199.81,1500,199.82,4300
2026-07-16 09:36:21.642,NVDA,199.76,199.74,4500,199.73,3200,199.72,4800,199.71,1800,199.7,1300,199.78,2200,199.79,3500,199.8,1800,199.81,4300,199.82,2500
2026-07-16 09:36:22.050,NVDA,199.76,199.74,4900,199.73,4500,199.72,2600,199.71,1800,199.7,3100,199.78,2700,199.79,2200,199.8,2200,199.81,2700,199.82,2900
2026-07-16 09:36:22.469,NVDA,199.78,199.76,2700,199.75,3900,199.74,4900,199.73,100,199.72,400,199.8,1000,199.81,4900,199.82,4500,199.83,2000,199.84,4900
2026-07-16 09:36:22.913,NVDA,199.76,199.74,4700,199.73,1800,199.72,3600,199.71,2100,199.7,3200,199.78,2300,199.79,1600,199.8,500,199.81,200,199.82,4600
2026-07-16 09:36:23.272,NVDA,199.74,199.72,2000,199.71,2500,199.7,2500,199.69,3900,199.68,1800,199.76,3900,199.77,3100,199.78,1700,199.79,3900,199.8,1000
2026-07-16 09:36:23.288,NVDA,199.74,199.72,3800,199.71,3500,199.7,4500,199.69,3700,199.68,5000,199.76,2600,199.77,4200,199.78,2800,199.79,3300,199.8,2000
2026-07-16 09:36:23.310,NVDA,199.73,199.71,800,199.7,2600,199.69,1500,199.68,2600,199.67,4800,199.75,1100,199.76,1400,199.77,2200,199.78,2100,199.79,4500
2026-07-16 09:36:23.601,NVDA,199.71,199.69,2400,199.68,2800,199.67,3200,199.66,4900,199.65,1500,199.73,3900,199.74,2700,199.75,700,199.76,3200,199.77,3600
2026-07-16 09:36:23.980,NVDA,199.71,199.69,1000,199.68,900,199.67,1800,199.66,400,199.65,3700,199.73,5000,199.74,2700,199.75,1500,199.76,2900,199.77,1000
2026-07-16 09:36:24.470,NVDA,199.7,199.68,3800,199.67,4700,199.66,4800,199.65,4000,199.64,1200,199.72,4100,199.73,3500,199.74,600,199.75,900,199.76,100
2026-07-16 09:36:24.507,NVDA,199.72,199.7,1000,199.69,3500,199.68,2600,199.67,1500,199.66,100,199.74,1200,199.75,2200,199.76,600,199.77,1100,199.78,2400
2026-07-16 09:36:24.539,NVDA,199.73,199.71,4400,199.7,2500,199.69,2500,199.68,2600,199.67,1900,199.75,300,199.76,800,199.77,3700,199.78,1700,199.79,2000
2026-07-16 09:36:24.770,NVDA,199.75,199.73,3000,199.72,3200,199.71,4100,199.7,4500,199.69,3500,199.77,3600,199.78,200,199.79,1100,199.8,2300,199.81,3900
2026-07-16 09:36:25.153,NVDA,199.77,199.75,400,199.74,1900,199.73,200,199.72,1200,199.71,500,199.79,500,199.8,2800,199.81,4900,199.82,1700,199.83,4400
2026-07-16 09:36:25.209,NVDA,199.75,199.73,700,199.72,700,199.71,1800,199.7,3900,199.69,1800,199.77,2300,199.78,1700,199.79,1400,199.8,1700,199.81,2800
2026-07-16 09:36:25.576,NVDA,199.75,199.73,2700,199.72,4600,199.71,3600,199.7,4700,199.69,1600,199.77,3600,199.78,200,199.79,400,199.8,2200,199.81,1800
2026-07-16 09:36:25.854,NVDA,199.76,199.74,4600,199.73,3500,199.72,3500,199.71,2500,199.7,4100,199.78,4400,199.79,4200,199.8,3200,199.81,4600,199.82,4900
2026-07-16 09:36:26.150,NVDA,199.78,199.76,3400,199.75,4700,199.74,4500,199.73,3600,199.72,3800,199.8,4600,199.81,3800,199.82,4200,199.83,2000,199.84,100
2026-07-16 09:36:26.402,NVDA,199.76,199.74,3600,199.73,2400,199.72,1600,199.71,5000,199.7,1500,199.78,1700,199.79,4000,199.8,700,199.81,700,199.82,5000
2026-07-16 09:36:26.807,NVDA,199.76,199.74,4500,199.73,1700,199.72,3700,199.71,4800,199.7,1300,199.78,1800,199.79,2900,199.8,3500,199.81,2000,199.82,3200
2026-07-16 09:36:27.022,NVDA,199.77,199.75,2100,199.74,4600,199.73,3300,199.72,3700,199.71,100,199.79,4500,199.8,1800,199.81,4000,199.82,2800,199.83,3400
2026-07-16 09:36:27.342,NVDA,199.79,199.77,3400,199.76,2900,199.75,200,199.74,4400,199.73,2900,199.81,600,199.82,1900,199.83,3900,199.84,1800,199.85,4900
2026-07-16 09:36:27.380,NVDA,199.79,199.77,2700,199.76,2200,199.75,600,199.74,1800,199.73,1900,199.81,3000,199.82,1800,199.83,800,199.84,3900,199.85,1800
2026-07-16 09:36:27.601,NVDA,199.78,199.76,200,199.75,3100,199.74,2500,199.73,400,199.72,200,199.8,2300,199.81,3000,199.82,600,199.83,3100,199.84,1400
2026-07-16 09:36:28.052,NVDA,199.76,199.74,1700,199.73,1600,199.72,1000,199.71,4100,199.7,4300,199.78,1100,199.79,3200,199.8,3700,199.81,2800,199.82,1100
2026-07-16 09:36:28.199,NVDA,199.77,199.75,4300,199.74,2600,199.73,3500,199.72,3600,199.71,1400,199.79,1400,199.8,3000,199.81,2800,199.82,900,199.83,3600
2026-07-16 09:36:28.373,NVDA,199.79,199.77,2600,199.76,900,199.75,3100,199.74,2000,199.73,4200,199.81,4000,199.82,3300,199.83,1700,199.84,300,199.85,4500
2026-07-16 09:36:28.393,NVDA,199.81,199.79,3100,199.78,3700,199.77,4700,199.76,400,199.75,4900,199.83,4300,199.84,4000,199.85,3400,199.86,2600,199.87,3300
2026-07-16 09:36:28.614,NVDA,199.83,199.81,4700,199.8,4400,199.79,700,199.78,2500,199.77,1600,199.85,2400,199.86,1000,199.87,3300,199.88,1200,199.89,4000
2026-07-16 09:36:29.035,NVDA,199.83,199.81,1700,199.8,600,199.79,600,199.78,5000,199.77,2900,199.85,4900,199.86,1900,199.87,2300,199.88,4000,199.89,300
2026-07-16 09:36:29.191,NVDA,199.84,199.82,2000,199.81,1200,199.8,3400,199.79,5000,199.78,1600,199.86,3800,199.87,1900,199.88,700,199.89,3500,199.9,2300
2026-07-16 09:36:29.450,NVDA,199.82,199.8,2800,199.79,4100,199.78,1800,199.77,1700,199.76,2500,199.84,3200,199.85,3500,199.86,600,199.87,1900,199.88,600
2026-07-16 09:36:29.519,NVDA,199.82,199.8,3000,199.79,4900,199.78,2800,199.77,4100,199.76,2300,199.84,1400,199.85,2200,199.86,2400,199.87,4000,199.88,1600
2026-07-16 09:36:29.850,NVDA,199.84,199.82,100,199.81,2800,199.8,1100,199.79,500,199.78,2600,199.86,4000,199.87,3000,199.88,700,199.89,2200,199.9,3400
2026-07-16 09:36:30.212,NVDA,199.82,199.8,3300,199.79,4800,199.78,4800,199.77,4200,199.76,1000,199.84,1400,199.85,4700,199.86,1100,199.87,4400,199.88,4900
2026-07-16 09:36:30.315,NVDA,199.81,199.79,400,199.78,4700,199.77,200,199.76,4100,199.75,3600,199.83,1100,199.84,1100,199.85,4300,199.86,1900,199.87,2700
2026-07-16 09:36:30.641,NVDA,199.8,199.78,1300,199.77,2200,199.76,1900,199.75,700,199.74,2500,199.82,3500,199.83,4900,199.84,1600,199.85,2400,199.86,3900
2026-07-16 09:36:31.006,NVDA,199.81,199.79,700,199.78,1500,199.77,2300,199.76,200,199.75,3800,199.83,5000,199.84,1500,199.85,3100,199.86,3900,199.87,2200
2026-07-16 09:36:31.301,NVDA,199.8,199.78,1700,199.77,1100,199.76,2500,199.75,4100,199.74,2300,199.82,1500,199.83,4400,199.84,3200,199.85,100,199.86,2200
2026-07-16 09:36:31.763,NVDA,199.8,199.78,3600,199.77,900,199.76,3500,199.75,2500,199.74,800,199.82,3500,199.83,3400,199.84,500,199.85,700,199.86,3100
2026-07-16 09:36:32.085,NVDA,199.79,199.77,900,199.76,200,199.75,2100,199.74,1600,199.73,1100,199.81,1500,199.82,3000,199.83,2600,199.84,2300,199.85,2600
2026-07-16 09:36:32.485,NVDA,199.8,199.78,200,199.77,1100,199.76,1800,199.75,4700,199.74,4800,199.82,800,199.83,800,199.84,1000,199.85,2300,199.86,1500
2026-07-16 09:36:32.930,NVDA,199.78,199.76,4000,199.75,2200,199.74,4600,199.73,1000,199.72,1500,199.8,1200,199.81,1600,199.82,1000,199.83,500,199.84,2200
2026-07-16 09:36:33.391,NVDA,199.79,199.77,3600,199.76,100,199.75,3600,199.74,2600,199.73,100,199.81,3300,199.82,4700,199.83,700,199.84,2800,199.85,3300
2026-07-16 09:36:33.833,NVDA,199.78,199.76,2900,199.75,1000,199.74,3500,199.73,3800,199.72,3000,199.8,1700,199.81,2900,199.82,2300,199.83,4200,199.84,5000
2026-07-16 09:36:34.226,NVDA,199.78,199.76,2600,199.75,1900,199.74,1900,199.73,1100,199.72,600,199.8,2100,199.81,1800,199.82,1600,199.83,1300,199.84,700
2026-07-16 09:36:34.572,NVDA,199.76,199.74,4800,199.73,5000,199.72,2800,199.71,3800,199.7,2300,199.78,1500,199.79,2100,199.8,2700,199.81,4500,199.82,3300
2026-07-16 09:36:34.582,NVDA,199.75,199.73,2500,199.72,3300,199.71,2700,199.7,4800,199.69,2600,199.77,4400,199.78,3400,199.79,1400,199.8,4000,199.81,4500
2026-07-16 09:36:34.942,NVDA,199.74,199.72,3500,199.71,800,199.7,2300,199.69,4100,199.68,3400,199.76,4100,199.77,2600,199.78,4600,199.79,3200,199.8,3200
2026-07-16 09:36:35.378,NVDA,199.72,199.7,600,199.69,1200,199.68,4000,199.67,1000,199.66,300,199.74,2500,199.75,4400,199.76,1100,199.77,1500,199.78,3300
2026-07-16 09:36:35.503,NVDA,199.72,199.7,3800,199.69,3700,199.68,900,199.67,4300,199.66,2400,199.74,4700,199.75,3900,199.76,3900,199.77,4300,199.78,2900
2026-07-16 09:36:35.952,NVDA,199.74,199.72,4400,199.71,3300,199.7,3800,199.69,2200,199.68,3100,199.76,2000,199.77,1700,199.78,1400,199.79,1700,199.8,300
2026-07-16 09:36:36.213,NVDA,199.75,199.73,1900,199.72,2200,199.71,2700,199.7,4900,199.69,500,199.77,2700,199.78,3100,199.79,2300,199.8,4300,199.81,4400
2026-07-16 09:36:36.604,NVDA,199.73,199.71,4600,199.7,4700,199.69,600,199.68,3700,199.67,1000,199.75,1400,199.76,3100,199.77,2300,199.78,4800,199.79,3700
2026-07-16 09:36:36.800,NVDA,199.72,199.7,4600,199.69,3600,199.68,5000,199.67,300,199.66,4200,199.74,1800,199.75,4500,199.76,100,199.77,4600,199.78,1500
2026-07-16 09:36:37.054,NVDA,199.72,199.7,2600,199.69,2600,199.68,4900,199.67,700,199.66,4300,199.74,2900,199.75,1300,199.76,4200,199.77,2900,199.78,300
2026-07-16 09:36:37.536,NVDA,199.72,199.7,4500,199.69,2700,199.68,5000,199.67,4000,199.66,4400,199.74,2800,199.75,3100,199.76,1000,199.77,2500,199.78,3600
2026-07-16 09:36:37.911,NVDA,199.71,199.69,4300,199.68,1700,199.67,4500,199.66,4200,199.65,2600,199.73,3300,199.74,1200,199.75,2200,199.76,5000,199.77,3500
2026-07-16 09:36:38.095,NVDA,199.7,199.68,1400,199.67,1300,199.66,2300,199.65,300,199.64,4500,199.72,700,199.73,4000,199.74,3300,199.75,3400,199.76,4500
2026-07-16 09:36:38.556,NVDA,199.72,199.7,3000,199.69,600,199.68,4100,199.67,700,199.66,700,199.74,4200,199.75,2000,199.76,1500,199.77,4600,199.78,3500
2026-07-16 09:36:38.766,NVDA,199.72,199.7,600,199.69,4700,199.68,400,199.67,900,199.66,4300,199.74,300,199.75,4600,199.76,3300,199.77,4600,199.78,1900
2026-07-16 09:36:39.172,NVDA,199.74,199.72,1200,199.71,3300,199.7,2400,199.69,900,199.68,400,199.76,1000,199.77,3900,199.78,4500,199.79,3200,199.8,1000
2026-07-16 09:36:39.510,NVDA,199.72,199.7,3200,199.69,4900,199.68,3400,199.67,4000,199.66,4600,199.74,4400,199.75,2300,199.76,2600,199.77,200,199.78,300
2026-07-16 09:36:39.762,NVDA,199.7,199.68,500,199.67,2200,199.66,2400,199.65,1700,199.64,2000,199.72,600,199.73,1300,199.74,1400,199.75,800,199.76,4200
2026-07-16 09:36:39.803,NVDA,199.71,199.69,2000,199.68,600,199.67,800,199.66,2300,199.65,3300,199.73,1400,199.74,4000,199.75,2500,199.76,3800,199.77,4200
2026-07-16 09:36:40.166,NVDA,199.71,199.69,3700,199.68,3200,199.67,4700,199.66,800,199.65,2800,199.73,2400,199.74,3600,199.75,4700,199.76,200,199.77,1800
2026-07-16 09:36:40.617,NVDA,199.7,199.68,1100,199.67,1800,199.66,4500,199.65,800,199.64,2900,199.72,1600,199.73,700,199.74,2600,199.75,2700,199.76,4200
2026-07-16 09:36:40.765,NVDA,199.71,199.69,4700,199.68,2500,199.67,4600,199.66,4200,199.65,100,199.73,500,199.74,1000,199.75,1900,199.76,1200,199.77,3700
2026-07-16 09:36:41.190,NVDA,199.71,199.69,2600,199.68,5000,199.67,3300,199.66,4300,199.65,3800,199.73,3800,199.74,2400,199.75,2000,199.76,3800,199.77,2400
2026-07-16 09:36:41.593,NVDA,199.71,199.69,2000,199.68,4600,199.67,4600,199.66,1700,199.65,3200,199.73,3900,199.74,3900,199.75,2900,199.76,2200,199.77,500
2026-07-16 09:36:41.893,NVDA,199.71,199.69,3100,199.68,2000,199.67,1400,199.66,4600,199.65,5000,199.73,1200,199.74,4500,199.75,4500,199.76,3300,199.77,3300
2026-07-16 09:36:42.302,NVDA,199.71,199.69,1100,199.68,100,199.67,2700,199.66,600,199.65,4900,199.73,4300,199.74,2800,199.75,1200,199.76,1200,199.77,4200
2026-07-16 09:36:42.390,NVDA,199.71,199.69,4500,199.68,1300,199.67,2400,199.66,1100,199.65,2900,199.73,3800,199.74,4000,199.75,500,199.76,1600,199.77,1200
2026-07-16 09:36:42.441,NVDA,199.7,199.68,2800,199.67,2300,199.66,3800,199.65,4900,199.64,2800,199.72,3600,199.73,1900,199.74,900,199.75,1800,199.76,3500
2026-07-16 09:36:42.598,NVDA,199.71,199.69,4400,199.68,3700,199.67,3800,199.66,1600,199.65,4100,199.73,3300,199.74,600,199.75,3500,199.76,1100,199.77,3800
2026-07-16 09:36:42.655,NVDA,199.71,199.69,4300,199.68,200,199.67,700,199.66,4500,199.65,3400,199.73,900,199.74,1100,199.75,3800,199.76,1000,199.77,4800
2026-07-16 09:36:42.687,NVDA,199.7,199.68,400,199.67,2100,199.66,800,199.65,700,199.64,3000,199.72,3800,199.73,3900,199.74,3100,199.75,3100,199.76,4600
2026-07-16 09:36:43.156,NVDA,199.7,199.68,600,199.67,2200,199.66,700,199.65,200,199.64,900,199.72,3900,199.73,4100,199.74,4300,199.75,2700,199.76,1500
2026-07-16 09:36:43.388,NVDA,199.71,199.69,3800,199.68,900,199.67,1200,199.66,1500,199.65,3700,199.73,3600,199.74,1300,199.75,2700,199.76,3300,199.77,900
2026-07-16 09:36:43.698,NVDA,199.71,199.69,4700,199.68,4900,199.67,700,199.66,300,199.65,1600,199.73,2800,199.74,2000,199.75,4300,199.76,2400,199.77,3700
2026-07-16 09:36:43.953,NVDA,199.69,199.67,1900,199.66,2900,199.65,1300,199.64,2300,199.63,4300,199.71,400,199.72,500,199.73,800,199.74,1000,199.75,4000
2026-07-16 09:36:44.412,NVDA,199.69,199.67,300,199.66,600,199.65,3400,199.64,2300,199.63,3000,199.71,3100,199.72,4600,199.73,2300,199.74,4500,199.75,2400
2026-07-16 09:36:44.483,NVDA,199.71,199.69,2900,199.68,3100,199.67,2000,199.66,4700,199.65,3600,199.73,1700,199.74,4200,199.75,2100,199.76,3500,199.77,200
2026-07-16 09:36:44.912,NVDA,199.69,199.67,3200,199.66,1200,199.65,2500,199.64,200,199.63,200,199.71,3600,199.72,500,199.73,5000,199.74,3800,199.75,2100
2026-07-16 09:36:45.336,NVDA,199.7,199.68,2700,199.67,3600,199.66,3100,199.65,4700,199.64,4400,199.72,4300,199.73,2900,199.74,900,199.75,3400,199.76,200
2026-07-16 09:36:45.475,NVDA,199.71,199.69,3500,199.68,3300,199.67,500,199.66,900,199.65,4200,199.73,1400,199.74,3700,199.75,3400,199.76,500,199.77,3500
2026-07-16 09:36:45.792,NVDA,199.72,199.7,4100,199.69,100,199.68,400,199.67,4900,199.66,3000,199.74,2300,199.75,4000,199.76,2300,199.77,3000,199.78,4000
2026-07-16 09:36:46.060,NVDA,199.7,199.68,700,199.67,700,199.66,3100,199.65,3700,199.64,1400,199.72,1700,199.73,3800,199.74,700,199.75,3700,199.76,400
2026-07-16 09:36:46.289,NVDA,199.7,199.68,1300,199.67,900,199.66,1700,199.65,2400,199.64,1900,199.72,4700,199.73,300,199.74,2800,199.75,3300,199.76,2100
2026-07-16 09:36:46.540,NVDA,199.71,199.69,4700,199.68,1100,199.67,4900,199.66,700,199.65,3600,199.73,2600,199.74,3200,199.75,2400,199.76,1000,199.77,3100
2026-07-16 09:36:47.038,NVDA,199.7,199.68,2900,199.67,2000,199.66,1900,199.65,1600,199.64,100,199.72,1600,199.73,900,199.74,2500,199.75,5000,199.76,4200
2026-07-16 09:36:47.414,NVDA,199.7,199.68,2700,199.67,1400,199.66,3000,199.65,200,199.64,4800,199.72,1800,199.73,3600,199.74,3400,199.75,4600,199.76,2500
2026-07-16 09:36:47.871,NVDA,199.7,199.68,800,199.67,2900,199.66,4800,199.65,4200,199.64,1300,199.72,2100,199.73,3100,199.74,1500,199.75,2900,199.76,2000
2026-07-16 09:36:47.913,NVDA,199.71,199.69,900,199.68,1600,199.67,2900,199.66,2600,199.65,3000,199.73,700,199.74,2600,199.75,4800,199.76,1000,199.77,1600
2026-07-16 09:36:48.007,NVDA,199.73,199.71,1100,199.7,1700,199.69,2700,199.68,4200,199.67,2900,199.75,200,199.76,2300,199.77,3100,199.78,3500,199.79,600
2026-07-16 09:36:48.258,NVDA,199.73,199.71,1600,199.7,4600,199.69,2400,199.68,2500,199.67,4100,199.75,5000,199.76,4700,199.77,4200,199.78,4200,199.79,3800
2026-07-16 09:36:48.668,NVDA,199.73,199.71,1200,199.7,1900,199.69,4400,199.68,4100,199.67,1200,199.75,1300,199.76,1300,199.77,5000,199.78,2100,199.79,4700
2026-07-16 09:36:48.903,NVDA,199.73,199.71,3400,199.7,4400,199.69,2800,199.68,100,199.67,1900,199.75,1400,199.76,3700,199.77,4700,199.78,3800,199.79,2100
2026-07-16 09:36:49.156,NVDA,199.75,199.73,600,199.72,300,199.71,3300,199.7,1600,199.69,800,199.77,3500,199.78,700,199.79,4400,199.8,4600,199.81,3000
2026-07-16 09:36:49.277,NVDA,199.77,199.75,3500,199.74,4500,199.73,3800,199.72,2700,199.71,2200,199.79,2600,199.8,1400,199.81,2800,199.82,1300,199.83,300
2026-07-16 09:36:49.599,NVDA,199.76,199.74,2400,199.73,1900,199.72,2000,199.71,3700,199.7,1300,199.78,4800,199.79,1400,199.8,2700,199.81,200,199.82,1000
2026-07-16 09:36:49.766,NVDA,199.77,199.75,100,199.74,2300,199.73,4600,199.72,3400,199.71,200,199.79,4000,199.8,4600,199.81,3900,199.82,4100,199.83,2600
2026-07-16 09:36:49.808,NVDA,199.75,199.73,700,199.72,4500,199.71,3000,199.7,2700,199.69,2400,199.77,4800,199.78,2000,199.79,4700,199.8,4600,199.81,2100
2026-07-16 09:36:50.298,NVDA,199.73,199.71,1900,199.7,700,199.69,3600,199.68,4900,199.67,500,199.75,1000,199.76,4000,199.77,4400,199.78,1000,199.79,2000
2026-07-16 09:36:50.687,NVDA,199.75,199.73,1400,199.72,3300,199.71,3600,199.7,4500,199.69,3500,199.77,3900,199.78,4200,199.79,3300,199.8,3700,199.81,5000
2026-07-16 09:36:50.984,NVDA,199.76,199.74,4600,199.73,1600,199.72,1100,199.71,1800,199.7,4700,199.78,100,199.79,1700,199.8,1200,199.81,5000,199.82,800
2026-07-16 09:36:51.209,NVDA,199.77,199.75,3900,199.74,4100,199.73,3200,199.72,3900,199.71,2200,199.79,2000,199.8,800,199.81,1000,199.82,600,199.83,3300
2026-07-16 09:36:51.524,NVDA,199.76,199.74,3000,199.73,2800,199.72,3200,199.71,2900,199.7,1300,199.78,3400,199.79,1500,199.8,3500,199.81,4700,199.82,1500
2026-07-16 09:36:51.860,NVDA,199.77,199.75,5000,199.74,4000,199.73,3500,199.72,200,199.71,600,199.79,1100,199.8,400,199.81,4400,199.82,2700,199.83,400
2026-07-16 09:36:52.238,NVDA,199.77,199.75,3000,199.74,300,199.73,1900,199.72,2000,199.71,2000,199.79,2500,199.8,4500,199.81,2100,199.82,2300,199.83,3700
2026-07-16 09:36:52.411,NVDA,199.75,199.73,1600,199.72,4000,199.71,1100,199.7,2400,199.69,4400,199.77,900,199.78,4800,199.79,4200,199.8,2700,199.81,1900
2026-07-16 09:36:52.575,NVDA,199.73,199.71,3600,199.7,3000,199.69,500,199.68,3200,199.67,1700,199.75,600,199.76,3100,199.77,2100,199.78,1800,199.79,2100
2026-07-16 09:36:52.952,NVDA,199.74,199.72,3400,199.71,600,199.7,4000,199.69,3100,199.68,2300,199.76,2100,199.77,3600,199.78,2800,199.79,2100,199.8,4400
2026-07-16 09:36:53.275,NVDA,199.72,199.7,3700,199.69,2900,199.68,1500,199.67,2000,199.66,4300,199.74,900,199.75,3300,199.76,2600,199.77,2400,199.78,300
2026-07-16 09:36:53.383,NVDA,199.72,199.7,3800,199.69,3200,199.68,3200,199.67,1700,199.66,500,199.74,3600,199.75,3700,199.76,2800,199.77,1700,199.78,2500
2026-07-16 09:36:53.646,NVDA,199.74,199.72,4500,199.71,2700,199.7,1700,199.69,4300,199.68,4700,199.76,3000,199.77,4900,199.78,1200,199.79,3800,199.8,2300
2026-07-16 09:36:53.887,NVDA,199.76,199.74,4600,199.73,500,199.72,1900,199.71,3600,199.7,2400,199.78,3700,199.79,500,199.8,3500,199.81,1400,199.82,700
2026-07-16 09:36:54.254,NVDA,199.75,199.73,5000,199.72,3800,199.71,2000,199.7,3000,199.69,1000,199.77,1200,199.78,2300,199.79,4900,199.8,4000,199.81,1800
2026-07-16 09:36:54.542,NVDA,199.74,199.72,2000,199.71,900,199.7,1800,199.69,2000,199.68,900,199.76,3500,199.77,4400,199.78,1800,199.79,4900,199.8,3300
2026-07-16 09:36:54.618,NVDA,199.73,199.71,400,199.7,3000,199.69,1600,199.68,500,199.67,1500,199.75,4400,199.76,1900,199.77,4000,199.78,2400,199.79,5000
2026-07-16 09:36:54.727,NVDA,199.73,199.71,3600,199.7,2500,199.69,4900,199.68,2700,199.67,3700,199.75,100,199.76,3000,199.77,3100,199.78,2200,199.79,4700
2026-07-16 09:36:54.742,NVDA,199.75,199.73,600,199.72,400,199.71,2900,199.7,2000,199.69,1800,199.77,4900,199.78,4200,199.79,4300,199.8,600,199.81,1500
2026-07-16 09:36:55.043,NVDA,199.76,199.74,300,199.73,3200,199.72,3900,199.71,3800,199.7,3300,199.78,500,199.79,2800,199.8,1200,199.81,3600,199.82,3700
2026-07-16 09:36:55.539,NVDA,199.74,199.72,500,199.71,2700,199.7,1800,199.69,2300,199.68,400,199.76,2100,199.77,4500,199.78,2900,199.79,3000,199.8,3100
2026-07-16 09:36:55.910,NVDA,199.76,199.74,3500,199.73,1300,199.72,900,199.71,200,199.7,2700,199.78,2000,199.79,4900,199.8,1300,199.81,600,199.82,3800
2026-07-16 09:36:56.407,NVDA,199.77,199.75,3400,199.74,4900,199.73,4000,199.72,1500,199.71,5000,199.79,1700,199.8,2700,199.81,500,199.82,2900,199.83,2500
2026-07-16 09:36:56.665,NVDA,199.76,199.74,2600,199.73,600,199.72,3200,199.71,4600,199.7,4300,199.78,2000,199.79,3400,199.8,2900,199.81,1700,199.82,3000
2026-07-16 09:36:57.012,NVDA,199.75,199.73,600,199.72,2800,199.71,4000,199.7,1900,199.69,1200,199.77,1500,199.78,400,199.79,1500,199.8,500,199.81,4100
2026-07-16 09:36:57.324,NVDA,199.76,199.74,3400,199.73,4400,199.72,4600,199.71,4200,199.7,100,199.78,3800,199.79,3000,199.8,3500,199.81,1000,199.82,3900
2026-07-16 09:36:57.419,NVDA,199.74,199.72,3900,199.71,3200,199.7,4100,199.69,4600,199.68,3600,199.76,1300,199.77,4400,199.78,200,199.79,2500,199.8,4700
2026-07-16 09:36:57.479,NVDA,199.75,199.73,200,199.72,200,199.71,1300,199.7,2400,199.69,2900,199.77,3800,199.78,900,199.79,2100,199.8,1600,199.81,300
2026-07-16 09:36:57.582,NVDA,199.74,199.72,1700,199.71,2800,199.7,2000,199.69,1200,199.68,800,199.76,4800,199.77,2900,199.78,3000,199.79,4800,199.8,3400
2026-07-16 09:36:58.008,NVDA,199.75,199.73,4500,199.72,700,199.71,5000,199.7,4500,199.69,3600,199.77,1100,199.78,1300,199.79,2100,199.8,2700,199.81,2100
2026-07-16 09:36:58.472,NVDA,199.77,199.75,4600,199.74,1600,199.73,400,199.72,3900,199.71,3100,199.79,4400,199.8,4600,199.81,2100,199.82,400,199.83,3400
2026-07-16 09:36:58.689,NVDA,199.79,199.77,2100,199.76,4500,199.75,1600,199.74,900,199.73,2600,199.81,2800,199.82,4300,199.83,1900,199.84,300,199.85,4400
2026-07-16 09:36:58.960,NVDA,199.81,199.79,1100,199.78,1200,199.77,2900,199.76,600,199.75,2300,199.83,1100,199.84,2600,199.85,4100,199.86,4900,199.87,1200
2026-07-16 09:36:59.351,NVDA,199.82,199.8,1500,199.79,2300,199.78,1700,199.77,1800,199.76,2200,199.84,900,199.85,3500,199.86,800,199.87,100,199.88,1800
2026-07-16 09:36:59.616,NVDA,199.84,199.82,1300,199.81,4700,199.8,3200,199.79,1000,199.78,3800,199.86,3400,199.87,1100,199.88,2700,199.89,1600,199.9,600
2026-07-16 09:36:59.915,NVDA,199.85,199.83,2600,199.82,2800,199.81,4400,199.8,4400,199.79,2100,199.87,4700,199.88,4600,199.89,3400,199.9,3600,199.91,1500
2026-07-16 09:37:00.280,NVDA,199.85,199.83,4200,199.82,3800,199.81,3800,199.8,2200,199.79,3300,199.87,100,199.88,4600,199.89,1100,199.9,1200,199.91,1100
2026-07-16 09:37:00.680,NVDA,199.85,199.83,4000,199.82,4900,199.81,3400,199.8,2800,199.79,2100,199.87,100,199.88,4400,199.89,4100,199.9,2100,199.91,2900
2026-07-16 09:37:00.882,NVDA,199.84,199.82,3900,199.81,3600,199.8,3700,199.79,400,199.78,3500,199.86,100,199.87,1500,199.88,4600,199.89,500,199.9,1300
2026-07-16 09:37:00.993,NVDA,199.86,199.84,3500,199.83,4500,199.82,1300,199.81,5000,199.8,600,199.88,600,199.89,4100,199.9,3900,199.91,2300,199.92,2800
2026-07-16 09:37:01.171,NVDA,199.84,199.82,600,199.81,200,199.8,1400,199.79,1500,199.78,2300,199.86,2000,199.87,4000,199.88,4400,199.89,1000,199.9,3400
2026-07-16 09:37:01.605,NVDA,199.86,199.84,700,199.83,4300,199.82,800,199.81,500,199.8,1000,199.88,1200,199.89,3200,199.9,3400,199.91,900,199.92,2200
2026-07-16 09:37:01.665,NVDA,199.87,199.85,1800,199.84,2900,199.83,100,199.82,600,199.81,1700,199.89,4100,199.9,4100,199.91,3500,199.92,700,199.93,200
2026-07-16 09:37:02.125,NVDA,199.88,199.86,1000,199.85,300,199.84,3100,199.83,700,199.82,3200,199.9,300,199.91,2200,199.92,3500,199.93,700,199.94,3300
2026-07-16 09:37:02.448,NVDA,199.88,199.86,100,199.85,1300,199.84,2600,199.83,700,199.82,3800,199.9,3700,199.91,3600,199.92,2200,199.93,2500,199.94,3500
2026-07-16 09:37:02.488,NVDA,199.88,199.86,1800,199.85,1700,199.84,700,199.83,2400,199.82,3300,199.9,300,199.91,4100,199.92,900,199.93,500,199.94,1100
2026-07-16 09:37:02.887,NVDA,199.86,199.84,200,199.83,900,199.82,4500,199.81,1300,199.8,2700,199.88,2000,199.89,5000,199.9,3200,199.91,1600,199.92,4400
2026-07-16 09:37:02.975,NVDA,199.87,199.85,2700,199.84,4900,199.83,3200,199.82,4500,199.81,1400,199.89,2200,199.9,2900,199.91,1800,199.92,2600,199.93,3200
2026-07-16 09:37:03.149,NVDA,199.86,199.84,4700,199.83,2000,199.82,1700,199.81,4100,199.8,1500,199.88,4500,199.89,3600,199.9,3600,199.91,2400,199.92,3500
2026-07-16 09:37:03.241,NVDA,199.85,199.83,400,199.82,1000,199.81,2600,199.8,4900,199.79,2200,199.87,1200,199.88,4600,199.89,800,199.9,2200,199.91,4600
2026-07-16 09:37:03.692,NVDA,199.85,199.83,3100,199.82,1700,199.81,800,199.8,3600,199.79,1600,199.87,4100,199.88,1900,199.89,2100,199.9,1800,199.91,2400
2026-07-16 09:37:04.113,NVDA,199.86,199.84,2500,199.83,2100,199.82,200,199.81,700,199.8,1900,199.88,4200,199.89,700,199.9,4700,199.91,700,199.92,5000
2026-07-16 09:37:04.174,NVDA,199.87,199.85,200,199.84,2200,199.83,3700,199.82,2400,199.81,3200,199.89,1600,199.9,3600,199.91,1400,199.92,1900,199.93,4700
2026-07-16 09:37:04.235,NVDA,199.87,199.85,2300,199.84,700,199.83,4900,199.82,1800,199.81,400,199.89,3600,199.9,4300,199.91,300,199.92,2100,199.93,1400
2026-07-16 09:37:04.529,NVDA,199.86,199.84,1000,199.83,3100,199.82,500,199.81,4800,199.8,2200,199.88,2700,199.89,2900,199.9,2600,199.91,1900,199.92,4300
2026-07-16 09:37:04.744,NVDA,199.87,199.85,1300,199.84,4500,199.83,2000,199.82,2600,199.81,2200,199.89,1600,199.9,1400,199.91,1900,199.92,4800,199.93,1300
2026-07-16 09:37:05.005,NVDA,199.88,199.86,4400,199.85,3500,199.84,4200,199.83,1700,199.82,4700,199.9,2400,199.91,700,199.92,200,199.93,4700,199.94,4500
2026-07-16 09:37:05.042,NVDA,199.9,199.88,3800,199.87,4900,199.86,4800,199.85,900,199.84,3500,199.92,2200,199.93,2400,199.94,1400,199.95,200,199.96,1300
2026-07-16 09:37:05.291,NVDA,199.89,199.87,2300,199.86,4400,199.85,1300,199.84,200,199.83,300,199.91,4100,199.92,2900,199.93,3800,199.94,1000,199.95,3500
2026-07-16 09:37:05.764,NVDA,199.87,199.85,1500,199.84,2500,199.83,3100,199.82,2500,199.81,4600,199.89,2900,199.9,2400,199.91,1200,199.92,1900,199.93,600
2026-07-16 09:37:06.233,NVDA,199.86,199.84,800,199.83,2300,199.82,3900,199.81,5000,199.8,1100,199.88,1600,199.89,4800,199.9,1100,199.91,500,199.92,1800
2026-07-16 09:37:06.621,NVDA,199.84,199.82,4600,199.81,4500,199.8,200,199.79,3000,199.78,1700,199.86,1400,199.87,800,199.88,3000,199.89,2300,199.9,2000
2026-07-16 09:37:06.990,NVDA,199.85,199.83,1000,199.82,2800,199.81,400,199.8,3800,199.79,4300,199.87,100,199.88,4500,199.89,2100,199.9,1000,199.91,300
2026-07-16 09:37:07.107,NVDA,199.86,199.84,1000,199.83,2300,199.82,1000,199.81,4200,199.8,4800,199.88,200,199.89,3700,199.9,200,199.91,2600,199.92,3600
2026-07-16 09:37:07.366,NVDA,199.87,199.85,5000,199.84,2200,199.83,4900,199.82,4500,199.81,1600,199.89,4500,199.9,4900,199.91,3700,199.92,2000,199.93,4800
2026-07-16 09:37:07.600,NVDA,199.86,199.84,2100,199.83,4100,199.82,4400,199.81,3000,199.8,1400,199.88,1700,199.89,3300,199.9,700,199.91,3300,199.92,3100
2026-07-16 09:37:07.706,NVDA,199.85,199.83,700,199.82,3000,199.81,100,199.8,3800,199.79,4800,199.87,2900,199.88,4800,199.89,4600,199.9,2500,199.91,1300
2026-07-16 09:37:07.980,NVDA,199.87,199.85,3900,199.84,1300,199.83,4300,199.82,1300,199.81,3200,199.89,2100,199.9,100,199.91,700,199.92,4500,199.93,3800
2026-07-16 09:37:08.081,NVDA,199.89,199.87,100,199.86,4500,199.85,3700,199.84,3400,199.83,1800,199.91,4800,199.92,2500,199.93,2800,199.94,1200,199.95,200
2026-07-16 09:37:08.206,NVDA,199.87,199.85,1900,199.84,5000,199.83,4500,199.82,4000,199.81,2100,199.89,2600,199.9,2400,199.91,3200,199.92,4900,199.93,3500
2026-07-16 09:37:08.662,NVDA,199.85,199.83,3000,199.82,4600,199.81,1900,199.8,100,199.79,2300,199.87,2600,199.88,700,199.89,200,199.9,3100,199.91,2800
2026-07-16 09:37:09.064,NVDA,199.84,199.82,3800,199.81,3000,199.8,4500,199.79,1200,199.78,4200,199.86,5000,199.87,400,199.88,2700,199.89,4100,199.9,1500
2026-07-16 09:37:09.141,NVDA,199.86,199.84,3800,199.83,1300,199.82,2900,199.81,100,199.8,3300,199.88,3700,199.89,2000,199.9,3400,199.91,2400,199.92,3300
2026-07-16 09:37:09.516,NVDA,199.84,199.82,800,199.81,1800,199.8,4000,199.79,1100,199.78,4800,199.86,400,199.87,2000,199.88,1900,199.89,100,199.9,600
2026-07-16 09:37:09.852,NVDA,199.85,199.83,4800,199.82,1600,199.81,4900,199.8,600,199.79,3800,199.87,3100,199.88,1300,199.89,2200,199.9,2300,199.91,1100
2026-07-16 09:37:09.951,NVDA,199.85,199.83,2800,199.82,1900,199.81,1400,199.8,3100,199.79,1700,199.87,3800,199.88,2100,199.89,700,199.9,600,199.91,3200
2026-07-16 09:37:10.079,NVDA,199.86,199.84,4000,199.83,1300,199.82,2200,199.81,2400,199.8,4800,199.88,3300,199.89,500,199.9,500,199.91,500,199.92,800
2026-07-16 09:37:10.134,NVDA,199.87,199.85,3400,199.84,2700,199.83,4000,199.82,3800,199.81,700,199.89,2000,199.9,3900,199.91,1200,199.92,800,199.93,1400
2026-07-16 09:37:10.255,NVDA,199.86,199.84,1900,199.83,1500,199.82,200,199.81,1300,199.8,800,199.88,2700,199.89,1800,199.9,3800,199.91,800,199.92,1800
2026-07-16 09:37:10.278,NVDA,199.88,199.86,300,199.85,4900,199.84,2400,199.83,2600,199.82,3700,199.9,4900,199.91,2900,199.92,4500,199.93,700,199.94,3300
2026-07-16 09:37:10.761,NVDA,199.89,199.87,4500,199.86,2000,199.85,300,199.84,1100,199.83,3700,199.91,4700,199.92,2300,199.93,4100,199.94,3100,199.95,100
2026-07-16 09:37:11.187,NVDA,199.9,199.88,2100,199.87,2100,199.86,4800,199.85,3800,199.84,3100,199.92,4400,199.93,4600,199.94,2900,199.95,3000,199.96,2500
2026-07-16 09:37:11.366,NVDA,199.91,199.89,4200,199.88,1200,199.87,4100,199.86,5000,199.85,500,199.93,1100,199.94,400,199.95,3900,199.96,4700,199.97,100
2026-07-16 09:37:11.389,NVDA,199.9,199.88,4600,199.87,1400,199.86,5000,199.85,2200,199.84,800,199.92,1100,199.93,1800,199.94,400,199.95,2300,199.96,100
2026-07-16 09:37:11.541,NVDA,199.9,199.88,2600,199.87,2900,199.86,3200,199.85,1800,199.84,100,199.92,500,199.93,2200,199.94,2300,199.95,5000,199.96,1500
2026-07-16 09:37:11.736,NVDA,199.89,199.87,5000,199.86,3200,199.85,4300,199.84,4700,199.83,2200,199.91,5000,199.92,2900,199.93,1200,199.94,3000,199.95,3300
2026-07-16 09:37:12.172,NVDA,199.91,199.89,2500,199.88,1800,199.87,2400,199.86,3300,199.85,2600,199.93,4000,199.94,4600,199.95,4500,199.96,200,199.97,2800
2026-07-16 09:37:12.669,NVDA,199.9,199.88,700,199.87,3300,199.86,900,199.85,5000,199.84,4300,199.92,1300,199.93,900,199.94,5000,199.95,700,199.96,5000
2026-07-16 09:37:12.800,NVDA,199.91,199.89,1000,199.88,400,199.87,2400,199.86,4200,199.85,900,199.93,500,199.94,4800,199.95,4900,199.96,1300,199.97,4700
2026-07-16 09:37:12.920,NVDA,199.91,199.89,3700,199.88,3300,199.87,1400,199.86,3900,199.85,5000,199.93,3400,199.94,300,199.95,1500,199.96,1700,199.97,4400
2026-07-16 09:37:13.344,NVDA,199.91,199.89,3500,199.88,1500,199.87,1500,199.86,4900,199.85,3600,199.93,2000,199.94,3700,199.95,3200,199.96,800,199.97,2700
2026-07-16 09:37:13.703,NVDA,199.91,199.89,800,199.88,2800,199.87,4000,199.86,1900,199.85,1600,199.93,3000,199.94,3400,199.95,2400,199.96,1800,199.97,700
2026-07-16 09:37:13.867,NVDA,199.9,199.88,4700,199.87,4600,199.86,1900,199.85,1600,199.84,800,199.92,2800,199.93,4400,199.94,1700,199.95,3900,199.96,1500
2026-07-16 09:37:14.217,NVDA,199.91,199.89,4400,199.88,2500,199.87,2300,199.86,1300,199.85,4000,199.93,4200,199.94,1500,199.95,4000,199.96,4600,199.97,3100
2026-07-16 09:37:14.315,NVDA,199.89,199.87,3600,199.86,200,199.85,300,199.84,3700,199.83,1200,199.91,3300,199.92,4300,199.93,2900,199.94,1200,199.95,300
2026-07-16 09:37:14.746,NVDA,199.87,199.85,2400,199.84,4200,199.83,2000,199.82,3900,199.81,500,199.89,300,199.9,4600,199.91,900,199.92,3800,199.93,700
2026-07-16 09:37:14.889,NVDA,199.86,199.84,3500,199.83,4700,199.82,4800,199.81,3200,199.8,4800,199.88,2200,199.89,4600,199.9,3000,199.91,1300,199.92,3300
2026-07-16 09:37:15.385,NVDA,199.84,199.82,500,199.81,3900,199.8,2000,199.79,400,199.78,4500,199.86,4700,199.87,3100,199.88,300,199.89,900,199.9,2100
2026-07-16 09:37:15.442,NVDA,199.84,199.82,2200,199.81,100,199.8,2300,199.79,2600,199.78,2300,199.86,4000,199.87,2100,199.88,2300,199.89,4200,199.9,1400
2026-07-16 09:37:15.520,NVDA,199.85,199.83,1300,199.82,3500,199.81,2000,199.8,3200,199.79,4900,199.87,1100,199.88,4900,199.89,400,199.9,1800,199.91,3800
2026-07-16 09:37:15.710,NVDA,199.86,199.84,3000,199.83,5000,199.82,1700,199.81,1800,199.8,4800,199.88,4200,199.89,2000,199.9,1300,199.91,4300,199.92,600
2026-07-16 09:37:16.147,NVDA,199.85,199.83,4900,199.82,4800,199.81,1500,199.8,1600,199.79,4000,199.87,1300,199.88,2900,199.89,2100,199.9,800,199.91,3400
2026-07-16 09:37:16.256,NVDA,199.87,199.85,4200,199.84,4200,199.83,2700,199.82,1300,199.81,3900,199.89,400,199.9,4800,199.91,3600,199.92,300,199.93,2900
2026-07-16 09:37:16.656,NVDA,199.87,199.85,2400,199.84,3900,199.83,1700,199.82,1700,199.81,5000,199.89,1900,199.9,600,199.91,600,199.92,1900,199.93,2700
2026-07-16 09:37:17.082,NVDA,199.88,199.86,800,199.85,1900,199.84,2300,199.83,3100,199.82,2600,199.9,4100,199.91,2100,199.92,4300,199.93,4000,199.94,300
2026-07-16 09:37:17.561,NVDA,199.9,199.88,1400,199.87,2400,199.86,3800,199.85,700,199.84,2100,199.92,1800,199.93,200,199.94,2700,199.95,4400,199.96,1300
2026-07-16 09:37:17.848,NVDA,199.91,199.89,3600,199.88,3100,199.87,2900,199.86,2700,199.85,2100,199.93,3800,199.94,500,199.95,2900,199.96,1100,199.97,2900
2026-07-16 09:37:18.196,NVDA,199.89,199.87,2900,199.86,1500,199.85,4900,199.84,2900,199.83,1900,199.91,2400,199.92,2800,199.93,100,199.94,3500,199.95,2200
2026-07-16 09:37:18.235,NVDA,199.9,199.88,700,199.87,1600,199.86,2900,199.85,4300,199.84,3400,199.92,4600,199.93,4300,199.94,2800,199.95,4500,199.96,4800
2026-07-16 09:37:18.671,NVDA,199.91,199.89,2400,199.88,300,199.87,4700,199.86,3900,199.85,2500,199.93,1600,199.94,3100,199.95,100,199.96,3600,199.97,2000
2026-07-16 09:37:18.752,NVDA,199.93,199.91,700,199.9,700,199.89,1200,199.88,4400,199.87,3800,199.95,1500,199.96,1700,199.97,1500,199.98,2300,199.99,4800
2026-07-16 09:37:19.201,NVDA,199.93,199.91,1600,199.9,2700,199.89,3700,199.88,4300,199.87,4500,199.95,2100,199.96,1300,199.97,2500,199.98,3700,199.99,600
2026-07-16 09:37:19.298,NVDA,199.92,199.9,2800,199.89,4500,199.88,2600,199.87,3100,199.86,1800,199.94,4700,199.95,2600,199.96,600,199.97,2600,199.98,1000
2026-07-16 09:37:19.755,NVDA,199.92,199.9,1400,199.89,800,199.88,2400,199.87,800,199.86,4800,199.94,2600,199.95,3200,199.96,200,199.97,3900,199.98,2900
2026-07-16 09:37:20.003,NVDA,199.92,199.9,3100,199.89,3000,199.88,2400,199.87,900,199.86,3200,199.94,3000,199.95,1800,199.96,4700,199.97,2800,199.98,4100
2026-07-16 09:37:20.042,NVDA,199.94,199.92,1500,199.91,1600,199.9,2200,199.89,500,199.88,100,199.96,1100,199.97,2100,199.98,2600,199.99,3400,200.0,4700
2026-07-16 09:37:20.124,NVDA,199.95,199.93,500,199.92,4100,199.91,5000,199.9,3100,199.89,4000,199.97,3000,199.98,1000,199.99,1500,200.0,3900,200.01,3900
2026-07-16 09:37:20.500,NVDA,199.93,199.91,4200,199.9,4500,199.89,100,199.88,3100,199.87,1600,199.95,3500,199.96,800,199.97,4100,199.98,500,199.99,1400
2026-07-16 09:37:20.905,NVDA,199.95,199.93,4800,199.92,2700,199.91,300,199.9,2200,199.89,1700,199.97,2200,199.98,3100,199.99,1600,200.0,3100,200.01,800
2026-07-16 09:37:21.041,NVDA,199.93,199.91,1100,199.9,1200,199.89,1100,199.88,2900,199.87,1800,199.95,4300,199.96,5000,199.97,4800,199.98,1200,199.99,3700
2026-07-16 09:37:21.337,NVDA,199.95,199.93,5000,199.92,1900,199.91,400,199.9,3000,199.89,4900,199.97,2500,199.98,3100,199.99,4800,200.0,3800,200.01,1700
2026-07-16 09:37:21.479,NVDA,199.96,199.94,3700,199.93,4600,199.92,3900,199.91,1000,199.9,4500,199.98,4100,199.99,3200,200.0,2900,200.01,1000,200.02,4000
2026-07-16 09:37:21.729,NVDA,199.94,199.92,3800,199.91,3800,199.9,3900,199.89,3100,199.88,4500,199.96,4300,199.97,100,199.98,3900,199.99,4700,200.0,3600
2026-07-16 09:37:21.863,NVDA,199.96,199.94,2400,199.93,3500,199.92,300,199.91,1000,199.9,1200,199.98,2200,199.99,1500,200.0,2100,200.01,3500,200.02,1200
2026-07-16 09:37:22.272,NVDA,199.97,199.95,300,199.94,2100,199.93,3600,199.92,1300,199.91,2000,199.99,2200,200.0,4300,200.01,2800,200.02,1100,200.03,4100
2026-07-16 09:37:22.439,NVDA,199.98,199.96,700,199.95,2200,199.94,400,199.93,2500,199.92,800,200.0,1100,200.01,600,200.02,1700,200.03,4100,200.04,3600
2026-07-16 09:37:22.573,NVDA,199.99,199.97,200,199.96,5000,199.95,4100,199.94,3200,199.93,500,200.01,2400,200.02,3100,200.03,1000,200.04,4900,200.05,2300
2026-07-16 09:37:22.766,NVDA,200.0,199.98,900,199.97,3400,199.96,2700,199.95,3800,199.94,1300,200.02,1000,200.03,3300,200.04,3900,200.05,4600,200.06,3600
2026-07-16 09:37:22.960,NVDA,199.98,199.96,3000,199.95,4100,199.94,200,199.93,2800,199.92,1000,200.0,2900,200.01,1400,200.02,400,200.03,3600,200.04,3200
2026-07-16 09:37:23.160,NVDA,199.98,199.96,1500,199.95,3300,199.94,4800,199.93,4000,199.92,2400,200.0,3900,200.01,1100,200.02,600,200.03,900,200.04,3500
2026-07-16 09:37:23.396,NVDA,200.0,199.98,2900,199.97,3200,199.96,1700,199.95,1400,199.94,500,200.02,700,200.03,2700,200.04,800,200.05,4100,200.06,3000
2026-07-16 09:37:23.470,NVDA,200.02,200.0,900,199.99,3600,199.98,3400,199.97,4400,199.96,2600,200.04,4800,200.05,3900,200.06,1100,200.07,1700,200.08,4000
2026-07-16 09:37:23.551,NVDA,200.0,199.98,4200,199.97,3900,199.96,3200,199.95,300,199.94,1300,200.02,1200,200.03,4900,200.04,1500,200.05,4500,200.06,1400
2026-07-16 09:37:23.728,NVDA,199.98,199.96,4300,199.95,1800,199.94,3800,199.93,2700,199.92,4600,200.0,2100,200.01,3400,200.02,2900,200.03,2400,200.04,4900
2026-07-16 09:37:23.945,NVDA,199.98,199.96,4000,199.95,4400,199.94,1900,199.93,3000,199.92,600,200.0,1900,200.01,3100,200.02,1300,200.03,4600,200.04,4100
2026-07-16 09:37:24.130,NVDA,200.0,199.98,4000,199.97,2700,199.96,4900,199.95,4300,199.94,4600,200.02,1700,200.03,2600,200.04,4000,200.05,600,200.06,1200
2026-07-16 09:37:24.395,NVDA,200.02,200.0,5000,199.99,4700,199.98,1700,199.97,600,199.96,3300,200.04,3800,200.05,3000,200.06,2600,200.07,2800,200.08,4800
2026-07-16 09:37:24.765,NVDA,200.0,199.98,4300,199.97,5000,199.96,3900,199.95,400,199.94,1300,200.02,3300,200.03,1400,200.04,4500,200.05,800,200.06,2200
2026-07-16 09:37:25.135,NVDA,199.99,199.97,2000,199.96,1300,199.95,1200,199.94,4200,199.93,3800,200.01,1100,200.02,4300,200.03,1600,200.04,300,200.05,1500
2026-07-16 09:37:25.376,NVDA,199.98,199.96,4800,199.95,1400,199.94,200,199.93,4200,199.92,4300,200.0,2600,200.01,4700,200.02,4000,200.03,3900,200.04,1200
2026-07-16 09:37:25.540,NVDA,199.98,199.96,200,199.95,2500,199.94,3400,199.93,600,199.92,1100,200.0,400,200.01,1300,200.02,3000,200.03,3400,200.04,5000
2026-07-16 09:37:25.697,NVDA,199.99,199.97,3400,199.96,3400,199.95,1200,199.94,4600,199.93,3000,200.01,4600,200.02,4700,200.03,4800,200.04,3800,200.05,2400
2026-07-16 09:37:25.813,NVDA,200.0,199.98,4200,199.97,5000,199.96,2500,199.95,4500,199.94,200,200.02,3400,200.03,4100,200.04,3300,200.05,1000,200.06,3200
2026-07-16 09:37:26.066,NVDA,200.02,200.0,4800,199.99,4200,199.98,2500,199.97,3100,199.96,4000,200.04,700,200.05,1600,200.06,2600,200.07,4200,200.08,4600
2026-07-16 09:37:26.367,NVDA,200.04,200.02,4000,200.01,200,200.0,500,199.99,3000,199.98,100,200.06,200,200.07,2700,200.08,600,200.09,500,200.1,3700
2026-07-16 09:37:26.580,NVDA,200.05,200.03,4700,200.02,4200,200.01,300,200.0,2700,199.99,3800,200.07,600,200.08,4800,200.09,1600,200.1,700,200.11,3800
2026-07-16 09:37:26.733,NVDA,200.06,200.04,1600,200.03,900,200.02,300,200.01,4200,200.0,1200,200.08,2300,200.09,2100,200.1,1700,200.11,4400,200.12,2500
2026-07-16 09:37:27.138,NVDA,200.08,200.06,4600,200.05,3800,200.04,2100,200.03,2400,200.02,1200,200.1,300,200.11,4200,200.12,2000,200.13,2900,200.14,4400
2026-07-16 09:37:27.215,NVDA,200.08,200.06,1700,200.05,1700,200.04,4700,200.03,4200,200.02,4400,200.1,1700,200.11,4400,200.12,2600,200.13,2700,200.14,200
2026-07-16 09:37:27.563,NVDA,200.09,200.07,2300,200.06,4500,200.05,3000,200.04,3900,200.03,3700,200.11,2300,200.12,1100,200.13,1500,200.14,1700,200.15,1400
2026-07-16 09:37:27.740,NVDA,200.08,200.06,800,200.05,2400,200.04,1700,200.03,400,200.02,100,200.1,400,200.11,1700,200.12,900,200.13,3200,200.14,100
2026-07-16 09:37:28.170,NVDA,200.1,200.08,300,200.07,3500,200.06,5000,200.05,100,200.04,2800,200.12,700,200.13,1300,200.14,100,200.15,3500,200.16,800
2026-07-16 09:37:28.499,NVDA,200.12,200.1,4100,200.09,4600,200.08,1100,200.07,3800,200.06,2100,200.14,300,200.15,3500,200.16,500,200.17,1100,200.18,1700
2026-07-16 09:37:28.739,NVDA,200.11,200.09,1500,200.08,1200,200.07,2800,200.06,2600,200.05,2700,200.13,2000,200.14,2800,200.15,4600,200.16,3400,200.17,4900
2026-07-16 09:37:29.206,NVDA,200.12,200.1,2300,200.09,1300,200.08,4600,200.07,1100,200.06,2200,200.14,1900,200.15,4000,200.16,300,200.17,1000,200.18,5000
2026-07-16 09:37:29.633,NVDA,200.13,200.11,2800,200.1,400,200.09,3800,200.08,200,200.07,900,200.15,4200,200.16,1800,200.17,1000,200.18,4900,200.19,300
2026-07-16 09:37:29.837,NVDA,200.13,200.11,2800,200.1,3200,200.09,3100,200.08,4800,200.07,2300,200.15,2600,200.16,1000,200.17,4100,200.18,3400,200.19,2100
2026-07-16 09:37:30.334,NVDA,200.11,200.09,1800,200.08,2200,200.07,4200,200.06,1900,200.05,3200,200.13,2700,200.14,3200,200.15,100,200.16,1100,200.17,3500
2026-07-16 09:37:30.433,NVDA,200.09,200.07,4400,200.06,4400,200.05,2300,200.04,2600,200.03,1600,200.11,4000,200.12,600,200.13,1000,200.14,2100,200.15,3500
2026-07-16 09:37:30.510,NVDA,200.09,200.07,1100,200.06,2800,200.05,500,200.04,4600,200.03,4500,200.11,3200,200.12,3500,200.13,2400,200.14,400,200.15,1700
2026-07-16 09:37:30.860,NVDA,200.1,200.08,1100,200.07,4800,200.06,4900,200.05,3600,200.04,2000,200.12,2800,200.13,1800,200.14,4600,200.15,3400,200.16,3600
2026-07-16 09:37:31.122,NVDA,200.12,200.1,4600,200.09,1800,200.08,700,200.07,1900,200.06,4000,200.14,500,200.15,700,200.16,3100,200.17,300,200.18,4000
2026-07-16 09:37:31.396,NVDA,200.12,200.1,1900,200.09,3000,200.08,4600,200.07,2200,200.06,800,200.14,4900,200.15,2900,200.16,3900,200.17,1900,200.18,1200
2026-07-16 09:37:31.593,NVDA,200.13,200.11,4600,200.1,3100,200.09,3900,200.08,4100,200.07,4500,200.15,100,200.16,2900,200.17,3500,200.18,500,200.19,1300
2026-07-16 09:37:32.073,NVDA,200.13,200.11,4100,200.1,3500,200.09,3000,200.08,900,200.07,700,200.15,3000,200.16,1400,200.17,4500,200.18,1100,200.19,3100
2026-07-16 09:37:32.319,NVDA,200.13,200.11,1600,200.1,500,200.09,3800,200.08,200,200.07,1700,200.15,2500,200.16,2300,200.17,3700,200.18,1400,200.19,4900
2026-07-16 09:37:32.445,NVDA,200.13,200.11,600,200.1,2000,200.09,2800,200.08,1600,200.07,4900,200.15,1200,200.16,4000,200.17,1000,200.18,3700,200.19,600
2026-07-16 09:37:32.543,NVDA,200.11,200.09,4900,200.08,4600,200.07,2200,200.06,3500,200.05,4400,200.13,4400,200.14,2800,200.15,3100,200.16,3200,200.17,3500
2026-07-16 09:37:32.779,NVDA,200.1,200.08,3900,200.07,500,200.06,2600,200.05,1900,200.04,900,200.12,1200,200.13,2700,200.14,4800,200.15,4900,200.16,2100
2026-07-16 09:37:32.857,NVDA,200.12,200.1,4300,200.09,2800,200.08,4300,200.07,3800,200.06,4200,200.14,2300,200.15,1000,200.16,2400,200.17,1700,200.18,900
2026-07-16 09:37:33.213,NVDA,200.14,200.12,1600,200.11,2000,200.1,900,200.09,4600,200.08,1300,200.16,4000,200.17,2300,200.18,5000,200.19,4500,200.2,500
2026-07-16 09:37:33.322,NVDA,200.14,200.12,3500,200.11,4000,200.1,4200,200.09,400,200.08,400,200.16,4300,200.17,1800,200.18,2900,200.19,3500,200.2,2200
2026-07-16 09:37:33.809,NVDA,200.14,200.12,2700,200.11,3100,200.1,5000,200.09,3500,200.08,4800,200.16,3400,200.17,200,200.18,4500,200.19,3100,200.2,1800
2026-07-16 09:37:33.945,NVDA,200.14,200.12,200,200.11,3400,200.1,2200,200.09,300,200.08,4100,200.16,3800,200.17,1100,200.18,3300,200.19,4900,200.2,2800
2026-07-16 09:37:34.210,NVDA,200.14,200.12,3300,200.11,3700,200.1,800,200.09,100,200.08,4500,200.16,2000,200.17,3500,200.18,1700,200.19,400,200.2,3200
2026-07-16 09:37:34.289,NVDA,200.12,200.1,2300,200.09,4300,200.08,3300,200.07,2000,200.06,400,200.14,400,200.15,4500,200.16,400,200.17,2900,200.18,500
2026-07-16 09:37:34.507,NVDA,200.11,200.09,4700,200.08,3500,200.07,2000,200.06,2900,200.05,1000,200.13,3100,200.14,2100,200.15,4700,200.16,2200,200.17,3300
2026-07-16 09:37:34.810,NVDA,200.09,200.07,3000,200.06,3600,200.05,2100,200.04,500,200.03,1700,200.11,4200,200.12,1700,200.13,3800,200.14,4000,200.15,2700
2026-07-16 09:37:34.993,NVDA,200.1,200.08,3600,200.07,3700,200.06,4700,200.05,1100,200.04,1200,200.12,2600,200.13,1900,200.14,4700,200.15,3000,200.16,1200
2026-07-16 09:37:35.412,NVDA,200.11,200.09,2500,200.08,4200,200.07,600,200.06,4300,200.05,400,200.13,2600,200.14,3200,200.15,1500,200.16,2200,200.17,100
2026-07-16 09:37:35.623,NVDA,200.09,200.07,4900,200.06,2300,200.05,1100,200.04,2100,200.03,900,200.11,2600,200.12,3900,200.13,1200,200.14,3000,200.15,4800
2026-07-16 09:37:35.945,NVDA,200.1,200.08,3200,200.07,600,200.06,3300,200.05,2600,200.04,2100,200.12,3200,200.13,3500,200.14,2900,200.15,500,200.16,2300
2026-07-16 09:37:36.304,NVDA,200.09,200.07,2300,200.06,4200,200.05,3700,200.04,5000,200.03,4000,200.11,5000,200.12,4400,200.13,2200,200.14,900,200.15,3800
2026-07-16 09:37:36.786,NVDA,200.1,200.08,2500,200.07,200,200.06,500,200.05,1800,200.04,2900,200.12,3800,200.13,3600,200.14,4500,200.15,3100,200.16,3100
2026-07-16 09:37:37.209,NVDA,200.1,200.08,2500,200.07,4900,200.06,4500,200.05,4700,200.04,400,200.12,2700,200.13,5000,200.14,2400,200.15,1000,200.16,3200
2026-07-16 09:37:37.687,NVDA,200.09,200.07,3000,200.06,1400,200.05,2000,200.04,5000,200.03,1300,200.11,4000,200.12,3100,200.13,2900,200.14,2700,200.15,3700
2026-07-16 09:37:37.732,NVDA,200.09,200.07,3200,200.06,3700,200.05,4600,200.04,4800,200.03,3100,200.11,2500,200.12,3900,200.13,900,200.14,800,200.15,4800
2026-07-16 09:37:37.952,NVDA,200.1,200.08,3400,200.07,1700,200.06,3800,200.05,4500,200.04,1500,200.12,2100,200.13,3300,200.14,3000,200.15,2100,200.16,3100
2026-07-16 09:37:38.430,NVDA,200.08,200.06,800,200.05,1700,200.04,2400,200.03,3400,200.02,1300,200.1,4300,200.11,600,200.12,4700,200.13,4200,200.14,400
2026-07-16 09:37:38.561,NVDA,200.1,200.08,400,200.07,4900,200.06,1300,200.05,500,200.04,4500,200.12,2400,200.13,400,200.14,5000,200.15,4100,200.16,3600
2026-07-16 09:37:38.637,NVDA,200.12,200.1,1900,200.09,5000,200.08,4000,200.07,5000,200.06,3700,200.14,3700,200.15,4200,200.16,3100,200.17,4400,200.18,5000
2026-07-16 09:37:39.090,NVDA,200.12,200.1,4100,200.09,800,200.08,1900,200.07,3700,200.06,4000,200.14,2800,200.15,3400,200.16,900,200.17,3800,200.18,1100
2026-07-16 09:37:39.249,NVDA,200.13,200.11,3200,200.1,500,200.09,4300,200.08,2100,200.07,3900,200.15,1900,200.16,600,200.17,4600,200.18,3100,200.19,1400
2026-07-16 09:37:39.530,NVDA,200.12,200.1,600,200.09,1500,200.08,2800,200.07,3900,200.06,3800,200.14,500,200.15,4500,200.16,1600,200.17,1000,200.18,1600
2026-07-16 09:37:39.795,NVDA,200.1,200.08,3900,200.07,700,200.06,3100,200.05,1300,200.04,4300,200.12,1000,200.13,3000,200.14,1400,200.15,100,200.16,4800
2026-07-16 09:37:40.205,NVDA,200.09,200.07,1300,200.06,4200,200.05,4700,200.04,2200,200.03,4400,200.11,1700,200.12,300,200.13,5000,200.14,800,200.15,400
2026-07-16 09:37:40.368,NVDA,200.1,200.08,1900,200.07,4700,200.06,3200,200.05,3100,200.04,2000,200.12,800,200.13,2000,200.14,2800,200.15,1000,200.16,5000
2026-07-16 09:37:40.381,NVDA,200.11,200.09,4900,200.08,600,200.07,1000,200.06,900,200.05,700,200.13,2200,200.14,3700,200.15,3700,200.16,4600,200.17,3200
2026-07-16 09:37:40.650,NVDA,200.11,200.09,4600,200.08,1700,200.07,1100,200.06,3500,200.05,4200,200.13,3600,200.14,4600,200.15,500,200.16,1200,200.17,2400
2026-07-16 09:37:40.977,NVDA,200.12,200.1,1500,200.09,2200,200.08,2600,200.07,3600,200.06,2600,200.14,3300,200.15,4400,200.16,1800,200.17,300,200.18,2400
2026-07-16 09:37:41.185,NVDA,200.13,200.11,1900,200.1,3500,200.09,3900,200.08,4700,200.07,2800,200.15,4400,200.16,2400,200.17,1100,200.18,2600,200.19,1600
2026-07-16 09:37:41.264,NVDA,200.15,200.13,2700,200.12,2300,200.11,4200,200.1,2400,200.09,3800,200.17,3100,200.18,3100,200.19,1400,200.2,3100,200.21,4300
2026-07-16 09:37:41.435,NVDA,200.14,200.12,3200,200.11,4200,200.1,500,200.09,4600,200.08,3000,200.16,3000,200.17,5000,200.18,1400,200.19,3500,200.2,3100
2026-07-16 09:37:41.739,NVDA,200.14,200.12,2900,200.11,2200,200.1,4300,200.09,2600,200.08,1200,200.16,1200,200.17,3900,200.18,2800,200.19,1400,200.2,700
2026-07-16 09:37:42.008,NVDA,200.13,200.11,500,200.1,1100,200.09,2000,200.08,300,200.07,3100,200.15,300,200.16,5000,200.17,500,200.18,1500,200.19,800
2026-07-16 09:37:42.259,NVDA,200.11,200.09,1900,200.08,500,200.07,300,200.06,700,200.05,4700,200.13,2500,200.14,400,200.15,4800,200.16,800,200.17,4900
2026-07-16 09:37:42.452,NVDA,200.1,200.08,3200,200.07,1800,200.06,4700,200.05,1000,200.04,1300,200.12,3700,200.13,2600,200.14,2600,200.15,800,200.16,1700
2026-07-16 09:37:42.704,NVDA,200.08,200.06,4600,200.05,3500,200.04,4800,200.03,3400,200.02,3000,200.1,1000,200.11,2800,200.12,3100,200.13,3600,200.14,3400
2026-07-16 09:37:42.800,NVDA,200.07,200.05,700,200.04,2300,200.03,1900,200.02,4200,200.01,5000,200.09,4500,200.1,2100,200.11,4800,200.12,1100,200.13,4100
2026-07-16 09:37:42.956,NVDA,200.09,200.07,200,200.06,1600,200.05,2800,200.04,4900,200.03,4800,200.11,5000,200.12,400,200.13,600,200.14,1600,200.15,100
2026-07-16 09:37:43.150,NVDA,200.07,200.05,2200,200.04,3300,200.03,4900,200.02,4200,200.01,200,200.09,2800,200.1,1100,200.11,1500,200.12,4600,200.13,3200
2026-07-16 09:37:43.633,NVDA,200.08,200.06,4900,200.05,1200,200.04,3100,200.03,2000,200.02,1600,200.1,1600,200.11,900,200.12,4300,200.13,200,200.14,2700
2026-07-16 09:37:43.693,NVDA,200.09,200.07,2600,200.06,4600,200.05,900,200.04,4900,200.03,300,200.11,2400,200.12,1600,200.13,4300,200.14,2000,200.15,700
2026-07-16 09:37:43.894,NVDA,200.08,200.06,2600,200.05,3300,200.04,400,200.03,2100,200.02,2200,200.1,1500,200.11,1200,200.12,1200,200.13,3100,200.14,4500
2026-07-16 09:37:44.266,NVDA,200.1,200.08,2300,200.07,3600,200.06,4400,200.05,3300,200.04,1900,200.12,4200,200.13,1000,200.14,1100,200.15,3600,200.16,1800
2026-07-16 09:37:44.554,NVDA,200.08,200.06,1600,200.05,4900,200.04,1600,200.03,500,200.02,1500,200.1,5000,200.11,1400,200.12,4900,200.13,2400,200.14,800
2026-07-16 09:37:44.799,NVDA,200.08,200.06,200,200.05,2100,200.04,3600,200.03,2100,200.02,200,200.1,100,200.11,2000,200.12,800,200.13,1100,200.14,4400
2026-07-16 09:37:45.209,NVDA,200.1,200.08,3400,200.07,2400,200.06,500,200.05,4500,200.04,1900,200.12,4400,200.13,5000,200.14,100,200.15,2800,200.16,2900
2026-07-16 09:37:45.510,NVDA,200.08,200.06,4000,200.05,3800,200.04,4500,200.03,1700,200.02,4400,200.1,1300,200.11,400,200.12,4200,200.13,4700,200.14,2000
2026-07-16 09:37:45.549,NVDA,200.09,200.07,3500,200.06,3800,200.05,3900,200.04,4900,200.03,4300,200.11,1300,200.12,4100,200.13,1900,200.14,4100,200.15,4600
2026-07-16 09:37:45.990,NVDA,200.1,200.08,3200,200.07,1600,200.06,1700,200.05,3900,200.04,1600,200.12,2900,200.13,4000,200.14,1100,200.15,3600,200.16,3500
2026-07-16 09:37:46.119,NVDA,200.08,200.06,1000,200.05,100,200.04,200,200.03,1400,200.02,4100,200.1,400,200.11,4500,200.12,4800,200.13,3500,200.14,300
2026-07-16 09:37:46.284,NVDA,200.08,200.06,1800,200.05,3500,200.04,100,200.03,3600,200.02,4100,200.1,2300,200.11,1300,200.12,700,200.13,3500,200.14,3400
2026-07-16 09:37:46.679,NVDA,200.06,200.04,3600,200.03,4600,200.02,4400,200.01,2400,200.0,3000,200.08,2700,200.09,3500,200.1,2100,200.11,1500,200.12,4400
2026-07-16 09:37:46.739,NVDA,200.04,200.02,4900,200.01,2700,200.0,1800,199.99,2800,199.98,4300,200.06,3900,200.07,2600,200.08,4300,200.09,3100,200.1,2900
2026-07-16 09:37:47.137,NVDA,200.04,200.02,1700,200.01,2100,200.0,600,199.99,4600,199.98,1400,200.06,1900,200.07,2500,200.08,1400,200.09,2500,200.1,3700
2026-07-16 09:37:47.199,NVDA,200.02,200.0,4200,199.99,300,199.98,900,199.97,400,199.96,1100,200.04,4100,200.05,2900,200.06,4100,200.07,4500,200.08,2500
2026-07-16 09:37:47.328,NVDA,200.02,200.0,2800,199.99,4800,199.98,400,199.97,200,199.96,3400,200.04,4400,200.05,3100,200.06,2200,200.07,2200,200.08,1000
2026-07-16 09:37:47.369,NVDA,200.0,199.98,1900,199.97,100,199.96,4300,199.95,4700,199.94,2500,200.02,400,200.03,1200,200.04,700,200.05,5000,200.06,4400
2026-07-16 09:37:47.541,NVDA,199.98,199.96,3200,199.95,1600,199.94,3200,199.93,400,199.92,4500,200.0,4500,200.01,5000,200.02,3100,200.03,1800,200.04,4700
2026-07-16 09:37:47.956,NVDA,199.96,199.94,4000,199.93,1300,199.92,2300,199.91,4600,199.9,1700,199.98,100,199.99,5000,200.0,900,200.01,1700,200.02,4600
2026-07-16 09:37:48.077,NVDA,199.95,199.93,4800,199.92,3500,199.91,4700,199.9,2300,199.89,700,199.97,1500,199.98,700,199.99,1700,200.0,1700,200.01,1900
2026-07-16 09:37:48.124,NVDA,199.94,199.92,2800,199.91,1500,199.9,4600,199.89,2000,199.88,4800,199.96,4600,199.97,5000,199.98,100,199.99,2300,200.0,200
2026-07-16 09:37:48.503,NVDA,199.94,199.92,3800,199.91,4900,199.9,1800,199.89,100,199.88,2000,199.96,2200,199.97,1600,199.98,4800,199.99,3300,200.0,3500
2026-07-16 09:37:48.618,NVDA,199.94,199.92,2400,199.91,3800,199.9,800,199.89,4000,199.88,1600,199.96,500,199.97,2500,199.98,1100,199.99,800,200.0,2600
2026-07-16 09:37:48.629,NVDA,199.94,199.92,1300,199.91,3800,199.9,2800,199.89,1100,199.88,4500,199.96,2700,199.97,3200,199.98,600,199.99,1000,200.0,2100
2026-07-16 09:37:48.706,NVDA,199.95,199.93,1800,199.92,2800,199.91,1500,199.9,1700,199.89,3100,199.97,3900,199.98,1200,199.99,500,200.0,600,200.01,1300
2026-07-16 09:37:49.003,NVDA,199.94,199.92,4100,199.91,4800,199.9,1900,199.89,700,199.88,1400,199.96,4200,199.97,200,199.98,2300,199.99,1400,200.0,4200
2026-07-16 09:37:49.220,NVDA,199.92,199.9,4600,199.89,2600,199.88,1300,199.87,4100,199.86,200,199.94,3200,199.95,4100,199.96,4000,199.97,1900,199.98,300
2026-07-16 09:37:49.616,NVDA,199.94,199.92,1200,199.91,400,199.9,500,199.89,3700,199.88,4700,199.96,1700,199.97,4700,199.98,3600,199.99,1900,200.0,2900
2026-07-16 09:37:49.932,NVDA,199.96,199.94,3000,199.93,3600,199.92,1700,199.91,500,199.9,4500,199.98,1900,199.99,4900,200.0,3400,200.01,4100,200.02,500
2026-07-16 09:37:50.417,NVDA,199.97,199.95,4600,199.94,3800,199.93,4200,199.92,2400,199.91,2700,199.99,2500,200.0,800,200.01,2300,200.02,3600,200.03,500
2026-07-16 09:37:50.681,NVDA,199.95,199.93,300,199.92,4500,199.91,1300,199.9,800,199.89,2600,199.97,600,199.98,3100,199.99,3500,200.0,1400,200.01,1800
2026-07-16 09:37:50.839,NVDA,199.93,199.91,2100,199.9,2200,199.89,3800,199.88,3400,199.87,1900,199.95,4000,199.96,4900,199.97,3000,199.98,100,199.99,4700
2026-07-16 09:37:50.946,NVDA,199.95,199.93,4800,199.92,5000,199.91,4600,199.9,200,199.89,4400,199.97,4300,199.98,300,199.99,4600,200.0,3800,200.01,4800
2026-07-16 09:37:51.155,NVDA,199.97,199.95,1400,199.94,1000,199.93,1900,199.92,2100,199.91,500,199.99,3100,200.0,1400,200.01,4500,200.02,300,200.03,1700
2026-07-16 09:37:51.252,NVDA,199.97,199.95,1600,199.94,4000,199.93,1200,199.92,3800,199.91,4100,199.99,900,200.0,4200,200.01,4400,200.02,1500,200.03,1700
2026-07-16 09:37:51.648,NVDA,199.96,199.94,1700,199.93,2100,199.92,300,199.91,1300,199.9,300,199.98,1400,199.99,2000,200.0,4300,200.01,4200,200.02,2900
2026-07-16 09:37:51.660,NVDA,199.96,199.94,4800,199.93,4600,199.92,4500,199.91,4700,199.9,300,199.98,4900,199.99,200,200.0,2100,200.01,2200,200.02,3200
2026-07-16 09:37:52.158,NVDA,199.98,199.96,2000,199.95,3700,199.94,2800,199.93,2500,199.92,1500,200.0,3900,200.01,4100,200.02,1600,200.03,900,200.04,1300
2026-07-16 09:37:52.314,NVDA,199.97,199.95,4100,199.94,3800,199.93,2000,199.92,2400,199.91,1800,199.99,1100,200.0,4700,200.01,1800,200.02,1300,200.03,4700
2026-07-16 09:37:52.755,NVDA,199.98,199.96,4600,199.95,1800,199.94,100,199.93,1400,199.92,4000,200.0,1600,200.01,4200,200.02,3800,200.03,1500,200.04,1700
2026-07-16 09:37:53.089,NVDA,199.98,199.96,3500,199.95,1100,199.94,4800,199.93,4300,199.92,700,200.0,800,200.01,2100,200.02,2300,200.03,4800,200.04,3700
2026-07-16 09:37:53.550,NVDA,199.98,199.96,1100,199.95,2000,199.94,5000,199.93,2500,199.92,2200,200.0,2300,200.01,200,200.02,1500,200.03,4000,200.04,3600
2026-07-16 09:37:53.863,NVDA,199.97,199.95,1100,199.94,1500,199.93,2200,199.92,2400,199.91,100,199.99,300,200.0,3700,200.01,300,200.02,2500,200.03,4500
2026-07-16 09:37:54.256,NVDA,199.95,199.93,3500,199.92,3800,199.91,2900,199.9,3500,199.89,3000,199.97,3000,199.98,300,199.99,4900,200.0,4300,200.01,3600
2026-07-16 09:37:54.678,NVDA,199.93,199.91,500,199.9,4400,199.89,100,199.88,3000,199.87,600,199.95,2100,199.96,1500,199.97,3600,199.98,3600,199.99,2600
2026-07-16 09:37:55.131,NVDA,199.95,199.93,4800,199.92,600,199.91,900,199.9,3400,199.89,700,199.97,4800,199.98,3600,199.99,1900,200.0,4400,200.01,4000
2026-07-16 09:37:55.437,NVDA,199.95,199.93,1100,199.92,500,199.91,1800,199.9,4400,199.89,4700,199.97,2200,199.98,3800,199.99,200,200.0,800,200.01,1300
2026-07-16 09:37:55.499,NVDA,199.95,199.93,5000,199.92,2800,199.91,2500,199.9,800,199.89,900,199.97,1600,199.98,1700,199.99,2400,200.0,4700,200.01,2400
2026-07-16 09:37:55.529,NVDA,199.95,199.93,500,199.92,1000,199.91,2900,199.9,3500,199.89,4700,199.97,2800,199.98,4700,199.99,2000,200.0,3200,200.01,2900
2026-07-16 09:37:55.710,NVDA,199.93,199.91,4100,199.9,1300,199.89,4200,199.88,300,199.87,1000,199.95,4400,199.96,4700,199.97,800,199.98,1300,199.99,600
2026-07-16 09:37:56.026,NVDA,199.92,199.9,5000,199.89,300,199.88,1800,199.87,4700,199.86,2100,199.94,3100,199.95,4200,199.96,900,199.97,1500,199.98,300
2026-07-16 09:37:56.223,NVDA,199.93,199.91,1400,199.9,3400,199.89,800,199.88,3300,199.87,3300,199.95,2600,199.96,2600,199.97,2000,199.98,1700,199.99,3200
2026-07-16 09:37:56.566,NVDA,199.93,199.91,4400,199.9,1700,199.89,1300,199.88,4200,199.87,1400,199.95,100,199.96,2000,199.97,1600,199.98,2000,199.99,4800
2026-07-16 09:37:56.973,NVDA,199.91,199.89,4600,199.88,300,199.87,4800,199.86,1700,199.85,200,199.93,3700,199.94,1000,199.95,2200,199.96,800,199.97,4500
2026-07-16 09:37:57.096,NVDA,199.91,199.89,3900,199.88,2100,199.87,600,199.86,2400,199.85,4500,199.93,600,199.94,2900,199.95,5000,199.96,100,199.97,3000
2026-07-16 09:37:57.302,NVDA,199.9,199.88,1400,199.87,2300,199.86,1400,199.85,4700,199.84,3200,199.92,3900,199.93,1600,199.94,2100,199.95,200,199.96,2200
2026-07-16 09:37:57.338,NVDA,199.92,199.9,5000,199.89,4500,199.88,4900,199.87,4900,199.86,4000,199.94,2200,199.95,1100,199.96,400,199.97,3200,199.98,4400
2026-07-16 09:37:57.699,NVDA,199.9,199.88,3600,199.87,600,199.86,2300,199.85,3600,199.84,3400,199.92,2600,199.93,3600,199.94,1900,199.95,1900,199.96,4500
2026-07-16 09:37:57.831,NVDA,199.92,199.9,3700,199.89,4300,199.88,1800,199.87,1900,199.86,2400,199.94,3600,199.95,1300,199.96,2100,199.97,500,199.98,1200
2026-07-16 09:37:58.257,NVDA,199.9,199.88,4600,199.87,1000,199.86,600,199.85,4500,199.84,3600,199.92,4400,199.93,200,199.94,1500,199.95,2400,199.96,400
2026-07-16 09:37:58.444,NVDA,199.88,199.86,2900,199.85,2500,199.84,3200,199.83,1000,199.82,3900,199.9,1200,199.91,100,199.92,700,199.93,2600,199.94,3400
2026-07-16 09:37:58.798,NVDA,199.88,199.86,1100,199.85,2100,199.84,4800,199.83,3700,199.82,3600,199.9,4000,199.91,4600,199.92,100,199.93,3200,199.94,3200
2026-07-16 09:37:59.111,NVDA,199.9,199.88,3600,199.87,900,199.86,3000,199.85,3500,199.84,4300,199.92,4000,199.93,1000,199.94,5000,199.95,2600,199.96,700
2026-07-16 09:37:59.451,NVDA,199.88,199.86,2600,199.85,2000,199.84,200,199.83,3700,199.82,600,199.9,3400,199.91,900,199.92,4600,199.93,3500,199.94,300
2026-07-16 09:37:59.808,NVDA,199.89,199.87,4400,199.86,1900,199.85,300,199.84,2000,199.83,4200,199.91,4400,199.92,4300,199.93,700,199.94,2100,199.95,1300
2026-07-16 09:38:00.222,NVDA,199.88,199.86,3500,199.85,2700,199.84,1900,199.83,1500,199.82,2100,199.9,2000,199.91,1200,199.92,4400,199.93,1100,199.94,3100
2026-07-16 09:38:00.352,NVDA,199.89,199.87,300,199.86,500,199.85,3300,199.84,3500,199.83,2100,199.91,2600,199.92,2900,199.93,100,199.94,2400,199.95,3100
2026-07-16 09:38:00.824,NVDA,199.9,199.88,2400,199.87,3700,199.86,2200,199.85,2700,199.84,3900,199.92,1700,199.93,1200,199.94,1600,199.95,1500,199.96,700
2026-07-16 09:38:01.036,NVDA,199.88,199.86,2900,199.85,2700,199.84,1200,199.83,300,199.82,3900,199.9,2500,199.91,2900,199.92,2300,199.93,3600,199.94,300
2026-07-16 09:38:01.523,NVDA,199.86,199.84,2000,199.83,4700,199.82,900,199.81,100,199.8,1600,199.88,4000,199.89,2000,199.9,4400,199.91,4000,199.92,4400
2026-07-16 09:38:01.790,NVDA,199.85,199.83,4300,199.82,1600,199.81,3900,199.8,1700,199.79,2200,199.87,800,199.88,2000,199.89,2500,199.9,2100,199.91,3300
2026-07-16 09:38:02.064,NVDA,199.87,199.85,4300,199.84,300,199.83,3900,199.82,4000,199.81,3100,199.89,2700,199.9,4800,199.91,4500,199.92,100,199.93,2800
2026-07-16 09:38:02.192,NVDA,199.85,199.83,1400,199.82,4900,199.81,1700,199.8,2500,199.79,400,199.87,4500,199.88,2500,199.89,2200,199.9,1100,199.91,3800
2026-07-16 09:38:02.276,NVDA,199.84,199.82,4300,199.81,1000,199.8,1800,199.79,1100,199.78,1600,199.86,900,199.87,1300,199.88,3100,199.89,1200,199.9,100
2026-07-16 09:38:02.660,NVDA,199.84,199.82,900,199.81,500,199.8,3600,199.79,3300,199.78,1200,199.86,2600,199.87,1500,199.88,1200,199.89,1800,199.9,3200
2026-07-16 09:38:03.066,NVDA,199.84,199.82,4200,199.81,3000,199.8,800,199.79,800,199.78,400,199.86,2300,199.87,1700,199.88,300,199.89,2100,199.9,4500
2026-07-16 09:38:03.126,NVDA,199.84,199.82,900,199.81,4000,199.8,2700,199.79,3200,199.78,2800,199.86,1900,199.87,3900,199.88,3200,199.89,4500,199.9,4900
2026-07-16 09:38:03.378,NVDA,199.86,199.84,100,199.83,4700,199.82,2600,199.81,2900,199.8,3700,199.88,2600,199.89,4700,199.9,3100,199.91,4800,199.92,4400
2026-07-16 09:38:03.745,NVDA,199.86,199.84,2400,199.83,5000,199.82,1700,199.81,4400,199.8,2600,199.88,2800,199.89,4200,199.9,1700,199.91,1400,199.92,1100
2026-07-16 09:38:03.902,NVDA,199.84,199.82,4800,199.81,3600,199.8,3600,199.79,3700,199.78,2700,199.86,4500,199.87,900,199.88,2700,199.89,2000,199.9,4700
2026-07-16 09:38:04.182,NVDA,199.83,199.81,3100,199.8,100,199.79,1300,199.78,800,199.77,2200,199.85,100,199.86,100,199.87,4600,199.88,4200,199.89,3300
2026-07-16 09:38:04.336,NVDA,199.85,199.83,4000,199.82,4300,199.81,4900,199.8,3900,199.79,400,199.87,4700,199.88,2000,199.89,2900,199.9,1200,199.91,1600
2026-07-16 09:38:04.769,NVDA,199.84,199.82,3000,199.81,1800,199.8,2000,199.79,4300,199.78,1400,199.86,1500,199.87,900,199.88,3900,199.89,2800,199.9,3700
2026-07-16 09:38:04.902,NVDA,199.82,199.8,2100,199.79,3100,199.78,1800,199.77,2100,199.76,400,199.84,2600,199.85,3000,199.86,4900,199.87,3600,199.88,4000
2026-07-16 09:38:05.318,NVDA,199.81,199.79,1300,199.78,4900,199.77,700,199.76,1800,199.75,500,199.83,1500,199.84,2700,199.85,3600,199.86,4100,199.87,1600
2026-07-16 09:38:05.337,NVDA,199.79,199.77,4300,199.76,1100,199.75,2600,199.74,900,199.73,4700,199.81,400,199.82,1800,199.83,2800,199.84,200,199.85,4800
2026-07-16 09:38:05.441,NVDA,199.8,199.78,2800,199.77,3900,199.76,400,199.75,1200,199.74,3600,199.82,4300,199.83,3100,199.84,1200,199.85,3400,199.86,300
2026-07-16 09:38:05.888,NVDA,199.82,199.8,1200,199.79,1500,199.78,4900,199.77,3700,199.76,500,199.84,4100,199.85,2900,199.86,3300,199.87,3200,199.88,4000
2026-07-16 09:38:06.029,NVDA,199.81,199.79,2200,199.78,4800,199.77,900,199.76,1600,199.75,4600,199.83,4700,199.84,3700,199.85,700,199.86,2800,199.87,3400
2026-07-16 09:38:06.335,NVDA,199.79,199.77,1800,199.76,2300,199.75,500,199.74,3300,199.73,3300,199.81,2400,199.82,500,199.83,1300,199.84,600,199.85,2800
2026-07-16 09:38:06.409,NVDA,199.81,199.79,4000,199.78,4500,199.77,1000,199.76,2800,199.75,3000,199.83,2700,199.84,3900,199.85,3600,199.86,1800,199.87,4600
2026-07-16 09:38:06.466,NVDA,199.82,199.8,3700,199.79,4800,199.78,3200,199.77,1300,199.76,1100,199.84,3400,199.85,2400,199.86,4800,199.87,1500,199.88,1800
2026-07-16 09:38:06.482,NVDA,199.8,199.78,200,199.77,1500,199.76,1400,199.75,4500,199.74,400,199.82,200,199.83,4700,199.84,900,199.85,3100,199.86,2000
2026-07-16 09:38:06.719,NVDA,199.81,199.79,3800,199.78,4400,199.77,4100,199.76,1000,199.75,2800,199.83,2300,199.84,4400,199.85,3800,199.86,700,199.87,4900
2026-07-16 09:38:07.123,NVDA,199.79,199.77,4500,199.76,1100,199.75,3100,199.74,2900,199.73,600,199.81,3000,199.82,2200,199.83,2100,199.84,4300,199.85,3700
2026-07-16 09:38:07.138,NVDA,199.79,199.77,1200,199.76,4100,199.75,3500,199.74,3100,199.73,700,199.81,700,199.82,4700,199.83,5000,199.84,800,199.85,4300
2026-07-16 09:38:07.617,NVDA,199.8,199.78,400,199.77,4200,199.76,4900,199.75,1900,199.74,4400,199.82,2800,199.83,700,199.84,4900,199.85,300,199.86,400
2026-07-16 09:38:07.698,NVDA,199.8,199.78,3600,199.77,2800,199.76,2500,199.75,2900,199.74,3300,199.82,3700,199.83,3300,199.84,1700,199.85,1100,199.86,2900
2026-07-16 09:38:08.119,NVDA,199.81,199.79,4300,199.78,1100,199.77,3900,199.76,500,199.75,2900,199.83,500,199.84,4800,199.85,600,199.86,5000,199.87,2500
2026-07-16 09:38:08.577,NVDA,199.82,199.8,4300,199.79,1400,199.78,4300,199.77,5000,199.76,3200,199.84,600,199.85,800,199.86,300,199.87,4700,199.88,3000
2026-07-16 09:38:08.654,NVDA,199.81,199.79,4900,199.78,500,199.77,2900,199.76,3200,199.75,2500,199.83,300,199.84,1700,199.85,2200,199.86,3900,199.87,2900
2026-07-16 09:38:08.794,NVDA,199.82,199.8,1700,199.79,3000,199.78,4100,199.77,1200,199.76,2400,199.84,3500,199.85,4000,199.86,400,199.87,2500,199.88,600
2026-07-16 09:38:08.881,NVDA,199.84,199.82,3600,199.81,2100,199.8,3800,199.79,3300,199.78,2300,199.86,3600,199.87,2000,199.88,3500,199.89,1400,199.9,2100
2026-07-16 09:38:08.920,NVDA,199.84,199.82,4900,199.81,4700,199.8,4600,199.79,4100,199.78,800,199.86,3600,199.87,4700,199.88,4900,199.89,3100,199.9,2100
2026-07-16 09:38:08.972,NVDA,199.82,199.8,1100,199.79,4800,199.78,4900,199.77,200,199.76,2700,199.84,1300,199.85,1600,199.86,1400,199.87,3000,199.88,3200
2026-07-16 09:38:09.016,NVDA,199.81,199.79,3200,199.78,2000,199.77,3500,199.76,4300,199.75,2000,199.83,300,199.84,4700,199.85,1600,199.86,2700,199.87,200
2026-07-16 09:38:09.358,NVDA,199.83,199.81,1100,199.8,200,199.79,2500,199.78,2600,199.77,1600,199.85,3200,199.86,4500,199.87,900,199.88,2200,199.89,1400
2026-07-16 09:38:09.669,NVDA,199.83,199.81,1200,199.8,1700,199.79,100,199.78,2400,199.77,5000,199.85,2900,199.86,2600,199.87,400,199.88,1600,199.89,2600
2026-07-16 09:38:10.069,NVDA,199.83,199.81,1300,199.8,3200,199.79,3400,199.78,3600,199.77,800,199.85,4900,199.86,100,199.87,400,199.88,3700,199.89,4100
2026-07-16 09:38:10.394,NVDA,199.84,199.82,2900,199.81,1500,199.8,3800,199.79,1500,199.78,3500,199.86,4600,199.87,300,199.88,3100,199.89,200,199.9,3500
2026-07-16 09:38:10.828,NVDA,199.83,199.81,900,199.8,1900,199.79,200,199.78,5000,199.77,400,199.85,700,199.86,3100,199.87,1500,199.88,1700,199.89,3100
2026-07-16 09:38:11.265,NVDA,199.84,199.82,4700,199.81,4200,199.8,4800,199.79,3600,199.78,2800,199.86,2500,199.87,2900,199.88,2700,199.89,1100,199.9,4000
2026-07-16 09:38:11.510,NVDA,199.84,199.82,3800,199.81,1400,199.8,200,199.79,4400,199.78,3800,199.86,4700,199.87,4100,199.88,200,199.89,2000,199.9,1700
2026-07-16 09:38:11.771,NVDA,199.85,199.83,4900,199.82,3200,199.81,600,199.8,600,199.79,1900,199.87,3300,199.88,1900,199.89,2300,199.9,1300,199.91,4400
2026-07-16 09:38:12.206,NVDA,199.84,199.82,1600,199.81,600,199.8,2900,199.79,1200,199.78,400,199.86,4400,199.87,5000,199.88,4900,199.89,4700,199.9,2200
2026-07-16 09:38:12.277,NVDA,199.85,199.83,5000,199.82,2300,199.81,500,199.8,700,199.79,2100,199.87,2800,199.88,4900,199.89,1000,199.9,4000,199.91,2100
2026-07-16 09:38:12.723,NVDA,199.84,199.82,2700,199.81,1300,199.8,900,199.79,3400,199.78,3400,199.86,400,199.87,3900,199.88,2200,199.89,4700,199.9,1300
2026-07-16 09:38:13.071,NVDA,199.83,199.81,3300,199.8,3600,199.79,1500,199.78,2800,199.77,800,199.85,500,199.86,3500,199.87,3800,199.88,4700,199.89,2900
2026-07-16 09:38:13.258,NVDA,199.82,199.8,700,199.79,1700,199.78,2800,199.77,500,199.76,1700,199.84,2400,199.85,2100,199.86,100,199.87,2500,199.88,1600
2026-07-16 09:38:13.354,NVDA,199.82,199.8,200,199.79,2900,199.78,1600,199.77,400,199.76,2400,199.84,4900,199.85,3000,199.86,2500,199.87,1000,199.88,2400
2026-07-16 09:38:13.610,NVDA,199.8,199.78,1600,199.77,800,199.76,3700,199.75,3800,199.74,2500,199.82,3200,199.83,4000,199.84,3000,199.85,3000,199.86,2800
2026-07-16 09:38:13.725,NVDA,199.78,199.76,1800,199.75,3600,199.74,2800,199.73,1100,199.72,2100,199.8,1600,199.81,1100,199.82,4700,199.83,2300,199.84,3300
2026-07-16 09:38:14.222,NVDA,199.76,199.74,2300,199.73,1700,199.72,4300,199.71,4600,199.7,1300,199.78,900,199.79,1800,199.8,1100,199.81,500,199.82,1900
2026-07-16 09:38:14.699,NVDA,199.76,199.74,900,199.73,4400,199.72,3800,199.71,4600,199.7,2500,199.78,4300,199.79,3800,199.8,1300,199.81,1100,199.82,2600
2026-07-16 09:38:14.776,NVDA,199.75,199.73,2100,199.72,1900,199.71,400,199.7,1700,199.69,3500,199.77,800,199.78,700,199.79,3800,199.8,4400,199.81,4500
2026-07-16 09:38:14.831,NVDA,199.77,199.75,1300,199.74,3300,199.73,4500,199.72,4000,199.71,4200,199.79,2100,199.8,4500,199.81,600,199.82,500,199.83,2000
2026-07-16 09:38:14.901,NVDA,199.78,199.76,900,199.75,4300,199.74,4500,199.73,3800,199.72,4700,199.8,1200,199.81,4100,199.82,3900,199.83,4200,199.84,500
2026-07-16 09:38:15.033,NVDA,199.77,199.75,1600,199.74,1400,199.73,4400,199.72,900,199.71,2200,199.79,2900,199.8,2400,199.81,3600,199.82,3600,199.83,400
2026-07-16 09:38:15.432,NVDA,199.79,199.77,4100,199.76,4700,199.75,1000,199.74,4800,199.73,1500,199.81,3900,199.82,400,199.83,3300,199.84,1900,199.85,2600
2026-07-16 09:38:15.443,NVDA,199.8,199.78,3200,199.77,4300,199.76,2600,199.75,3400,199.74,4900,199.82,3100,199.83,3400,199.84,1600,199.85,3700,199.86,1000
2026-07-16 09:38:15.884,NVDA,199.78,199.76,2900,199.75,1800,199.74,3500,199.73,2800,199.72,400,199.8,4600,199.81,1800,199.82,2200,199.83,2400,199.84,3200
2026-07-16 09:38:15.896,NVDA,199.77,199.75,5000,199.74,1500,199.73,2800,199.72,1200,199.71,3000,199.79,3800,199.8,600,199.81,4000,199.82,4200,199.83,3900
2026-07-16 09:38:16.287,NVDA,199.77,199.75,1100,199.74,2600,199.73,400,199.72,2300,199.71,3200,199.79,2500,199.8,1000,199.81,2300,199.82,4400,199.83,4800
2026-07-16 09:38:16.415,NVDA,199.78,199.76,400,199.75,2100,199.74,2300,199.73,600,199.72,600,199.8,600,199.81,4600,199.82,3200,199.83,5000,199.84,3700
2026-07-16 09:38:16.754,NVDA,199.8,199.78,2600,199.77,600,199.76,4100,199.75,2000,199.74,3100,199.82,2700,199.83,3300,199.84,2300,199.85,3100,199.86,200
2026-07-16 09:38:16.765,NVDA,199.79,199.77,4900,199.76,1500,199.75,3400,199.74,2400,199.73,2800,199.81,1200,199.82,4500,199.83,500,199.84,300,199.85,1100
2026-07-16 09:38:17.144,NVDA,199.8,199.78,500,199.77,1900,199.76,3800,199.75,2800,199.74,3800,199.82,1700,199.83,2800,199.84,1600,199.85,4800,199.86,400
2026-07-16 09:38:17.566,NVDA,199.81,199.79,1800,199.78,4300,199.77,2900,199.76,3200,199.75,600,199.83,4800,199.84,1400,199.85,300,199.86,2500,199.87,1600
2026-07-16 09:38:18.031,NVDA,199.81,199.79,4700,199.78,600,199.77,4400,199.76,5000,199.75,4900,199.83,4000,199.84,1600,199.85,800,199.86,2700,199.87,1700
2026-07-16 09:38:18.428,NVDA,199.81,199.79,2800,199.78,500,199.77,2000,199.76,2800,199.75,4800,199.83,4900,199.84,2100,199.85,800,199.86,2800,199.87,700
2026-07-16 09:38:18.466,NVDA,199.8,199.78,4200,199.77,1700,199.76,200,199.75,4600,199.74,1300,199.82,4300,199.83,1400,199.84,4200,199.85,4100,199.86,4700
2026-07-16 09:38:18.859,NVDA,199.79,199.77,1100,199.76,4400,199.75,1400,199.74,5000,199.73,800,199.81,3500,199.82,2700,199.83,1900,199.84,2000,199.85,1200
2026-07-16 09:38:19.050,NVDA,199.77,199.75,3800,199.74,4700,199.73,4500,199.72,3200,199.71,300,199.79,1400,199.8,3700,199.81,3400,199.82,1600,199.83,4800
2026-07-16 09:38:19.262,NVDA,199.78,199.76,3400,199.75,3900,199.74,3900,199.73,4700,199.72,800,199.8,5000,199.81,4900,199.82,3500,199.83,3700,199.84,2800
2026-07-16 09:38:19.613,NVDA,199.79,199.77,1400,199.76,1600,199.75,2900,199.74,2700,199.73,100,199.81,3800,199.82,4300,199.83,1000,199.84,3100,199.85,3200
2026-07-16 09:38:19.865,NVDA,199.79,199.77,4000,199.76,1700,199.75,1600,199.74,4800,199.73,3700,199.81,700,199.82,3400,199.83,3800,199.84,4300,199.85,3900
2026-07-16 09:38:20.189,NVDA,199.79,199.77,1500,199.76,600,199.75,2900,199.74,600,199.73,300,199.81,2000,199.82,4800,199.83,3400,199.84,1500,199.85,4500
2026-07-16 09:38:20.549,NVDA,199.81,199.79,400,199.78,500,199.77,400,199.76,4600,199.75,4000,199.83,500,199.84,1900,199.85,4900,199.86,1900,199.87,4100
2026-07-16 09:38:20.882,NVDA,199.82,199.8,800,199.79,3500,199.78,2100,199.77,100,199.76,3600,199.84,4700,199.85,3900,199.86,3800,199.87,3800,199.88,1200
2026-07-16 09:38:21.186,NVDA,199.84,199.82,5000,199.81,3200,199.8,600,199.79,200,199.78,900,199.86,2000,199.87,4100,199.88,3800,199.89,3300,199.9,1100
2026-07-16 09:38:21.619,NVDA,199.83,199.81,100,199.8,3800,199.79,1200,199.78,100,199.77,4800,199.85,4500,199.86,300,199.87,3700,199.88,100,199.89,4100
2026-07-16 09:38:21.794,NVDA,199.84,199.82,2500,199.81,2000,199.8,100,199.79,3900,199.78,3100,199.86,1900,199.87,500,199.88,3300,199.89,4400,199.9,4000
2026-07-16 09:38:22.185,NVDA,199.82,199.8,1300,199.79,2100,199.78,4600,199.77,4200,199.76,4800,199.84,5000,199.85,2300,199.86,4100,199.87,5000,199.88,1100
2026-07-16 09:38:22.616,NVDA,199.82,199.8,1300,199.79,4500,199.78,4300,199.77,2600,199.76,700,199.84,5000,199.85,1400,199.86,200,199.87,2300,199.88,3100
2026-07-16 09:38:22.841,NVDA,199.83,199.81,2400,199.8,5000,199.79,900,199.78,1300,199.77,2000,199.85,1500,199.86,2000,199.87,1200,199.88,1300,199.89,500
2026-07-16 09:38:22.982,NVDA,199.85,199.83,1700,199.82,600,199.81,600,199.8,3300,199.79,3000,199.87,3500,199.88,4000,199.89,2600,199.9,400,199.91,1800
2026-07-16 09:38:23.345,NVDA,199.86,199.84,400,199.83,700,199.82,4200,199.81,2700,199.8,5000,199.88,3100,199.89,1600,199.9,2200,199.91,2100,199.92,1000
2026-07-16 09:38:23.671,NVDA,199.86,199.84,4400,199.83,1400,199.82,5000,199.81,3700,199.8,1700,199.88,3100,199.89,2600,199.9,400,199.91,3600,199.92,2900
2026-07-16 09:38:23.957,NVDA,199.87,199.85,4000,199.84,4400,199.83,4100,199.82,4300,199.81,4600,199.89,3800,199.9,4300,199.91,2100,199.92,2700,199.93,1800
2026-07-16 09:38:24.000,NVDA,199.89,199.87,500,199.86,3500,199.85,3000,199.84,2100,199.83,4500,199.91,300,199.92,1300,199.93,1500,199.94,3100,199.95,4000
2026-07-16 09:38:24.139,NVDA,199.9,199.88,1500,199.87,5000,199.86,100,199.85,700,199.84,1000,199.92,3100,199.93,1700,199.94,600,199.95,3600,199.96,4500
2026-07-16 09:38:24.506,NVDA,199.91,199.89,1500,199.88,2200,199.87,900,199.86,1600,199.85,1100,199.93,3200,199.94,600,199.95,200,199.96,2800,199.97,1300
2026-07-16 09:38:24.870,NVDA,199.9,199.88,800,199.87,4500,199.86,2200,199.85,3100,199.84,3000,199.92,3900,199.93,3500,199.94,1700,199.95,4200,199.96,4500
2026-07-16 09:38:24.984,NVDA,199.9,199.88,300,199.87,1200,199.86,4000,199.85,3600,199.84,3900,199.92,2100,199.93,4300,199.94,2800,199.95,4700,199.96,2800
2026-07-16 09:38:25.327,NVDA,199.89,199.87,4800,199.86,3500,199.85,4900,199.84,600,199.83,1800,199.91,1100,199.92,2300,199.93,200,199.94,3500,199.95,3200
2026-07-16 09:38:25.500,NVDA,199.87,199.85,2600,199.84,2900,199.83,2200,199.82,3800,199.81,4800,199.89,4400,199.9,4600,199.91,4000,199.92,2900,199.93,3900
2026-07-16 09:38:25.832,NVDA,199.87,199.85,3300,199.84,1500,199.83,1100,199.82,1000,199.81,800,199.89,1900,199.9,4600,199.91,2600,199.92,3700,199.93,4400
2026-07-16 09:38:26.186,NVDA,199.85,199.83,1400,199.82,1000,199.81,4300,199.8,4500,199.79,1700,199.87,3500,199.88,5000,199.89,600,199.9,1000,199.91,2900
2026-07-16 09:38:26.656,NVDA,199.87,199.85,900,199.84,3800,199.83,1600,199.82,400,199.81,4600,199.89,3600,199.9,2400,199.91,400,199.92,1800,199.93,1700
2026-07-16 09:38:26.933,NVDA,199.85,199.83,4600,199.82,4200,199.81,1300,199.8,3100,199.79,3400,199.87,1100,199.88,2500,199.89,1200,199.9,4500,199.91,2500
2026-07-16 09:38:27.385,NVDA,199.87,199.85,4000,199.84,3200,199.83,4600,199.82,5000,199.81,1400,199.89,2500,199.9,1300,199.91,4300,199.92,3700,199.93,1800
2026-07-16 09:38:27.806,NVDA,199.88,199.86,1800,199.85,2700,199.84,4900,199.83,800,199.82,3300,199.9,200,199.91,1300,199.92,900,199.93,700,199.94,4200
2026-07-16 09:38:28.200,NVDA,199.88,199.86,800,199.85,3500,199.84,1700,199.83,3800,199.82,4700,199.9,1600,199.91,800,199.92,2400,199.93,4100,199.94,2600
2026-07-16 09:38:28.533,NVDA,199.87,199.85,2500,199.84,1900,199.83,4000,199.82,4200,199.81,3600,199.89,900,199.9,1600,199.91,200,199.92,600,199.93,4500
2026-07-16 09:38:28.801,NVDA,199.88,199.86,1400,199.85,2100,199.84,3200,199.83,2600,199.82,600,199.9,1400,199.91,100,199.92,5000,199.93,2000,199.94,3200
2026-07-16 09:38:28.825,NVDA,199.86,199.84,700,199.83,1200,199.82,1000,199.81,2600,199.8,2700,199.88,1700,199.89,1300,199.9,2200,199.91,1800,199.92,500
2026-07-16 09:38:29.016,NVDA,199.85,199.83,3600,199.82,3700,199.81,4600,199.8,3200,199.79,2700,199.87,3500,199.88,1500,199.89,3400,199.9,3800,199.91,600
2026-07-16 09:38:29.433,NVDA,199.85,199.83,500,199.82,1100,199.81,2500,199.8,2600,199.79,1600,199.87,3000,199.88,500,199.89,1700,199.9,2900,199.91,3200
2026-07-16 09:38:29.830,NVDA,199.85,199.83,3600,199.82,800,199.81,3700,199.8,2100,199.79,1600,199.87,3600,199.88,2900,199.89,1600,199.9,800,199.91,100
2026-07-16 09:38:30.297,NVDA,199.83,199.81,4600,199.8,1600,199.79,4900,199.78,300,199.77,2800,199.85,3700,199.86,3900,199.87,2900,199.88,2600,199.89,4700
2026-07-16 09:38:30.340,NVDA,199.83,199.81,2600,199.8,900,199.79,2400,199.78,1600,199.77,3600,199.85,500,199.86,100,199.87,3900,199.88,3600,199.89,1400
2026-07-16 09:38:30.792,NVDA,199.83,199.81,2500,199.8,300,199.79,5000,199.78,1500,199.77,1200,199.85,900,199.86,1400,199.87,900,199.88,3500,199.89,800
2026-07-16 09:38:31.136,NVDA,199.81,199.79,500,199.78,2700,199.77,2400,199.76,1100,199.75,4100,199.83,3800,199.84,2800,199.85,4800,199.86,3100,199.87,700
2026-07-16 09:38:31.232,NVDA,199.82,199.8,4200,199.79,100,199.78,4000,199.77,400,199.76,400,199.84,4300,199.85,1800,199.86,3700,199.87,600,199.88,2700
2026-07-16 09:38:31.391,NVDA,199.83,199.81,3700,199.8,4200,199.79,2000,199.78,4100,199.77,4300,199.85,3600,199.86,2300,199.87,3300,199.88,2600,199.89,3800
2026-07-16 09:38:31.807,NVDA,199.82,199.8,3500,199.79,4200,199.78,2500,199.77,2100,199.76,2900,199.84,1700,199.85,900,199.86,3100,199.87,700,199.88,2900
2026-07-16 09:38:32.246,NVDA,199.8,199.78,3600,199.77,200,199.76,2100,199.75,1900,199.74,3900,199.82,2600,199.83,3500,199.84,1600,199.85,4100,199.86,2200
2026-07-16 09:38:32.675,NVDA,199.78,199.76,200,199.75,2300,199.74,4600,199.73,2500,199.72,1200,199.8,1000,199.81,3200,199.82,2100,199.83,300,199.84,4000
2026-07-16 09:38:32.993,NVDA,199.78,199.76,2800,199.75,4800,199.74,1800,199.73,4200,199.72,3400,199.8,4800,199.81,4400,199.82,4200,199.83,2800,199.84,1500
2026-07-16 09:38:33.405,NVDA,199.8,199.78,100,199.77,3000,199.76,800,199.75,4300,199.74,2300,199.82,1100,199.83,800,199.84,3000,199.85,800,199.86,1400
2026-07-16 09:38:33.758,NVDA,199.78,199.76,700,199.75,400,199.74,4700,199.73,4300,199.72,2500,199.8,3900,199.81,1400,199.82,2900,199.83,1800,199.84,3800
2026-07-16 09:38:33.846,NVDA,199.78,199.76,3100,199.75,3300,199.74,1000,199.73,1800,199.72,1000,199.8,2700,199.81,5000,199.82,2900,199.83,800,199.84,3000
2026-07-16 09:38:34.016,NVDA,199.79,199.77,100,199.76,1500,199.75,1700,199.74,4300,199.73,700,199.81,3200,199.82,2200,199.83,2300,199.84,2300,199.85,1800
2026-07-16 09:38:34.302,NVDA,199.8,199.78,1100,199.77,400,199.76,4300,199.75,2400,199.74,3000,199.82,4400,199.83,100,199.84,3900,199.85,2100,199.86,600
2026-07-16 09:38:34.456,NVDA,199.81,199.79,3500,199.78,2900,199.77,2500,199.76,4700,199.75,2700,199.83,1900,199.84,2900,199.85,4400,199.86,2200,199.87,3800
2026-07-16 09:38:34.698,NVDA,199.82,199.8,1700,199.79,4400,199.78,3200,199.77,3400,199.76,4600,199.84,2800,199.85,1700,199.86,1900,199.87,4700,199.88,300
2026-07-16 09:38:35.109,NVDA,199.8,199.78,2200,199.77,2500,199.76,2100,199.75,1600,199.74,1700,199.82,1800,199.83,2800,199.84,700,199.85,2900,199.86,2900
2026-07-16 09:38:35.183,NVDA,199.79,199.77,3100,199.76,3700,199.75,1400,199.74,2400,199.73,2900,199.81,3500,199.82,1400,199.83,1400,199.84,2600,199.85,1300
2026-07-16 09:38:35.488,NVDA,199.78,199.76,100,199.75,1800,199.74,2700,199.73,4700,199.72,3100,199.8,1200,199.81,3200,199.82,1800,199.83,1200,199.84,800
2026-07-16 09:38:35.641,NVDA,199.79,199.77,1600,199.76,2000,199.75,4800,199.74,3600,199.73,4000,199.81,1700,199.82,500,199.83,3900,199.84,2900,199.85,3600
2026-07-16 09:38:35.871,NVDA,199.79,199.77,4000,199.76,4300,199.75,3700,199.74,4400,199.73,200,199.81,2000,199.82,4000,199.83,3100,199.84,3300,199.85,2900
2026-07-16 09:38:36.226,NVDA,199.81,199.79,1200,199.78,300,199.77,2900,199.76,600,199.75,3900,199.83,2100,199.84,2900,199.85,4200,199.86,4900,199.87,4900
2026-07-16 09:38:36.675,NVDA,199.8,199.78,400,199.77,1800,199.76,4100,199.75,1700,199.74,200,199.82,300,199.83,3800,199.84,5000,199.85,4900,199.86,4800
2026-07-16 09:38:36.704,NVDA,199.78,199.76,1500,199.75,4700,199.74,5000,199.73,1900,199.72,4900,199.8,4800,199.81,200,199.82,3000,199.83,500,199.84,4000
2026-07-16 09:38:37.156,NVDA,199.79,199.77,3400,199.76,2400,199.75,1600,199.74,700,199.73,3700,199.81,900,199.82,1300,199.83,800,199.84,2400,199.85,2400
2026-07-16 09:38:37.640,NVDA,199.8,199.78,4400,199.77,2000,199.76,4200,199.75,4000,199.74,500,199.82,2200,199.83,3300,199.84,2900,199.85,4900,199.86,3500
2026-07-16 09:38:37.953,NVDA,199.81,199.79,2800,199.78,4800,199.77,4500,199.76,2500,199.75,3600,199.83,4500,199.84,3100,199.85,2000,199.86,2400,199.87,3800
2026-07-16 09:38:37.996,NVDA,199.8,199.78,3400,199.77,5000,199.76,1700,199.75,2500,199.74,1900,199.82,1100,199.83,2300,199.84,4100,199.85,4600,199.86,3000
2026-07-16 09:38:38.025,NVDA,199.82,199.8,600,199.79,2800,199.78,500,199.77,1400,199.76,3500,199.84,900,199.85,1000,199.86,4900,199.87,4400,199.88,4400
2026-07-16 09:38:38.426,NVDA,199.8,199.78,3300,199.77,3000,199.76,3700,199.75,4500,199.74,4900,199.82,2600,199.83,100,199.84,1400,199.85,2200,199.86,100
2026-07-16 09:38:38.921,NVDA,199.79,199.77,200,199.76,4100,199.75,4400,199.74,2600,199.73,4700,199.81,1300,199.82,1100,199.83,4300,199.84,400,199.85,300
2026-07-16 09:38:39.104,NVDA,199.79,199.77,2100,199.76,3300,199.75,2800,199.74,2300,199.73,2700,199.81,4500,199.82,4800,199.83,2800,199.84,3200,199.85,1400
2026-07-16 09:38:39.439,NVDA,199.77,199.75,4100,199.74,2400,199.73,1300,199.72,3500,199.71,1600,199.79,800,199.8,2800,199.81,2700,199.82,5000,199.83,2300
2026-07-16 09:38:39.722,NVDA,199.77,199.75,1200,199.74,3200,199.73,2300,199.72,400,199.71,4600,199.79,4600,199.8,4900,199.81,2300,199.82,3500,199.83,3100
2026-07-16 09:38:40.139,NVDA,199.77,199.75,800,199.74,1500,199.73,3600,199.72,2000,199.71,4500,199.79,1300,199.8,4600,199.81,4800,199.82,1700,199.83,800
2026-07-16 09:38:40.398,NVDA,199.78,199.76,400,199.75,2800,199.74,3300,199.73,900,199.72,1200,199.8,1200,199.81,3600,199.82,2400,199.83,4500,199.84,4000
2026-07-16 09:38:40.542,NVDA,199.78,199.76,2300,199.75,4100,199.74,2000,199.73,4600,199.72,4200,199.8,3400,199.81,3800,199.82,2100,199.83,2200,199.84,1700
2026-07-16 09:38:40.831,NVDA,199.8,199.78,3000,199.77,500,199.76,4400,199.75,4600,199.74,3800,199.82,300,199.83,1300,199.84,3100,199.85,1700,199.86,2300
2026-07-16 09:38:40.933,NVDA,199.8,199.78,2500,199.77,4000,199.76,2400,199.75,2300,199.74,1800,199.82,100,199.83,4800,199.84,1100,199.85,200,199.86,2900
2026-07-16 09:38:41.179,NVDA,199.81,199.79,1200,199.78,100,199.77,2900,199.76,1800,199.75,3500,199.83,3900,199.84,3200,199.85,800,199.86,200,199.87,4700
2026-07-16 09:38:41.419,NVDA,199.81,199.79,3600,199.78,2300,199.77,300,199.76,600,199.75,3800,199.83,3700,199.84,4200,199.85,900,199.86,2400,199.87,4900
2026-07-16 09:38:41.508,NVDA,199.81,199.79,2000,199.78,100,199.77,1100,199.76,1100,199.75,3100,199.83,3400,199.84,3400,199.85,1000,199.86,1800,199.87,1300
2026-07-16 09:38:41.888,NVDA,199.8,199.78,2900,199.77,4500,199.76,4000,199.75,1000,199.74,2800,199.82,1400,199.83,3500,199.84,4100,199.85,1400,199.86,100
2026-07-16 09:38:42.204,NVDA,199.81,199.79,200,199.78,600,199.77,1600,199.76,2700,199.75,3400,199.83,3800,199.84,2900,199.85,4800,199.86,3800,199.87,300
2026-07-16 09:38:42.278,NVDA,199.81,199.79,1700,199.78,4200,199.77,1800,199.76,1800,199.75,1100,199.83,2400,199.84,4700,199.85,1400,199.86,1900,199.87,400
2026-07-16 09:38:42.677,NVDA,199.82,199.8,3000,199.79,3600,199.78,3300,199.77,3300,199.76,2500,199.84,2600,199.85,4300,199.86,1600,199.87,2300,199.88,2200
2026-07-16 09:38:43.054,NVDA,199.83,199.81,1600,199.8,500,199.79,3200,199.78,3200,199.77,1800,199.85,2600,199.86,1500,199.87,600,199.88,400,199.89,3000
2026-07-16 09:38:43.276,NVDA,199.83,199.81,3200,199.8,1000,199.79,3500,199.78,4800,199.77,3300,199.85,5000,199.86,4500,199.87,1300,199.88,4200,199.89,4400
2026-07-16 09:38:43.564,NVDA,199.84,199.82,100,199.81,2000,199.8,400,199.79,600,199.78,2100,199.86,3600,199.87,3300,199.88,4400,199.89,3400,199.9,4300
2026-07-16 09:38:43.936,NVDA,199.85,199.83,4700,199.82,4100,199.81,1000,199.8,2600,199.79,1600,199.87,600,199.88,3000,199.89,4800,199.9,400,199.91,4400
2026-07-16 09:38:44.342,NVDA,199.84,199.82,2800,199.81,3300,199.8,300,199.79,2200,199.78,1300,199.86,4700,199.87,4600,199.88,100,199.89,3500,199.9,2800
2026-07-16 09:38:44.656,NVDA,199.82,199.8,3300,199.79,200,199.78,4800,199.77,4300,199.76,2600,199.84,2500,199.85,4700,199.86,2100,199.87,400,199.88,3200
2026-07-16 09:38:44.925,NVDA,199.84,199.82,4300,199.81,4200,199.8,1200,199.79,500,199.78,3000,199.86,3400,199.87,4300,199.88,3400,199.89,100,199.9,2200
2026-07-16 09:38:45.352,NVDA,199.83,199.81,4200,199.8,4200,199.79,1000,199.78,3100,199.77,1600,199.85,2800,199.86,1700,199.87,4700,199.88,3300,199.89,3200
2026-07-16 09:38:45.467,NVDA,199.85,199.83,600,199.82,3800,199.81,2500,199.8,3800,199.79,1500,199.87,1900,199.88,300,199.89,1100,199.9,2000,199.91,2500
2026-07-16 09:38:45.511,NVDA,199.86,199.84,3500,199.83,2600,199.82,500,199.81,500,199.8,4200,199.88,700,199.89,2900,199.9,3300,199.91,2700,199.92,1600
2026-07-16 09:38:45.648,NVDA,199.87,199.85,4100,199.84,2800,199.83,2100,199.82,3300,199.81,1100,199.89,1200,199.9,4400,199.91,1600,199.92,4900,199.93,1800
2026-07-16 09:38:45.797,NVDA,199.88,199.86,2600,199.85,2800,199.84,4200,199.83,3500,199.82,2500,199.9,2700,199.91,300,199.92,200,199.93,100,199.94,2400
2026-07-16 09:38:46.126,NVDA,199.89,199.87,2900,199.86,4600,199.85,4000,199.84,200,199.83,4200,199.91,3900,199.92,300,199.93,2300,199.94,3100,199.95,4700
2026-07-16 09:38:46.196,NVDA,199.89,199.87,1900,199.86,4400,199.85,2700,199.84,3500,199.83,1900,199.91,2000,199.92,3300,199.93,1100,199.94,2000,199.95,4600
2026-07-16 09:38:46.210,NVDA,199.88,199.86,3500,199.85,2600,199.84,600,199.83,4700,199.82,4400,199.9,2000,199.91,300,199.92,4900,199.93,3900,199.94,1100
2026-07-16 09:38:46.455,NVDA,199.88,199.86,800,199.85,3400,199.84,600,199.83,1500,199.82,4700,199.9,1000,199.91,3100,199.92,2200,199.93,4500,199.94,600
2026-07-16 09:38:46.900,NVDA,199.88,199.86,4700,199.85,3800,199.84,4500,199.83,800,199.82,2800,199.9,2300,199.91,2400,199.92,1200,199.93,2600,199.94,3800
2026-07-16 09:38:47.260,NVDA,199.9,199.88,2200,199.87,3400,199.86,1300,199.85,4900,199.84,2000,199.92,900,199.93,3100,199.94,3300,199.95,1500,199.96,3400
2026-07-16 09:38:47.507,NVDA,199.88,199.86,2100,199.85,700,199.84,1900,199.83,1200,199.82,300,199.9,2600,199.91,1100,199.92,800,199.93,400,199.94,1400
2026-07-16 09:38:47.557,NVDA,199.87,199.85,4500,199.84,1400,199.83,100,199.82,1000,199.81,4500,199.89,4000,199.9,4600,199.91,3500,199.92,600,199.93,4900
2026-07-16 09:38:47.853,NVDA,199.85,199.83,4700,199.82,1500,199.81,2100,199.8,300,199.79,4600,199.87,500,199.88,3300,199.89,1000,199.9,3500,199.91,2800
2026-07-16 09:38:48.119,NVDA,199.86,199.84,2200,199.83,1700,199.82,1700,199.81,400,199.8,3600,199.88,1400,199.89,1700,199.9,600,199.91,800,199.92,100
2026-07-16 09:38:48.516,NVDA,199.85,199.83,4900,199.82,3300,199.81,3500,199.8,2700,199.79,1200,199.87,800,199.88,2700,199.89,700,199.9,4000,199.91,700
2026-07-16 09:38:48.768,NVDA,199.85,199.83,1700,199.82,4300,199.81,3600,199.8,3400,199.79,4500,199.87,3900,199.88,5000,199.89,800,199.9,2400,199.91,2100
2026-07-16 09:38:48.986,NVDA,199.84,199.82,2100,199.81,2100,199.8,1600,199.79,300,199.78,3500,199.86,3400,199.87,4100,199.88,1700,199.89,4400,199.9,100
2026-07-16 09:38:49.122,NVDA,199.84,199.82,4100,199.81,1700,199.8,4300,199.79,500,199.78,3800,199.86,500,199.87,1100,199.88,4400,199.89,3900,199.9,500
2026-07-16 09:38:49.608,NVDA,199.84,199.82,2300,199.81,1600,199.8,4000,199.79,4400,199.78,4800,199.86,300,199.87,4200,199.88,3600,199.89,700,199.9,2400
2026-07-16 09:38:49.865,NVDA,199.84,199.82,400,199.81,700,199.8,1000,199.79,4300,199.78,2400,199.86,1600,199.87,1800,199.88,600,199.89,3200,199.9,2000
2026-07-16 09:38:50.040,NVDA,199.82,199.8,4700,199.79,1200,199.78,2400,199.77,1000,199.76,1700,199.84,3200,199.85,4100,199.86,1900,199.87,3800,199.88,1800
2026-07-16 09:38:50.150,NVDA,199.82,199.8,2900,199.79,2800,199.78,3100,199.77,1800,199.76,3100,199.84,2500,199.85,1400,199.86,3200,199.87,4800,199.88,3500
2026-07-16 09:38:50.234,NVDA,199.8,199.78,2700,199.77,4400,199.76,1300,199.75,3800,199.74,2500,199.82,2700,199.83,3200,199.84,2600,199.85,2500,199.86,2100
2026-07-16 09:38:50.731,NVDA,199.82,199.8,4500,199.79,3600,199.78,3200,199.77,4300,199.76,400,199.84,2800,199.85,800,199.86,4200,199.87,4300,199.88,3200
2026-07-16 09:38:51.043,NVDA,199.83,199.81,3300,199.8,2900,199.79,3900,199.78,2600,199.77,2400,199.85,700,199.86,4900,199.87,3200,199.88,3800,199.89,4600
2026-07-16 09:38:51.280,NVDA,199.85,199.83,4200,199.82,3300,199.81,1500,199.8,4100,199.79,4900,199.87,3900,199.88,1900,199.89,1500,199.9,4100,199.91,200
2026-07-16 09:38:51.406,NVDA,199.86,199.84,500,199.83,4500,199.82,3300,199.81,1300,199.8,3700,199.88,4500,199.89,4200,199.9,5000,199.91,4800,199.92,2000
2026-07-16 09:38:51.676,NVDA,199.86,199.84,1300,199.83,3100,199.82,3700,199.81,4200,199.8,5000,199.88,3900,199.89,3900,199.9,1600,199.91,200,199.92,3200
2026-07-16 09:38:52.109,NVDA,199.87,199.85,3600,199.84,1500,199.83,4600,199.82,3000,199.81,700,199.89,100,199.9,4500,199.91,2100,199.92,2300,199.93,2300
2026-07-16 09:38:52.396,NVDA,199.87,199.85,2700,199.84,3800,199.83,1800,199.82,2400,199.81,1000,199.89,3800,199.9,800,199.91,1900,199.92,2000,199.93,3500
2026-07-16 09:38:52.777,NVDA,199.89,199.87,1300,199.86,700,199.85,5000,199.84,4000,199.83,3000,199.91,1000,199.92,4300,199.93,5000,199.94,4200,199.95,1900
2026-07-16 09:38:53.016,NVDA,199.91,199.89,4800,199.88,3100,199.87,3700,199.86,100,199.85,3100,199.93,3900,199.94,2600,199.95,2400,199.96,3200,199.97,2200
2026-07-16 09:38:53.325,NVDA,199.92,199.9,2000,199.89,2900,199.88,1500,199.87,3500,199.86,4100,199.94,300,199.95,1500,199.96,1400,199.97,2700,199.98,700
2026-07-16 09:38:53.377,NVDA,199.93,199.91,600,199.9,4900,199.89,2300,199.88,600,199.87,3900,199.95,4800,199.96,3000,199.97,1900,199.98,3800,199.99,3600
2026-07-16 09:38:53.575,NVDA,199.93,199.91,2800,199.9,100,199.89,3600,199.88,1500,199.87,400,199.95,1800,199.96,1200,199.97,500,199.98,3900,199.99,3300
2026-07-16 09:38:53.609,NVDA,199.93,199.91,3700,199.9,4100,199.89,1500,199.88,3200,199.87,2100,199.95,3100,199.96,2800,199.97,500,199.98,3300,199.99,2800
2026-07-16 09:38:53.690,NVDA,199.93,199.91,2000,199.9,1200,199.89,400,199.88,900,199.87,4800,199.95,4700,199.96,4700,199.97,200,199.98,4800,199.99,3700
2026-07-16 09:38:53.905,NVDA,199.91,199.89,2800,199.88,1400,199.87,500,199.86,1200,199.85,2100,199.93,2000,199.94,3700,199.95,4000,199.96,2800,199.97,4100
2026-07-16 09:38:54.110,NVDA,199.93,199.91,2500,199.9,3800,199.89,2500,199.88,1100,199.87,1900,199.95,2200,199.96,3100,199.97,1100,199.98,4800,199.99,1600
2026-07-16 09:38:54.215,NVDA,199.92,199.9,2600,199.89,2300,199.88,2400,199.87,3600,199.86,2300,199.94,3400,199.95,100,199.96,3300,199.97,4700,199.98,2700
2026-07-16 09:38:54.537,NVDA,199.94,199.92,2300,199.91,3900,199.9,3700,199.89,4700,199.88,1600,199.96,3100,199.97,200,199.98,4300,199.99,3200,200.0,4100
2026-07-16 09:38:54.661,NVDA,199.93,199.91,1800,199.9,2300,199.89,4200,199.88,1700,199.87,2400,199.95,700,199.96,1700,199.97,2000,199.98,1000,199.99,500
2026-07-16 09:38:54.829,NVDA,199.92,199.9,1900,199.89,4900,199.88,1600,199.87,4500,199.86,3100,199.94,5000,199.95,1000,199.96,1800,199.97,1600,199.98,4100
2026-07-16 09:38:55.185,NVDA,199.91,199.89,4000,199.88,400,199.87,2800,199.86,3900,199.85,4200,199.93,3200,199.94,100,199.95,100,199.96,3900,199.97,3200
2026-07-16 09:38:55.399,NVDA,199.93,199.91,3300,199.9,1800,199.89,4700,199.88,4900,199.87,500,199.95,3400,199.96,1000,199.97,700,199.98,600,199.99,3300
2026-07-16 09:38:55.539,NVDA,199.91,199.89,4300,199.88,3400,199.87,3300,199.86,3000,199.85,400,199.93,2100,199.94,2600,199.95,4500,199.96,3000,199.97,4300
2026-07-16 09:38:55.714,NVDA,199.91,199.89,1000,199.88,1800,199.87,2800,199.86,3200,199.85,2400,199.93,1300,199.94,1500,199.95,700,199.96,1400,199.97,4300
2026-07-16 09:38:55.924,NVDA,199.93,199.91,3000,199.9,4600,199.89,3300,199.88,1600,199.87,1400,199.95,900,199.96,700,199.97,1700,199.98,1700,199.99,3700
2026-07-16 09:38:56.173,NVDA,199.94,199.92,300,199.91,2900,199.9,200,199.89,4300,199.88,4200,199.96,1700,199.97,2300,199.98,2500,199.99,2700,200.0,3000
2026-07-16 09:38:56.663,NVDA,199.94,199.92,4900,199.91,200,199.9,1100,199.89,3200,199.88,3000,199.96,1600,199.97,4200,199.98,2800,199.99,2800,200.0,3800
2026-07-16 09:38:56.742,NVDA,199.94,199.92,2100,199.91,4500,199.9,2400,199.89,100,199.88,400,199.96,3700,199.97,3300,199.98,1800,199.99,2300,200.0,3200
2026-07-16 09:38:56.917,NVDA,199.93,199.91,1100,199.9,600,199.89,3300,199.88,1300,199.87,2000,199.95,2500,199.96,1100,199.97,1700,199.98,5000,199.99,4400
2026-07-16 09:38:57.102,NVDA,199.91,199.89,3900,199.88,1200,199.87,2300,199.86,800,199.85,4100,199.93,2700,199.94,300,199.95,2900,199.96,2600,199.97,1200
2026-07-16 09:38:57.430,NVDA,199.9,199.88,4400,199.87,1200,199.86,1000,199.85,800,199.84,2500,199.92,700,199.93,4400,199.94,900,199.95,1700,199.96,4200
2026-07-16 09:38:57.753,NVDA,199.88,199.86,300,199.85,200,199.84,1500,199.83,4000,199.82,5000,199.9,2500,199.91,700,199.92,3900,199.93,4700,199.94,3000
2026-07-16 09:38:58.114,NVDA,199.86,199.84,5000,199.83,4700,199.82,3300,199.81,3100,199.8,5000,199.88,2500,199.89,2200,199.9,1500,199.91,2000,199.92,2800
2026-07-16 09:38:58.326,NVDA,199.85,199.83,1200,199.82,3200,199.81,1600,199.8,100,199.79,3100,199.87,4800,199.88,2000,199.89,3100,199.9,3400,199.91,100
2026-07-16 09:38:58.435,NVDA,199.85,199.83,3700,199.82,3600,199.81,1600,199.8,3100,199.79,4400,199.87,3400,199.88,2200,199.89,4800,199.9,2200,199.91,3700
2026-07-16 09:38:58.746,NVDA,199.86,199.84,1900,199.83,1100,199.82,2400,199.81,3100,199.8,2200,199.88,4400,199.89,4300,199.9,500,199.91,1600,199.92,5000
2026-07-16 09:38:59.087,NVDA,199.85,199.83,2400,199.82,3700,199.81,3600,199.8,4900,199.79,2500,199.87,3900,199.88,3100,199.89,2900,199.9,4500,199.91,2900
2026-07-16 09:38:59.405,NVDA,199.86,199.84,4000,199.83,3800,199.82,2700,199.81,2400,199.8,3400,199.88,2300,199.89,2800,199.9,1400,199.91,4500,199.92,3700
2026-07-16 09:38:59.704,NVDA,199.87,199.85,500,199.84,4000,199.83,5000,199.82,4800,199.81,3500,199.89,3600,199.9,2800,199.91,1700,199.92,4600,199.93,3600
2026-07-16 09:38:59.732,NVDA,199.89,199.87,1700,199.86,3300,199.85,1000,199.84,4500,199.83,100,199.91,4800,199.92,1100,199.93,700,199.94,3300,199.95,600
2026-07-16 09:38:59.968,NVDA,199.9,199.88,1100,199.87,3000,199.86,3900,199.85,2400,199.84,4300,199.92,1000,199.93,4800,199.94,4700,199.95,2300,199.96,3100
2026-07-16 09:39:00.043,NVDA,199.89,199.87,3700,199.86,900,199.85,2300,199.84,3600,199.83,1400,199.91,3700,199.92,3600,199.93,4100,199.94,2600,199.95,4400
2026-07-16 09:39:00.314,NVDA,199.88,199.86,700,199.85,1100,199.84,4400,199.83,1000,199.82,4500,199.9,1600,199.91,300,199.92,3700,199.93,3400,199.94,3700
2026-07-16 09:39:00.680,NVDA,199.87,199.85,700,199.84,600,199.83,3100,199.82,1000,199.81,1700,199.89,1800,199.9,4000,199.91,1400,199.92,700,199.93,2000
2026-07-16 09:39:01.007,NVDA,199.88,199.86,1600,199.85,1400,199.84,3800,199.83,4300,199.82,3100,199.9,800,199.91,3200,199.92,700,199.93,100,199.94,2000
2026-07-16 09:39:01.418,NVDA,199.86,199.84,1600,199.83,4100,199.82,4300,199.81,3700,199.8,3500,199.88,5000,199.89,4800,199.9,2500,199.91,400,199.92,2400
2026-07-16 09:39:01.742,NVDA,199.84,199.82,4200,199.81,5000,199.8,600,199.79,3700,199.78,100,199.86,4100,199.87,2000,199.88,3600,199.89,3200,199.9,2800
2026-07-16 09:39:01.834,NVDA,199.85,199.83,3900,199.82,1600,199.81,700,199.8,4000,199.79,3100,199.87,2800,199.88,2300,199.89,700,199.9,700,199.91,2500
2026-07-16 09:39:01.917,NVDA,199.86,199.84,4700,199.83,5000,199.82,4400,199.81,4700,199.8,3100,199.88,300,199.89,2700,199.9,4000,199.91,2900,199.92,1700
2026-07-16 09:39:02.325,NVDA,199.88,199.86,1000,199.85,1600,199.84,2800,199.83,2000,199.82,700,199.9,700,199.91,3300,199.92,4100,199.93,4600,199.94,3500
2026-07-16 09:39:02.497,NVDA,199.87,199.85,300,199.84,1700,199.83,3100,199.82,2200,199.81,2300,199.89,2200,199.9,4200,199.91,2900,199.92,300,199.93,3600
2026-07-16 09:39:02.803,NVDA,199.89,199.87,1400,199.86,200,199.85,3100,199.84,2500,199.83,2400,199.91,3600,199.92,4700,199.93,2700,199.94,4400,199.95,4100
2026-07-16 09:39:03.201,NVDA,199.9,199.88,1100,199.87,3100,199.86,4100,199.85,4900,199.84,3400,199.92,4900,199.93,3000,199.94,1000,199.95,2100,199.96,3100
2026-07-16 09:39:03.252,NVDA,199.89,199.87,4100,199.86,3900,199.85,3900,199.84,2900,199.83,2300,199.91,2100,199.92,600,199.93,4300,199.94,4100,199.95,3900
2026-07-16 09:39:03.503,NVDA,199.87,199.85,3000,199.84,3000,199.83,4100,199.82,3000,199.81,1100,199.89,2900,199.9,4000,199.91,3300,199.92,500,199.93,800
2026-07-16 09:39:03.963,NVDA,199.89,199.87,1800,199.86,5000,199.85,200,199.84,1200,199.83,4500,199.91,4200,199.92,1500,199.93,1200,199.94,4500,199.95,200
2026-07-16 09:39:04.279,NVDA,199.91,199.89,4400,199.88,4000,199.87,400,199.86,1300,199.85,3300,199.93,2000,199.94,600,199.95,4600,199.96,1600,199.97,3600
2026-07-16 09:39:04.304,NVDA,199.92,199.9,2800,199.89,400,199.88,1300,199.87,2400,199.86,4900,199.94,4500,199.95,4600,199.96,5000,199.97,3800,199.98,2400
2026-07-16 09:39:04.422,NVDA,199.9,199.88,400,199.87,3100,199.86,3700,199.85,100,199.84,3100,199.92,3800,199.93,900,199.94,1000,199.95,400,199.96,1400
2026-07-16 09:39:04.580,NVDA,199.91,199.89,1300,199.88,3300,199.87,4600,199.86,1900,199.85,2300,199.93,4000,199.94,800,199.95,200,199.96,3600,199.97,1400
2026-07-16 09:39:05.014,NVDA,199.89,199.87,100,199.86,100,199.85,800,199.84,2700,199.83,3300,199.91,1600,199.92,3400,199.93,200,199.94,800,199.95,4100
2026-07-16 09:39:05.300,NVDA,199.9,199.88,800,199.87,1400,199.86,600,199.85,2600,199.84,400,199.92,4700,199.93,4300,199.94,1700,199.95,1000,199.96,2200
2026-07-16 09:39:05.778,NVDA,199.91,199.89,800,199.88,2800,199.87,1900,199.86,4500,199.85,4300,199.93,1500,199.94,500,199.95,4000,199.96,400,199.97,200
2026-07-16 09:39:06.109,NVDA,199.9,199.88,2300,199.87,1300,199.86,1800,199.85,200,199.84,2700,199.92,4000,199.93,4100,199.94,400,199.95,1400,199.96,2100
2026-07-16 09:39:06.253,NVDA,199.92,199.9,2700,199.89,1900,199.88,1700,199.87,1200,199.86,500,199.94,3900,199.95,4400,199.96,4200,199.97,3500,199.98,2600
2026-07-16 09:39:06.613,NVDA,199.93,199.91,600,199.9,800,199.89,3500,199.88,5000,199.87,3300,199.95,1700,199.96,4200,199.97,4900,199.98,400,199.99,600
2026-07-16 09:39:06.885,NVDA,199.92,199.9,1400,199.89,3800,199.88,2700,199.87,3200,199.86,4900,199.94,2100,199.95,1200,199.96,1600,199.97,2600,199.98,2800
2026-07-16 09:39:06.944,NVDA,199.92,199.9,600,199.89,2800,199.88,4100,199.87,3900,199.86,600,199.94,1700,199.95,2700,199.96,3900,199.97,2000,199.98,500
2026-07-16 09:39:07.403,NVDA,199.9,199.88,2100,199.87,3700,199.86,100,199.85,1000,199.84,1200,199.92,4100,199.93,4900,199.94,700,199.95,2600,199.96,1000
2026-07-16 09:39:07.602,NVDA,199.92,199.9,100,199.89,2000,199.88,4600,199.87,1200,199.86,1900,199.94,2400,199.95,2000,199.96,4600,199.97,2100,199.98,3000
2026-07-16 09:39:07.651,NVDA,199.91,199.89,4300,199.88,1800,199.87,3100,199.86,2900,199.85,400,199.93,1200,199.94,3000,199.95,1600,199.96,5000,199.97,2700
2026-07-16 09:39:07.966,NVDA,199.93,199.91,2100,199.9,4800,199.89,700,199.88,2000,199.87,3700,199.95,300,199.96,2300,199.97,2400,199.98,3200,199.99,2500
2026-07-16 09:39:08.048,NVDA,199.93,199.91,2100,199.9,1400,199.89,4500,199.88,3900,199.87,4400,199.95,2700,199.96,3300,199.97,4500,199.98,2700,199.99,2100
2026-07-16 09:39:08.352,NVDA,199.93,199.91,1100,199.9,2500,199.89,600,199.88,2700,199.87,1200,199.95,800,199.96,1200,199.97,2900,199.98,3700,199.99,1300
2026-07-16 09:39:08.836,NVDA,199.92,199.9,3700,199.89,4700,199.88,2400,199.87,5000,199.86,4200,199.94,4800,199.95,1100,199.96,1100,199.97,1500,199.98,1700
2026-07-16 09:39:08.919,NVDA,199.94,199.92,2200,199.91,3100,199.9,2600,199.89,3400,199.88,4400,199.96,200,199.97,100,199.98,4500,199.99,2100,200.0,4100
2026-07-16 09:39:09.188,NVDA,199.92,199.9,3700,199.89,100,199.88,900,199.87,900,199.86,4900,199.94,200,199.95,700,199.96,2200,199.97,700,199.98,600
2026-07-16 09:39:09.662,NVDA,199.93,199.91,4500,199.9,4600,199.89,5000,199.88,3600,199.87,1300,199.95,1500,199.96,1000,199.97,1300,199.98,700,199.99,3000
2026-07-16 09:39:09.866,NVDA,199.93,199.91,200,199.9,2800,199.89,700,199.88,2700,199.87,1000,199.95,1600,199.96,2800,199.97,4200,199.98,600,199.99,2500
2026-07-16 09:39:10.312,NVDA,199.93,199.91,4900,199.9,300,199.89,5000,199.88,2300,199.87,100,199.95,900,199.96,1700,199.97,2700,199.98,2500,199.99,3600
2026-07-16 09:39:10.621,NVDA,199.91,199.89,3200,199.88,4500,199.87,700,199.86,4000,199.85,4000,199.93,3100,199.94,1800,199.95,2600,199.96,1800,199.97,2300
2026-07-16 09:39:10.791,NVDA,199.93,199.91,3300,199.9,1600,199.89,3900,199.88,2600,199.87,3400,199.95,4400,199.96,4700,199.97,300,199.98,3500,199.99,2700
2026-07-16 09:39:11.230,NVDA,199.92,199.9,4600,199.89,3700,199.88,4500,199.87,1000,199.86,1900,199.94,2000,199.95,5000,199.96,4700,199.97,4400,199.98,2600
2026-07-16 09:39:11.704,NVDA,199.92,199.9,1400,199.89,4700,199.88,2800,199.87,4800,199.86,3000,199.94,3800,199.95,900,199.96,2900,199.97,2500,199.98,2100
2026-07-16 09:39:11.841,NVDA,199.93,199.91,4700,199.9,2200,199.89,100,199.88,4300,199.87,200,199.95,100,199.96,1300,199.97,300,199.98,2900,199.99,3000
2026-07-16 09:39:12.336,NVDA,199.92,199.9,2400,199.89,600,199.88,900,199.87,3100,199.86,2100,199.94,4800,199.95,900,199.96,4700,199.97,1200,199.98,4100
2026-07-16 09:39:12.442,NVDA,199.91,199.89,400,199.88,700,199.87,600,199.86,1500,199.85,5000,199.93,2100,199.94,4400,199.95,2800,199.96,3700,199.97,3700
2026-07-16 09:39:12.592,NVDA,199.91,199.89,2200,199.88,2900,199.87,3200,199.86,1100,199.85,4900,199.93,3800,199.94,2500,199.95,600,199.96,700,199.97,500
2026-07-16 09:39:13.043,NVDA,199.89,199.87,2600,199.86,4300,199.85,3200,199.84,800,199.83,1000,199.91,2400,199.92,500,199.93,2700,199.94,2000,199.95,300
2026-07-16 09:39:13.378,NVDA,199.9,199.88,2500,199.87,2800,199.86,1000,199.85,4000,199.84,2900,199.92,1100,199.93,4600,199.94,1800,199.95,200,199.96,3400
2026-07-16 09:39:13.577,NVDA,199.9,199.88,500,199.87,2800,199.86,2300,199.85,3000,199.84,2100,199.92,100,199.93,1800,199.94,900,199.95,2000,199.96,1400
2026-07-16 09:39:13.623,NVDA,199.9,199.88,1100,199.87,1300,199.86,2600,199.85,100,199.84,1700,199.92,2500,199.93,500,199.94,1300,199.95,3900,199.96,1300
2026-07-16 09:39:14.083,NVDA,199.91,199.89,700,199.88,3100,199.87,3900,199.86,3900,199.85,2300,199.93,600,199.94,2100,199.95,2700,199.96,3300,199.97,3300
2026-07-16 09:39:14.266,NVDA,199.93,199.91,1000,199.9,1500,199.89,2900,199.88,4300,199.87,2700,199.95,800,199.96,3200,199.97,3000,199.98,3900,199.99,3500
2026-07-16 09:39:14.286,NVDA,199.95,199.93,3200,199.92,3900,199.91,4300,199.9,5000,199.89,1300,199.97,1700,199.98,200,199.99,3000,200.0,1800,200.01,4000
2026-07-16 09:39:14.544,NVDA,199.93,199.91,2800,199.9,1200,199.89,4300,199.88,1500,199.87,1000,199.95,2800,199.96,100,199.97,2800,199.98,4500,199.99,2300
2026-07-16 09:39:14.646,NVDA,199.92,199.9,2600,199.89,1600,199.88,4800,199.87,4900,199.86,300,199.94,2400,199.95,3800,199.96,4700,199.97,2900,199.98,3500
2026-07-16 09:39:14.810,NVDA,199.9,199.88,2700,199.87,600,199.86,3500,199.85,700,199.84,1100,199.92,2900,199.93,4400,199.94,5000,199.95,1700,199.96,2100
2026-07-16 09:39:14.977,NVDA,199.88,199.86,4500,199.85,2600,199.84,4600,199.83,1400,199.82,2900,199.9,4600,199.91,2200,199.92,2900,199.93,2100,199.94,3700
2026-07-16 09:39:15.059,NVDA,199.9,199.88,1400,199.87,4900,199.86,3500,199.85,2700,199.84,1900,199.92,4100,199.93,4100,199.94,1200,199.95,3000,199.96,4500
2026-07-16 09:39:15.367,NVDA,199.92,199.9,3600,199.89,1000,199.88,3000,199.87,3700,199.86,1500,199.94,2100,199.95,1800,199.96,3500,199.97,2000,199.98,4800
2026-07-16 09:39:15.718,NVDA,199.92,199.9,4300,199.89,1400,199.88,1000,199.87,2800,199.86,900,199.94,3200,199.95,2400,199.96,4900,199.97,4900,199.98,4400
2026-07-16 09:39:16.182,NVDA,199.9,199.88,3900,199.87,1300,199.86,1900,199.85,700,199.84,3400,199.92,1800,199.93,3300,199.94,1500,199.95,1100,199.96,4300
2026-07-16 09:39:16.445,NVDA,199.92,199.9,2000,199.89,2000,199.88,4800,199.87,2800,199.86,4000,199.94,900,199.95,1500,199.96,1300,199.97,1100,199.98,3700
2026-07-16 09:39:16.634,NVDA,199.93,199.91,4500,199.9,1900,199.89,3800,199.88,2700,199.87,3300,199.95,2500,199.96,2500,199.97,1800,199.98,2900,199.99,1700
2026-07-16 09:39:17.101,NVDA,199.91,199.89,600,199.88,3000,199.87,3600,199.86,800,199.85,2200,199.93,4000,199.94,100,199.95,2100,199.96,900,199.97,2100
2026-07-16 09:39:17.328,NVDA,199.89,199.87,4600,199.86,800,199.85,2100,199.84,3400,199.83,3500,199.91,3900,199.92,3200,199.93,4400,199.94,3200,199.95,4700
2026-07-16 09:39:17.471,NVDA,199.91,199.89,900,199.88,4100,199.87,2200,199.86,2000,199.85,600,199.93,3100,199.94,100,199.95,4600,199.96,2500,199.97,2400
2026-07-16 09:39:17.779,NVDA,199.89,199.87,1400,199.86,3900,199.85,3700,199.84,4300,199.83,3400,199.91,4400,199.92,1200,199.93,4600,199.94,4000,199.95,3400
2026-07-16 09:39:18.244,NVDA,199.9,199.88,3900,199.87,2600,199.86,900,199.85,900,199.84,900,199.92,1300,199.93,600,199.94,2600,199.95,3600,199.96,1200
2026-07-16 09:39:18.697,NVDA,199.89,199.87,2100,199.86,800,199.85,4500,199.84,4200,199.83,4400,199.91,2500,199.92,1600,199.93,600,199.94,3000,199.95,3600
2026-07-16 09:39:19.165,NVDA,199.88,199.86,300,199.85,100,199.84,700,199.83,700,199.82,3300,199.9,300,199.91,400,199.92,900,199.93,700,199.94,3600
2026-07-16 09:39:19.581,NVDA,199.87,199.85,1000,199.84,3900,199.83,4000,199.82,2300,199.81,1000,199.89,400,199.9,1300,199.91,1800,199.92,600,199.93,2300
2026-07-16 09:39:19.645,NVDA,199.86,199.84,2700,199.83,4400,199.82,1600,199.81,4600,199.8,400,199.88,4300,199.89,3700,199.9,2000,199.91,1500,199.92,600
2026-07-16 09:39:20.084,NVDA,199.87,199.85,4400,199.84,1500,199.83,4200,199.82,3800,199.81,600,199.89,700,199.9,1200,199.91,4400,199.92,900,199.93,1700
2026-07-16 09:39:20.445,NVDA,199.86,199.84,4000,199.83,800,199.82,400,199.81,4200,199.8,4600,199.88,4300,199.89,1300,199.9,3300,199.91,2000,199.92,3900
2026-07-16 09:39:20.593,NVDA,199.84,199.82,100,199.81,4100,199.8,100,199.79,2300,199.78,5000,199.86,3400,199.87,4500,199.88,4000,199.89,4500,199.9,1400
2026-07-16 09:39:20.990,NVDA,199.82,199.8,3900,199.79,3200,199.78,1800,199.77,2700,199.76,3200,199.84,1400,199.85,3800,199.86,2000,199.87,1700,199.88,4200
2026-07-16 09:39:21.036,NVDA,199.82,199.8,4900,199.79,3900,199.78,2700,199.77,3200,199.76,3100,199.84,500,199.85,4600,199.86,4700,199.87,5000,199.88,4700
2026-07-16 09:39:21.217,NVDA,199.84,199.82,2800,199.81,200,199.8,3500,199.79,4300,199.78,1100,199.86,3400,199.87,2700,199.88,1100,199.89,3100,199.9,2500
2026-07-16 09:39:21.692,NVDA,199.86,199.84,3300,199.83,3200,199.82,400,199.81,700,199.8,3800,199.88,900,199.89,1000,199.9,4600,199.91,4400,199.92,3900
2026-07-16 09:39:21.978,NVDA,199.86,199.84,1000,199.83,3400,199.82,1400,199.81,3800,199.8,300,199.88,4000,199.89,1800,199.9,600,199.91,1000,199.92,2200
2026-07-16 09:39:22.379,NVDA,199.87,199.85,1800,199.84,4700,199.83,1100,199.82,300,199.81,1500,199.89,5000,199.9,1400,199.91,1400,199.92,100,199.93,3200
2026-07-16 09:39:22.532,NVDA,199.85,199.83,4800,199.82,1900,199.81,4000,199.8,3900,199.79,2800,199.87,4500,199.88,400,199.89,400,199.9,1900,199.91,4600
2026-07-16 09:39:22.566,NVDA,199.87,199.85,4900,199.84,3000,199.83,2300,199.82,700,199.81,1600,199.89,4500,199.9,300,199.91,800,199.92,1700,199.93,1200
2026-07-16 09:39:22.747,NVDA,199.87,199.85,3600,199.84,600,199.83,3800,199.82,3400,199.81,3100,199.89,3600,199.9,1600,199.91,3900,199.92,1600,199.93,200
2026-07-16 09:39:23.076,NVDA,199.87,199.85,2600,199.84,2500,199.83,4400,199.82,3900,199.81,2100,199.89,3500,199.9,1500,199.91,4700,199.92,1600,199.93,200
2026-07-16 09:39:23.370,NVDA,199.85,199.83,2500,199.82,3200,199.81,2600,199.8,2500,199.79,3400,199.87,2800,199.88,2000,199.89,3500,199.9,2000,199.91,2200
2026-07-16 09:39:23.491,NVDA,199.83,199.81,1900,199.8,1400,199.79,1900,199.78,3800,199.77,3300,199.85,2600,199.86,4000,199.87,1300,199.88,1400,199.89,5000
2026-07-16 09:39:23.523,NVDA,199.82,199.8,600,199.79,2900,199.78,2600,199.77,1600,199.76,2500,199.84,1700,199.85,3300,199.86,200,199.87,4900,199.88,3400
2026-07-16 09:39:23.997,NVDA,199.83,199.81,1600,199.8,4900,199.79,1100,199.78,2500,199.77,2400,199.85,3700,199.86,100,199.87,1000,199.88,4600,199.89,500
2026-07-16 09:39:24.385,NVDA,199.83,199.81,1600,199.8,3700,199.79,3600,199.78,3500,199.77,2700,199.85,600,199.86,3800,199.87,3000,199.88,3600,199.89,600
2026-07-16 09:39:24.543,NVDA,199.84,199.82,3800,199.81,1000,199.8,3400,199.79,100,199.78,3000,199.86,3400,199.87,1500,199.88,4600,199.89,100,199.9,2100
2026-07-16 09:39:24.729,NVDA,199.86,199.84,2600,199.83,700,199.82,4300,199.81,2600,199.8,4900,199.88,3400,199.89,2400,199.9,300,199.91,2000,199.92,4800
2026-07-16 09:39:24.974,NVDA,199.85,199.83,4100,199.82,1300,199.81,2300,199.8,4500,199.79,4500,199.87,3400,199.88,2500,199.89,3300,199.9,3200,199.91,1900
2026-07-16 09:39:25.467,NVDA,199.86,199.84,3500,199.83,4600,199.82,3300,199.81,700,199.8,2000,199.88,4400,199.89,2600,199.9,100,199.91,3100,199.92,4600
2026-07-16 09:39:25.670,NVDA,199.84,199.82,800,199.81,900,199.8,2000,199.79,3200,199.78,3800,199.86,4000,199.87,2300,199.88,500,199.89,1600,199.9,4700
2026-07-16 09:39:25.848,NVDA,199.85,199.83,4600,199.82,3600,199.81,3300,199.8,3700,199.79,3000,199.87,300,199.88,2000,199.89,3600,199.9,5000,199.91,800
2026-07-16 09:39:25.947,NVDA,199.84,199.82,1100,199.81,3900,199.8,3400,199.79,1600,199.78,3300,199.86,3800,199.87,1500,199.88,700,199.89,1300,199.9,3600
2026-07-16 09:39:26.135,NVDA,199.85,199.83,3700,199.82,1600,199.81,700,199.8,2700,199.79,2000,199.87,2800,199.88,2400,199.89,3600,199.9,4000,199.91,3000
2026-07-16 09:39:26.485,NVDA,199.84,199.82,2200,199.81,1800,199.8,700,199.79,1700,199.78,4400,199.86,4300,199.87,2700,199.88,4600,199.89,2600,199.9,3600
2026-07-16 09:39:26.974,NVDA,199.84,199.82,3200,199.81,3900,199.8,700,199.79,1000,199.78,2500,199.86,500,199.87,1700,199.88,1700,199.89,3900,199.9,800
2026-07-16 09:39:27.391,NVDA,199.86,199.84,1800,199.83,1000,199.82,4100,199.81,5000,199.8,4500,199.88,4200,199.89,2800,199.9,700,199.91,3100,199.92,300
2026-07-16 09:39:27.867,NVDA,199.85,199.83,2200,199.82,2000,199.81,4700,199.8,4600,199.79,700,199.87,2000,199.88,1600,199.89,3000,199.9,3100,199.91,1300
2026-07-16 09:39:28.063,NVDA,199.83,199.81,4700,199.8,1000,199.79,1900,199.78,1600,199.77,2000,199.85,800,199.86,2000,199.87,400,199.88,2800,199.89,2900
2026-07-16 09:39:28.184,NVDA,199.84,199.82,3400,199.81,300,199.8,3500,199.79,2400,199.78,2000,199.86,3400,199.87,1800,199.88,3300,199.89,4900,199.9,2300
2026-07-16 09:39:28.450,NVDA,199.86,199.84,3900,199.83,4600,199.82,2800,199.81,2400,199.8,3700,199.88,1400,199.89,3900,199.9,1600,199.91,1100,199.92,3800
2026-07-16 09:39:28.854,NVDA,199.85,199.83,4000,199.82,2200,199.81,1700,199.8,1000,199.79,4100,199.87,500,199.88,500,199.89,2300,199.9,4900,199.91,300
2026-07-16 09:39:29.248,NVDA,199.86,199.84,2200,199.83,4600,199.82,4200,199.81,1900,199.8,600,199.88,4900,199.89,3700,199.9,3500,199.91,3400,199.92,1200
2026-07-16 09:39:29.413,NVDA,199.85,199.83,4800,199.82,2400,199.81,1700,199.8,2200,199.79,3900,199.87,4400,199.88,500,199.89,3700,199.9,4100,199.91,2400
2026-07-16 09:39:29.445,NVDA,199.87,199.85,300,199.84,1800,199.83,1500,199.82,4400,199.81,4500,199.89,2400,199.9,3500,199.91,3000,199.92,5000,199.93,4300
2026-07-16 09:39:29.508,NVDA,199.88,199.86,1000,199.85,800,199.84,5000,199.83,1200,199.82,1800,199.9,2500,199.91,4800,199.92,2200,199.93,3000,199.94,2000
2026-07-16 09:39:29.803,NVDA,199.89,199.87,2500,199.86,2300,199.85,900,199.84,4900,199.83,300,199.91,3700,199.92,200,199.93,1800,199.94,5000,199.95,900
2026-07-16 09:39:30.019,NVDA,199.88,199.86,3000,199.85,3000,199.84,300,199.83,3500,199.82,3500,199.9,4200,199.91,900,199.92,700,199.93,1200,199.94,100
2026-07-16 09:39:30.487,NVDA,199.89,199.87,4900,199.86,2800,199.85,4100,199.84,3600,199.83,3700,199.91,4200,199.92,2300,199.93,1800,199.94,1600,199.95,2800
2026-07-16 09:39:30.869,NVDA,199.89,199.87,500,199.86,4500,199.85,1100,199.84,3200,199.83,5000,199.91,500,199.92,2000,199.93,3100,199.94,5000,199.95,1800
2026-07-16 09:39:31.278,NVDA,199.87,199.85,4000,199.84,1500,199.83,4400,199.82,4300,199.81,4600,199.89,800,199.9,4600,199.91,1600,199.92,4600,199.93,3500
2026-07-16 09:39:31.567,NVDA,199.88,199.86,2200,199.85,700,199.84,2100,199.83,900,199.82,4500,199.9,4500,199.91,3900,199.92,4000,199.93,3700,199.94,1200
2026-07-16 09:39:31.627,NVDA,199.89,199.87,2000,199.86,3400,199.85,2600,199.84,3500,199.83,2100,199.91,2300,199.92,1500,199.93,2200,199.94,4200,199.95,400
2026-07-16 09:39:31.711,NVDA,199.88,199.86,2600,199.85,3800,199.84,1600,199.83,1900,199.82,3000,199.9,2100,199.91,4700,199.92,4100,199.93,1900,199.94,3700
2026-07-16 09:39:31.931,NVDA,199.9,199.88,1000,199.87,1200,199.86,3200,199.85,4100,199.84,800,199.92,5000,199.93,3200,199.94,1200,199.95,100,199.96,4700
2026-07-16 09:39:32.037,NVDA,199.89,199.87,4000,199.86,700,199.85,4800,199.84,4500,199.83,200,199.91,3600,199.92,200,199.93,1700,199.94,2800,199.95,500
2026-07-16 09:39:32.402,NVDA,199.89,199.87,700,199.86,700,199.85,2700,199.84,2200,199.83,4800,199.91,3200,199.92,200,199.93,2200,199.94,3000,199.95,3100
2026-07-16 09:39:32.556,NVDA,199.9,199.88,2000,199.87,3000,199.86,300,199.85,1000,199.84,2900,199.92,2700,199.93,2700,199.94,2500,199.95,4800,199.96,3000
2026-07-16 09:39:33.032,NVDA,199.89,199.87,4700,199.86,4300,199.85,3100,199.84,3800,199.83,4000,199.91,4500,199.92,1800,199.93,2500,199.94,3900,199.95,4000
2026-07-16 09:39:33.517,NVDA,199.88,199.86,2100,199.85,4100,199.84,3800,199.83,300,199.82,3600,199.9,3000,199.91,1500,199.92,1600,199.93,3500,199.94,1800
2026-07-16 09:39:33.626,NVDA,199.9,199.88,3200,199.87,2500,199.86,2200,199.85,1700,199.84,2000,199.92,2900,199.93,3000,199.94,4900,199.95,600,199.96,1300
2026-07-16 09:39:33.925,NVDA,199.92,199.9,2400,199.89,3800,199.88,1600,199.87,1300,199.86,3600,199.94,2400,199.95,1800,199.96,4000,199.97,2400,199.98,2900
2026-07-16 09:39:34.312,NVDA,199.91,199.89,4200,199.88,300,199.87,2600,199.86,5000,199.85,1500,199.93,4300,199.94,2700,199.95,3700,199.96,5000,199.97,3700
2026-07-16 09:39:34.635,NVDA,199.92,199.9,3600,199.89,200,199.88,3300,199.87,3900,199.86,1200,199.94,2100,199.95,2800,199.96,3200,199.97,2200,199.98,900
2026-07-16 09:39:34.717,NVDA,199.93,199.91,3500,199.9,4000,199.89,3000,199.88,1800,199.87,2300,199.95,1200,199.96,4400,199.97,2100,199.98,1500,199.99,3900
2026-07-16 09:39:34.834,NVDA,199.93,199.91,3300,199.9,2500,199.89,3000,199.88,1300,199.87,1800,199.95,300,199.96,300,199.97,4900,199.98,3200,199.99,2400
2026-07-16 09:39:35.120,NVDA,199.94,199.92,3200,199.91,1900,199.9,5000,199.89,3800,199.88,1500,199.96,2000,199.97,1400,199.98,100,199.99,1500,200.0,1200
2026-07-16 09:39:35.381,NVDA,199.94,199.92,4200,199.91,800,199.9,4300,199.89,2700,199.88,300,199.96,100,199.97,2400,199.98,4400,199.99,2800,200.0,3500
2026-07-16 09:39:35.864,NVDA,199.96,199.94,3800,199.93,5000,199.92,3300,199.91,3700,199.9,1600,199.98,4500,199.99,3700,200.0,2700,200.01,2200,200.02,1400
2026-07-16 09:39:36.152,NVDA,199.97,199.95,3500,199.94,4200,199.93,2200,199.92,2800,199.91,2500,199.99,1200,200.0,1400,200.01,1900,200.02,4300,200.03,3600
2026-07-16 09:39:36.237,NVDA,199.95,199.93,2000,199.92,1200,199.91,4000,199.9,400,199.89,4800,199.97,2200,199.98,4400,199.99,2000,200.0,2000,200.01,4500
2026-07-16 09:39:36.504,NVDA,199.96,199.94,100,199.93,1000,199.92,1000,199.91,100,199.9,300,199.98,4400,199.99,1000,200.0,100,200.01,1200,200.02,500
2026-07-16 09:39:36.653,NVDA,199.96,199.94,3100,199.93,4900,199.92,4700,199.91,600,199.9,2800,199.98,200,199.99,3200,200.0,3200,200.01,1000,200.02,3500
2026-07-16 09:39:36.663,NVDA,199.95,199.93,1100,199.92,1400,199.91,1300,199.9,2800,199.89,4700,199.97,3600,199.98,2600,199.99,3800,200.0,500,200.01,400
2026-07-16 09:39:36.786,NVDA,199.95,199.93,1100,199.92,4400,199.91,5000,199.9,800,199.89,3800,199.97,3800,199.98,2300,199.99,2800,200.0,700,200.01,2500
2026-07-16 09:39:37.094,NVDA,199.94,199.92,4500,199.91,3800,199.9,2100,199.89,4500,199.88,2000,199.96,3200,199.97,4400,199.98,4500,199.99,2000,200.0,2200
2026-07-16 09:39:37.522,NVDA,199.96,199.94,1700,199.93,1800,199.92,300,199.91,2000,199.9,900,199.98,1400,199.99,4800,200.0,2600,200.01,2800,200.02,1900
2026-07-16 09:39:37.746,NVDA,199.96,199.94,300,199.93,200,199.92,3300,199.91,5000,199.9,4000,199.98,2700,199.99,3100,200.0,4200,200.01,1100,200.02,3500
2026-07-16 09:39:38.153,NVDA,199.97,199.95,1700,199.94,700,199.93,3600,199.92,1000,199.91,1400,199.99,2100,200.0,800,200.01,800,200.02,3500,200.03,3000
2026-07-16 09:39:38.410,NVDA,199.96,199.94,2600,199.93,1800,199.92,1100,199.91,2100,199.9,4700,199.98,2800,199.99,4200,200.0,1900,200.01,800,200.02,2800
2026-07-16 09:39:38.736,NVDA,199.94,199.92,2500,199.91,500,199.9,2600,199.89,3100,199.88,500,199.96,4000,199.97,3200,199.98,2600,199.99,4300,200.0,3000
2026-07-16 09:39:38.752,NVDA,199.96,199.94,2500,199.93,4400,199.92,800,199.91,3200,199.9,1900,199.98,300,199.99,2900,200.0,1100,200.01,300,200.02,4800
2026-07-16 09:39:39.207,NVDA,199.95,199.93,3800,199.92,900,199.91,3100,199.9,1400,199.89,4800,199.97,800,199.98,900,199.99,2100,200.0,1000,200.01,3500
2026-07-16 09:39:39.582,NVDA,199.94,199.92,4000,199.91,2100,199.9,1400,199.89,1900,199.88,400,199.96,1500,199.97,3700,199.98,1600,199.99,4100,200.0,3000
2026-07-16 09:39:39.639,NVDA,199.94,199.92,2300,199.91,1100,199.9,2700,199.89,3700,199.88,3400,199.96,2100,199.97,5000,199.98,1300,199.99,700,200.0,1300
2026-07-16 09:39:40.018,NVDA,199.95,199.93,2700,199.92,300,199.91,3100,199.9,4600,199.89,600,199.97,3700,199.98,2100,199.99,2000,200.0,2300,200.01,1000
2026-07-16 09:39:40.265,NVDA,199.93,199.91,1600,199.9,2400,199.89,3400,199.88,1100,199.87,1000,199.95,2100,199.96,1100,199.97,2500,199.98,3100,199.99,700
2026-07-16 09:39:40.400,NVDA,199.94,199.92,2000,199.91,3000,199.9,600,199.89,3900,199.88,4400,199.96,1400,199.97,1500,199.98,2300,199.99,4300,200.0,4000
2026-07-16 09:39:40.495,NVDA,199.93,199.91,100,199.9,4200,199.89,400,199.88,4100,199.87,4600,199.95,4400,199.96,1900,199.97,4300,199.98,3300,199.99,1000
2026-07-16 09:39:40.514,NVDA,199.95,199.93,1300,199.92,2200,199.91,100,199.9,1400,199.89,2400,199.97,4900,199.98,2200,199.99,3500,200.0,3000,200.01,1700
2026-07-16 09:39:40.591,NVDA,199.93,199.91,1500,199.9,2000,199.89,1700,199.88,5000,199.87,2300,199.95,3300,199.96,1500,199.97,1600,199.98,2900,199.99,5000
2026-07-16 09:39:41.062,NVDA,199.95,199.93,4900,199.92,1200,199.91,1200,199.9,4600,199.89,1000,199.97,3200,199.98,3400,199.99,3700,200.0,500,200.01,2500
2026-07-16 09:39:41.399,NVDA,199.96,199.94,2600,199.93,1400,199.92,4700,199.91,3400,199.9,1200,199.98,4800,199.99,1800,200.0,3500,200.01,1500,200.02,1400
2026-07-16 09:39:41.525,NVDA,199.98,199.96,1900,199.95,3000,199.94,500,199.93,2600,199.92,4500,200.0,2800,200.01,3700,200.02,700,200.03,2800,200.04,1200
2026-07-16 09:39:41.754,NVDA,199.99,199.97,400,199.96,5000,199.95,2700,199.94,4800,199.93,3500,200.01,2700,200.02,4800,200.03,3900,200.04,3100,200.05,4500
2026-07-16 09:39:42.137,NVDA,200.01,199.99,100,199.98,1900,199.97,1400,199.96,2300,199.95,4100,200.03,600,200.04,4900,200.05,600,200.06,500,200.07,4200
2026-07-16 09:39:42.194,NVDA,200.02,200.0,2500,199.99,1700,199.98,500,199.97,4500,199.96,3900,200.04,2800,200.05,3600,200.06,3000,200.07,700,200.08,700
2026-07-16 09:39:42.609,NVDA,200.03,200.01,1100,200.0,2000,199.99,5000,199.98,2000,199.97,200,200.05,2600,200.06,2800,200.07,1000,200.08,600,200.09,1300
2026-07-16 09:39:42.801,NVDA,200.04,200.02,2800,200.01,4300,200.0,4500,199.99,2100,199.98,3900,200.06,3200,200.07,1400,200.08,1300,200.09,3700,200.1,2300
2026-07-16 09:39:43.023,NVDA,200.05,200.03,5000,200.02,3300,200.01,3500,200.0,3700,199.99,1900,200.07,4300,200.08,2700,200.09,400,200.1,300,200.11,2700
2026-07-16 09:39:43.426,NVDA,200.06,200.04,3900,200.03,1500,200.02,3900,200.01,4900,200.0,2800,200.08,2600,200.09,4800,200.1,3900,200.11,3800,200.12,300
2026-07-16 09:39:43.538,NVDA,200.05,200.03,2600,200.02,1000,200.01,1500,200.0,2600,199.99,3100,200.07,4800,200.08,3400,200.09,4100,200.1,1300,200.11,1000
2026-07-16 09:39:43.904,NVDA,200.06,200.04,100,200.03,1400,200.02,100,200.01,1700,200.0,4200,200.08,3500,200.09,2200,200.1,1600,200.11,500,200.12,900
2026-07-16 09:39:44.140,NVDA,200.08,200.06,2100,200.05,2300,200.04,3900,200.03,900,200.02,4000,200.1,800,200.11,2700,200.12,700,200.13,3600,200.14,3600
2026-07-16 09:39:44.194,NVDA,200.08,200.06,600,200.05,3600,200.04,2700,200.03,1900,200.02,1300,200.1,2200,200.11,2800,200.12,2100,200.13,1700,200.14,2900
2026-07-16 09:39:44.379,NVDA,200.1,200.08,1700,200.07,400,200.06,700,200.05,4200,200.04,1700,200.12,4400,200.13,300,200.14,2400,200.15,1500,200.16,200
2026-07-16 09:39:44.472,NVDA,200.12,200.1,1800,200.09,5000,200.08,2400,200.07,2100,200.06,3500,200.14,1900,200.15,400,200.16,2200,200.17,1000,200.18,2500
2026-07-16 09:39:44.944,NVDA,200.14,200.12,400,200.11,1900,200.1,3300,200.09,4100,200.08,1200,200.16,1100,200.17,4800,200.18,1500,200.19,4800,200.2,2900
2026-07-16 09:39:44.957,NVDA,200.14,200.12,3500,200.11,300,200.1,4100,200.09,1700,200.08,900,200.16,700,200.17,4100,200.18,200,200.19,4000,200.2,600
2026-07-16 09:39:45.390,NVDA,200.13,200.11,100,200.1,2300,200.09,2400,200.08,3900,200.07,1600,200.15,3200,200.16,1500,200.17,3700,200.18,300,200.19,3800
2026-07-16 09:39:45.792,NVDA,200.14,200.12,3400,200.11,2400,200.1,1500,200.09,2600,200.08,4700,200.16,3700,200.17,3900,200.18,4800,200.19,2500,200.2,1300
2026-07-16 09:39:46.045,NVDA,200.15,200.13,3600,200.12,4200,200.11,4800,200.1,1500,200.09,1000,200.17,300,200.18,3800,200.19,400,200.2,4300,200.21,2900
2026-07-16 09:39:46.175,NVDA,200.13,200.11,2300,200.1,4600,200.09,1100,200.08,900,200.07,2100,200.15,2500,200.16,4000,200.17,300,200.18,300,200.19,2100
2026-07-16 09:39:46.265,NVDA,200.11,200.09,800,200.08,2100,200.07,3100,200.06,300,200.05,3500,200.13,1700,200.14,100,200.15,2600,200.16,2200,200.17,4200
2026-07-16 09:39:46.759,NVDA,200.11,200.09,4900,200.08,1700,200.07,1600,200.06,5000,200.05,100,200.13,4400,200.14,800,200.15,1600,200.16,1900,200.17,5000
2026-07-16 09:39:46.919,NVDA,200.1,200.08,400,200.07,300,200.06,2200,200.05,3400,200.04,3000,200.12,400,200.13,2400,200.14,1400,200.15,2400,200.16,4100
2026-07-16 09:39:47.287,NVDA,200.12,200.1,2700,200.09,4400,200.08,3900,200.07,1400,200.06,2400,200.14,500,200.15,1300,200.16,3400,200.17,400,200.18,1400
2026-07-16 09:39:47.577,NVDA,200.1,200.08,500,200.07,3000,200.06,4100,200.05,1300,200.04,900,200.12,4400,200.13,1800,200.14,700,200.15,2400,200.16,2200
2026-07-16 09:39:47.703,NVDA,200.09,200.07,1500,200.06,1200,200.05,2800,200.04,400,200.03,1000,200.11,5000,200.12,3500,200.13,3100,200.14,4900,200.15,1900
2026-07-16 09:39:47.767,NVDA,200.09,200.07,3200,200.06,3300,200.05,3700,200.04,4600,200.03,4900,200.11,1200,200.12,1400,200.13,1100,200.14,3200,200.15,4500
2026-07-16 09:39:47.962,NVDA,200.08,200.06,4800,200.05,4900,200.04,1500,200.03,1400,200.02,3700,200.1,4400,200.11,2100,200.12,2200,200.13,1700,200.14,2300
2026-07-16 09:39:48.374,NVDA,200.08,200.06,3200,200.05,2700,200.04,3900,200.03,1000,200.02,3800,200.1,2100,200.11,3800,200.12,1300,200.13,200,200.14,2600
2026-07-16 09:39:48.761,NVDA,200.08,200.06,3900,200.05,4500,200.04,5000,200.03,1100,200.02,3600,200.1,1200,200.11,4700,200.12,4300,200.13,1200,200.14,2000
2026-07-16 09:39:49.019,NVDA,200.09,200.07,600,200.06,3600,200.05,600,200.04,3300,200.03,2600,200.11,300,200.12,400,200.13,2300,200.14,2800,200.15,2800
2026-07-16 09:39:49.271,NVDA,200.09,200.07,5000,200.06,300,200.05,700,200.04,300,200.03,4800,200.11,4500,200.12,100,200.13,1800,200.14,4900,200.15,1200
2026-07-16 09:39:49.604,NVDA,200.11,200.09,1200,200.08,1200,200.07,2900,200.06,3700,200.05,4900,200.13,1500,200.14,100,200.15,1800,200.16,900,200.17,2600
2026-07-16 09:39:49.962,NVDA,200.1,200.08,900,200.07,3200,200.06,300,200.05,4100,200.04,1000,200.12,800,200.13,2700,200.14,800,200.15,3800,200.16,3400
2026-07-16 09:39:50.236,NVDA,200.11,200.09,4300,200.08,4900,200.07,4100,200.06,4800,200.05,3600,200.13,900,200.14,300,200.15,3900,200.16,4300,200.17,4500
2026-07-16 09:39:50.323,NVDA,200.13,200.11,3500,200.1,1900,200.09,3600,200.08,2800,200.07,500,200.15,4900,200.16,2400,200.17,1100,200.18,2100,200.19,200
2026-07-16 09:39:50.649,NVDA,200.15,200.13,500,200.12,4900,200.11,2600,200.1,3800,200.09,400,200.17,3200,200.18,2000,200.19,4200,200.2,1300,200.21,1700
2026-07-16 09:39:50.661,NVDA,200.15,200.13,3900,200.12,3100,200.11,2600,200.1,700,200.09,1900,200.17,200,200.18,3200,200.19,2800,200.2,3100,200.21,4400
2026-07-16 09:39:50.969,NVDA,200.14,200.12,1300,200.11,4900,200.1,1700,200.09,3400,200.08,1000,200.16,3300,200.17,4200,200.18,4200,200.19,4500,200.2,1500
2026-07-16 09:39:51.087,NVDA,200.12,200.1,300,200.09,2000,200.08,3700,200.07,2200,200.06,2900,200.14,900,200.15,4300,200.16,2000,200.17,2600,200.18,4500
2026-07-16 09:39:51.586,NVDA,200.13,200.11,2000,200.1,1000,200.09,2400,200.08,3300,200.07,3700,200.15,1800,200.16,4700,200.17,1600,200.18,4700,200.19,1200
2026-07-16 09:39:51.959,NVDA,200.14,200.12,1300,200.11,3900,200.1,3500,200.09,1600,200.08,2600,200.16,800,200.17,2500,200.18,1200,200.19,4700,200.2,2600
2026-07-16 09:39:52.438,NVDA,200.14,200.12,3800,200.11,3300,200.1,4800,200.09,2000,200.08,4000,200.16,1700,200.17,3400,200.18,5000,200.19,3200,200.2,4700
2026-07-16 09:39:52.482,NVDA,200.13,200.11,600,200.1,3800,200.09,3500,200.08,3500,200.07,2600,200.15,4100,200.16,2800,200.17,1600,200.18,3400,200.19,3800
2026-07-16 09:39:52.529,NVDA,200.11,200.09,4100,200.08,4500,200.07,900,200.06,2600,200.05,3400,200.13,3700,200.14,800,200.15,4100,200.16,4100,200.17,4900
2026-07-16 09:39:52.583,NVDA,200.1,200.08,4300,200.07,1900,200.06,3800,200.05,1000,200.04,3300,200.12,100,200.13,1000,200.14,3700,200.15,3700,200.16,2500
2026-07-16 09:39:52.707,NVDA,200.09,200.07,3600,200.06,2300,200.05,1700,200.04,3400,200.03,1800,200.11,2500,200.12,4400,200.13,600,200.14,1500,200.15,600
2026-07-16 09:39:53.009,NVDA,200.11,200.09,2500,200.08,4200,200.07,3500,200.06,3100,200.05,1100,200.13,4900,200.14,1100,200.15,4100,200.16,1500,200.17,3100
2026-07-16 09:39:53.084,NVDA,200.13,200.11,2800,200.1,600,200.09,900,200.08,3200,200.07,1400,200.15,1200,200.16,2100,200.17,100,200.18,4300,200.19,3500
2026-07-16 09:39:53.194,NVDA,200.14,200.12,2700,200.11,3100,200.1,2300,200.09,2100,200.08,2600,200.16,3900,200.17,100,200.18,4400,200.19,5000,200.2,3900
2026-07-16 09:39:53.649,NVDA,200.12,200.1,2000,200.09,5000,200.08,2200,200.07,4500,200.06,1200,200.14,1500,200.15,100,200.16,3400,200.17,4900,200.18,2900
2026-07-16 09:39:54.074,NVDA,200.1,200.08,1100,200.07,5000,200.06,2400,200.05,2300,200.04,3600,200.12,1100,200.13,1300,200.14,3100,200.15,3900,200.16,3700
2026-07-16 09:39:54.199,NVDA,200.1,200.08,2400,200.07,1800,200.06,4100,200.05,3900,200.04,3400,200.12,4300,200.13,4500,200.14,4100,200.15,3900,200.16,4000
2026-07-16 09:39:54.354,NVDA,200.12,200.1,200,200.09,2700,200.08,2600,200.07,4900,200.06,2700,200.14,900,200.15,800,200.16,1000,200.17,1000,200.18,2000
2026-07-16 09:39:54.457,NVDA,200.13,200.11,3700,200.1,3500,200.09,3800,200.08,2100,200.07,500,200.15,2400,200.16,2700,200.17,3700,200.18,1500,200.19,4500
2026-07-16 09:39:54.917,NVDA,200.11,200.09,300,200.08,600,200.07,3100,200.06,4100,200.05,3500,200.13,4600,200.14,4200,200.15,1800,200.16,4600,200.17,3100
2026-07-16 09:39:55.405,NVDA,200.1,200.08,2600,200.07,500,200.06,4200,200.05,1800,200.04,1800,200.12,4700,200.13,4200,200.14,100,200.15,1300,200.16,300
2026-07-16 09:39:55.784,NVDA,200.09,200.07,100,200.06,3300,200.05,2200,200.04,1500,200.03,300,200.11,3000,200.12,1800,200.13,300,200.14,1500,200.15,2200
2026-07-16 09:39:55.892,NVDA,200.07,200.05,1600,200.04,4600,200.03,1800,200.02,200,200.01,3000,200.09,3100,200.1,1700,200.11,100,200.12,3500,200.13,4300
2026-07-16 09:39:56.044,NVDA,200.05,200.03,700,200.02,1400,200.01,2500,200.0,2900,199.99,1100,200.07,3400,200.08,2600,200.09,2100,200.1,2600,200.11,2200
2026-07-16 09:39:56.203,NVDA,200.04,200.02,4800,200.01,3300,200.0,200,199.99,4200,199.98,1700,200.06,3200,200.07,1100,200.08,3800,200.09,3900,200.1,2000
2026-07-16 09:39:56.569,NVDA,200.06,200.04,2200,200.03,4800,200.02,1400,200.01,4400,200.0,1400,200.08,3100,200.09,700,200.1,300,200.11,4900,200.12,5000
2026-07-16 09:39:56.862,NVDA,200.05,200.03,2300,200.02,200,200.01,5000,200.0,300,199.99,3600,200.07,5000,200.08,900,200.09,2700,200.1,1500,200.11,3600
2026-07-16 09:39:57.119,NVDA,200.04,200.02,100,200.01,2800,200.0,4600,199.99,1700,199.98,3100,200.06,3500,200.07,1000,200.08,5000,200.09,3900,200.1,3000
2026-07-16 09:39:57.212,NVDA,200.05,200.03,1900,200.02,2400,200.01,5000,200.0,1900,199.99,4900,200.07,1700,200.08,500,200.09,1200,200.1,3800,200.11,4300
2026-07-16 09:39:57.577,NVDA,200.07,200.05,3100,200.04,4400,200.03,2400,200.02,600,200.01,3700,200.09,1200,200.1,1500,200.11,3700,200.12,2200,200.13,2700
2026-07-16 09:39:57.718,NVDA,200.08,200.06,2200,200.05,1900,200.04,4000,200.03,3200,200.02,2100,200.1,1900,200.11,2000,200.12,3400,200.13,1800,200.14,2200
2026-07-16 09:39:57.881,NVDA,200.1,200.08,4300,200.07,5000,200.06,1700,200.05,600,200.04,1300,200.12,3600,200.13,2900,200.14,2700,200.15,3000,200.16,3100
2026-07-16 09:39:58.276,NVDA,200.12,200.1,500,200.09,4500,200.08,1400,200.07,4100,200.06,1100,200.14,3800,200.15,4400,200.16,1000,200.17,2800,200.18,400
2026-07-16 09:39:58.757,NVDA,200.1,200.08,2600,200.07,3200,200.06,1400,200.05,2000,200.04,300,200.12,4200,200.13,3600,200.14,1600,200.15,1800,200.16,4700
2026-07-16 09:39:59.124,NVDA,200.1,200.08,4700,200.07,1400,200.06,1900,200.05,200,200.04,2200,200.12,200,200.13,2300,200.14,200,200.15,1400,200.16,3300
2026-07-16 09:39:59.537,NVDA,200.08,200.06,2200,200.05,2500,200.04,200,200.03,400,200.02,1700,200.1,1600,200.11,1500,200.12,2000,200.13,4200,200.14,3800
2026-07-16 09:39:59.774,NVDA,200.09,200.07,1300,200.06,4600,200.05,500,200.04,3900,200.03,1700,200.11,1400,200.12,1900,200.13,600,200.14,3300,200.15,300
2026-07-16 09:40:00.190,NVDA,200.07,200.05,2300,200.04,600,200.03,900,200.02,5000,200.01,2200,200.09,4900,200.1,3200,200.11,300,200.12,1800,200.13,1000
2026-07-16 09:40:00.250,NVDA,200.05,200.03,600,200.02,1100,200.01,500,200.0,2600,199.99,2300,200.07,4400,200.08,4000,200.09,3900,200.1,3800,200.11,1300
2026-07-16 09:40:00.271,NVDA,200.05,200.03,4000,200.02,300,200.01,400,200.0,2000,199.99,3400,200.07,4800,200.08,1400,200.09,1800,200.1,4700,200.11,1000
2026-07-16 09:40:00.287,NVDA,200.06,200.04,3700,200.03,4500,200.02,4000,200.01,1000,200.0,3900,200.08,4200,200.09,4600,200.1,1500,200.11,2600,200.12,3500
2026-07-16 09:40:00.334,NVDA,200.06,200.04,4000,200.03,3900,200.02,2200,200.01,2400,200.0,400,200.08,2300,200.09,2600,200.1,3200,200.11,1800,200.12,800
2026-07-16 09:40:00.498,NVDA,200.04,200.02,4200,200.01,1700,200.0,1400,199.99,2200,199.98,3000,200.06,2800,200.07,900,200.08,100,200.09,3000,200.1,500
2026-07-16 09:40:00.820,NVDA,200.02,200.0,1500,199.99,2300,199.98,3100,199.97,500,199.96,2900,200.04,600,200.05,1000,200.06,5000,200.07,1500,200.08,1700
2026-07-16 09:40:00.914,NVDA,200.02,200.0,200,199.99,300,199.98,700,199.97,2200,199.96,200,200.04,4300,200.05,4700,200.06,2500,200.07,4300,200.08,2000
2026-07-16 09:40:00.991,NVDA,200.0,199.98,1600,199.97,2800,199.96,1600,199.95,2700,199.94,2900,200.02,3500,200.03,1700,200.04,3500,200.05,2900,200.06,400
2026-07-16 09:40:01.363,NVDA,200.02,200.0,1000,199.99,4100,199.98,4700,199.97,2600,199.96,3100,200.04,1700,200.05,1900,200.06,1000,200.07,3800,200.08,200
2026-07-16 09:40:01.475,NVDA,200.04,200.02,3600,200.01,1900,200.0,3900,199.99,3600,199.98,2200,200.06,4400,200.07,2900,200.08,4400,200.09,3100,200.1,3900
2026-07-16 09:40:01.637,NVDA,200.06,200.04,2900,200.03,2800,200.02,3600,200.01,800,200.0,1700,200.08,1900,200.09,4900,200.1,2800,200.11,4100,200.12,2800
2026-07-16 09:40:01.738,NVDA,200.04,200.02,1500,200.01,2800,200.0,4700,199.99,2300,199.98,900,200.06,4300,200.07,1700,200.08,2600,200.09,4000,200.1,2500
2026-07-16 09:40:01.946,NVDA,200.02,200.0,500,199.99,3800,199.98,2900,199.97,1700,199.96,1000,200.04,2800,200.05,3500,200.06,2500,200.07,4400,200.08,800
2026-07-16 09:40:02.320,NVDA,200.01,199.99,1000,199.98,4500,199.97,3800,199.96,5000,199.95,1000,200.03,3300,200.04,1900,200.05,3600,200.06,4800,200.07,3500
2026-07-16 09:40:02.433,NVDA,200.02,200.0,4600,199.99,2600,199.98,4800,199.97,2800,199.96,4300,200.04,1400,200.05,900,200.06,4100,200.07,1600,200.08,1100
2026-07-16 09:40:02.564,NVDA,200.0,199.98,3900,199.97,3000,199.96,1300,199.95,3400,199.94,5000,200.02,2900,200.03,4700,200.04,4800,200.05,3900,200.06,3500
2026-07-16 09:40:02.604,NVDA,200.0,199.98,1900,199.97,1300,199.96,1200,199.95,1200,199.94,5000,200.02,3000,200.03,4700,200.04,2500,200.05,2300,200.06,4600
2026-07-16 09:40:02.760,NVDA,200.0,199.98,4300,199.97,700,199.96,2600,199.95,3400,199.94,800,200.02,3500,200.03,4700,200.04,2800,200.05,3400,200.06,3900
2026-07-16 09:40:02.858,NVDA,200.01,199.99,2100,199.98,4800,199.97,3700,199.96,300,199.95,2000,200.03,4300,200.04,4800,200.05,4400,200.06,200,200.07,400
2026-07-16 09:40:03.132,NVDA,200.0,199.98,900,199.97,3600,199.96,2400,199.95,2200,199.94,2800,200.02,1600,200.03,800,200.04,3300,200.05,600,200.06,3100
2026-07-16 09:40:03.157,NVDA,199.99,199.97,2400,199.96,1100,199.95,1000,199.94,4000,199.93,400,200.01,2300,200.02,5000,200.03,4500,200.04,3100,200.05,200
2026-07-16 09:40:03.206,NVDA,199.98,199.96,4300,199.95,2400,199.94,4700,199.93,1400,199.92,2400,200.0,500,200.01,2800,200.02,400,200.03,2800,200.04,1100
2026-07-16 09:40:03.682,NVDA,199.96,199.94,2700,199.93,3200,199.92,1700,199.91,4900,199.9,3700,199.98,300,199.99,4200,200.0,100,200.01,2500,200.02,3500
2026-07-16 09:40:03.764,NVDA,199.94,199.92,2000,199.91,500,199.9,3400,199.89,3800,199.88,2500,199.96,3000,199.97,3500,199.98,700,199.99,4100,200.0,1500
2026-07-16 09:40:03.906,NVDA,199.96,199.94,4600,199.93,2700,199.92,600,199.91,2300,199.9,4100,199.98,300,199.99,1300,200.0,1100,200.01,200,200.02,1800
2026-07-16 09:40:04.005,NVDA,199.95,199.93,2100,199.92,400,199.91,2300,199.9,3300,199.89,1600,199.97,4500,199.98,3100,199.99,1200,200.0,3300,200.01,700
2026-07-16 09:40:04.128,NVDA,199.95,199.93,2100,199.92,1000,199.91,4500,199.9,400,199.89,2800,199.97,2600,199.98,500,199.99,400,200.0,3200,200.01,2800
2026-07-16 09:40:04.278,NVDA,199.94,199.92,2500,199.91,1900,199.9,1100,199.89,700,199.88,3900,199.96,4500,199.97,2500,199.98,5000,199.99,2500,200.0,3600
2026-07-16 09:40:04.735,NVDA,199.96,199.94,4800,199.93,3700,199.92,4400,199.91,2300,199.9,1100,199.98,1300,199.99,4100,200.0,3600,200.01,3900,200.02,1800
2026-07-16 09:40:04.860,NVDA,199.96,199.94,3500,199.93,3000,199.92,3700,199.91,3300,199.9,800,199.98,3400,199.99,3400,200.0,3100,200.01,1400,200.02,1200
2026-07-16 09:40:05.071,NVDA,199.96,199.94,2600,199.93,4700,199.92,4300,199.91,1600,199.9,2100,199.98,300,199.99,3800,200.0,100,200.01,4800,200.02,4600
2026-07-16 09:40:05.192,NVDA,199.95,199.93,3700,199.92,2500,199.91,4500,199.9,1500,199.89,4900,199.97,4000,199.98,1300,199.99,1100,200.0,3800,200.01,1200
2026-07-16 09:40:05.306,NVDA,199.94,199.92,700,199.91,1300,199.9,3700,199.89,3300,199.88,400,199.96,1000,199.97,700,199.98,4900,199.99,3700,200.0,3100
2026-07-16 09:40:05.644,NVDA,199.96,199.94,3500,199.93,3500,199.92,1000,199.91,800,199.9,2800,199.98,3200,199.99,4500,200.0,3600,200.01,3500,200.02,3800
2026-07-16 09:40:06.029,NVDA,199.94,199.92,1200,199.91,3100,199.9,2400,199.89,2400,199.88,5000,199.96,1400,199.97,3000,199.98,200,199.99,500,200.0,3400
2026-07-16 09:40:06.260,NVDA,199.94,199.92,4700,199.91,1500,199.9,300,199.89,1100,199.88,4600,199.96,2600,199.97,700,199.98,1100,199.99,1100,200.0,1500
2026-07-16 09:40:06.473,NVDA,199.96,199.94,4700,199.93,600,199.92,2100,199.91,1500,199.9,1900,199.98,4000,199.99,3800,200.0,3200,200.01,3200,200.02,3000
2026-07-16 09:40:06.847,NVDA,199.95,199.93,1200,199.92,1800,199.91,2200,199.9,3400,199.89,3100,199.97,2400,199.98,2900,199.99,2200,200.0,4000,200.01,3500
2026-07-16 09:40:07.062,NVDA,199.97,199.95,1800,199.94,1300,199.93,3400,199.92,1400,199.91,2600,199.99,5000,200.0,1400,200.01,2800,200.02,900,200.03,500
2026-07-16 09:40:07.496,NVDA,199.96,199.94,3800,199.93,4300,199.92,3100,199.91,1700,199.9,3900,199.98,1800,199.99,2500,200.0,800,200.01,600,200.02,2200
2026-07-16 09:40:07.603,NVDA,199.97,199.95,1100,199.94,4200,199.93,3500,199.92,2200,199.91,3100,199.99,3900,200.0,3500,200.01,1400,200.02,2600,200.03,700
2026-07-16 09:40:07.723,NVDA,199.98,199.96,4700,199.95,300,199.94,3700,199.93,4200,199.92,4000,200.0,1300,200.01,4900,200.02,2900,200.03,900,200.04,1300
2026-07-16 09:40:08.129,NVDA,199.96,199.94,3500,199.93,3600,199.92,4600,199.91,2000,199.9,1800,199.98,600,199.99,4200,200.0,3800,200.01,1000,200.02,1900
2026-07-16 09:40:08.258,NVDA,199.97,199.95,1700,199.94,4500,199.93,1500,199.92,5000,199.91,2300,199.99,500,200.0,2800,200.01,1800,200.02,1600,200.03,2200
2026-07-16 09:40:08.299,NVDA,199.96,199.94,4600,199.93,1800,199.92,4300,199.91,3200,199.9,4700,199.98,1100,199.99,3700,200.0,1100,200.01,2500,200.02,3900
2026-07-16 09:40:08.314,NVDA,199.94,199.92,3800,199.91,1300,199.9,1700,199.89,300,199.88,2700,199.96,4900,199.97,3400,199.98,2800,199.99,3000,200.0,2500
2026-07-16 09:40:08.701,NVDA,199.95,199.93,2100,199.92,4100,199.91,4500,199.9,4000,199.89,600,199.97,2000,199.98,2400,199.99,4000,200.0,2200,200.01,1700
2026-07-16 09:40:08.858,NVDA,199.94,199.92,2900,199.91,2500,199.9,3200,199.89,1600,199.88,2300,199.96,3500,199.97,3800,199.98,2100,199.99,3400,200.0,700
2026-07-16 09:40:09.159,NVDA,199.96,199.94,3600,199.93,3900,199.92,2100,199.91,3200,199.9,2600,199.98,1000,199.99,3900,200.0,4300,200.01,1800,200.02,1200
2026-07-16 09:40:09.496,NVDA,199.97,199.95,1800,199.94,4300,199.93,3300,199.92,2400,199.91,4200,199.99,2800,200.0,300,200.01,300,200.02,3300,200.03,600
2026-07-16 09:40:09.845,NVDA,199.98,199.96,2300,199.95,3600,199.94,3900,199.93,4000,199.92,100,200.0,4300,200.01,1800,200.02,3600,200.03,4400,200.04,2600
2026-07-16 09:40:09.931,NVDA,199.98,199.96,2200,199.95,1500,199.94,2000,199.93,700,199.92,2200,200.0,2000,200.01,1700,200.02,1800,200.03,4100,200.04,300
2026-07-16 09:40:09.947,NVDA,199.98,199.96,3500,199.95,1600,199.94,1000,199.93,2700,199.92,1100,200.0,100,200.01,100,200.02,3700,200.03,1200,200.04,2200
2026-07-16 09:40:09.983,NVDA,200.0,199.98,4700,199.97,1200,199.96,200,199.95,1800,199.94,2200,200.02,1500,200.03,600,200.04,3900,200.05,2000,200.06,4900
2026-07-16 09:40:10.390,NVDA,200.01,199.99,1600,199.98,3700,199.97,1600,199.96,4700,199.95,2100,200.03,2400,200.04,3000,200.05,400,200.06,4400,200.07,700
2026-07-16 09:40:10.856,NVDA,200.02,200.0,3500,199.99,100,199.98,1900,199.97,4200,199.96,4600,200.04,3100,200.05,2900,200.06,4500,200.07,3000,200.08,2200
2026-07-16 09:40:11.208,NVDA,200.03,200.01,3100,200.0,3800,199.99,1600,199.98,700,199.97,4300,200.05,3600,200.06,3700,200.07,1400,200.08,2500,200.09,700
2026-07-16 09:40:11.640,NVDA,200.02,200.0,4300,199.99,100,199.98,2500,199.97,100,199.96,2600,200.04,1800,200.05,4500,200.06,400,200.07,200,200.08,4400
2026-07-16 09:40:12.100,NVDA,200.0,199.98,3100,199.97,1900,199.96,3300,199.95,4700,199.94,500,200.02,4900,200.03,3800,200.04,2400,200.05,400,200.06,2900
2026-07-16 09:40:12.421,NVDA,200.01,199.99,4800,199.98,2300,199.97,4100,199.96,2400,199.95,2600,200.03,4900,200.04,5000,200.05,700,200.06,2600,200.07,4100
2026-07-16 09:40:12.857,NVDA,200.0,199.98,3600,199.97,3000,199.96,2500,199.95,1300,199.94,2700,200.02,4600,200.03,1900,200.04,500,200.05,3300,200.06,2300
2026-07-16 09:40:13.062,NVDA,199.98,199.96,3700,199.95,4600,199.94,4500,199.93,3600,199.92,4000,200.0,3800,200.01,200,200.02,300,200.03,700,200.04,900
2026-07-16 09:40:13.520,NVDA,199.99,199.97,1100,199.96,2300,199.95,3800,199.94,3800,199.93,2500,200.01,1900,200.02,5000,200.03,600,200.04,3000,200.05,1200
2026-07-16 09:40:13.770,NVDA,199.98,199.96,1000,199.95,4700,199.94,3300,199.93,3500,199.92,2700,200.0,2400,200.01,4900,200.02,4000,200.03,5000,200.04,4500
2026-07-16 09:40:13.932,NVDA,199.99,199.97,2200,199.96,100,199.95,4900,199.94,400,199.93,900,200.01,1600,200.02,4400,200.03,4400,200.04,3900,200.05,1600
2026-07-16 09:40:14.251,NVDA,200.01,199.99,4400,199.98,4900,199.97,2600,199.96,2500,199.95,3200,200.03,4200,200.04,900,200.05,2400,200.06,1600,200.07,3400
2026-07-16 09:40:14.714,NVDA,199.99,199.97,2200,199.96,2200,199.95,4200,199.94,2100,199.93,2600,200.01,4500,200.02,4400,200.03,1900,200.04,2400,200.05,3400
2026-07-16 09:40:15.196,NVDA,199.98,199.96,3600,199.95,900,199.94,4200,199.93,4400,199.92,1800,200.0,4000,200.01,4300,200.02,1400,200.03,4300,200.04,100
2026-07-16 09:40:15.479,NVDA,199.96,199.94,1000,199.93,1500,199.92,1400,199.91,4900,199.9,1800,199.98,3000,199.99,3900,200.0,800,200.01,600,200.02,4300
2026-07-16 09:40:15.779,NVDA,199.94,199.92,1700,199.91,3200,199.9,2400,199.89,3700,199.88,4400,199.96,3500,199.97,900,199.98,1300,199.99,2900,200.0,3700
2026-07-16 09:40:15.858,NVDA,199.96,199.94,4400,199.93,3700,199.92,3800,199.91,4400,199.9,2200,199.98,4600,199.99,4300,200.0,500,200.01,4000,200.02,1300
2026-07-16 09:40:16.308,NVDA,199.94,199.92,300,199.91,4700,199.9,4600,199.89,4600,199.88,2000,199.96,2400,199.97,3500,199.98,2600,199.99,4100,200.0,2900
2026-07-16 09:40:16.326,NVDA,199.93,199.91,3200,199.9,3000,199.89,700,199.88,3700,199.87,3300,199.95,600,199.96,1200,199.97,2500,199.98,300,199.99,1700
2026-07-16 09:40:16.570,NVDA,199.94,199.92,3700,199.91,3800,199.9,200,199.89,2600,199.88,4200,199.96,700,199.97,700,199.98,1500,199.99,3300,200.0,4300
2026-07-16 09:40:16.715,NVDA,199.95,199.93,1700,199.92,5000,199.91,3700,199.9,100,199.89,2500,199.97,2300,199.98,2300,199.99,4000,200.0,1300,200.01,700
2026-07-16 09:40:17.124,NVDA,199.96,199.94,2600,199.93,1400,199.92,4400,199.91,100,199.9,1100,199.98,4500,199.99,1300,200.0,2100,200.01,2100,200.02,3300
2026-07-16 09:40:17.563,NVDA,199.96,199.94,1500,199.93,3600,199.92,1800,199.91,4800,199.9,4200,199.98,100,199.99,4300,200.0,400,200.01,3900,200.02,1200
2026-07-16 09:40:17.763,NVDA,199.98,199.96,1000,199.95,1300,199.94,1000,199.93,3200,199.92,600,200.0,2600,200.01,1500,200.02,3100,200.03,300,200.04,4700
2026-07-16 09:40:18.235,NVDA,199.98,199.96,1700,199.95,1800,199.94,4700,199.93,4100,199.92,3800,200.0,4600,200.01,100,200.02,4000,200.03,1500,200.04,3900
2026-07-16 09:40:18.648,NVDA,199.99,199.97,2100,199.96,2100,199.95,4400,199.94,700,199.93,4400,200.01,1600,200.02,2600,200.03,1900,200.04,3500,200.05,1700
2026-07-16 09:40:18.892,NVDA,199.98,199.96,2600,199.95,4300,199.94,700,199.93,1500,199.92,1800,200.0,5000,200.01,2800,200.02,4700,200.03,2400,200.04,4500
2026-07-16 09:40:19.237,NVDA,199.97,199.95,3400,199.94,3900,199.93,4000,199.92,1300,199.91,4500,199.99,200,200.0,300,200.01,2200,200.02,800,200.03,1800
2026-07-16 09:40:19.550,NVDA,199.95,199.93,1200,199.92,4800,199.91,4300,199.9,700,199.89,1900,199.97,900,199.98,1700,199.99,1200,200.0,2300,200.01,1700
2026-07-16 09:40:20.027,NVDA,199.96,199.94,4300,199.93,4000,199.92,2800,199.91,1500,199.9,2300,199.98,2100,199.99,1300,200.0,4700,200.01,600,200.02,600
2026-07-16 09:40:20.192,NVDA,199.94,199.92,4900,199.91,2600,199.9,2900,199.89,3700,199.88,1700,199.96,1000,199.97,4100,199.98,100,199.99,1600,200.0,500
2026-07-16 09:40:20.313,NVDA,199.95,199.93,1300,199.92,700,199.91,1500,199.9,4700,199.89,1100,199.97,400,199.98,3400,199.99,1300,200.0,3300,200.01,2700
2026-07-16 09:40:20.382,NVDA,199.93,199.91,3000,199.9,4700,199.89,2600,199.88,4500,199.87,4800,199.95,3700,199.96,1400,199.97,500,199.98,2900,199.99,1100
2026-07-16 09:40:20.530,NVDA,199.91,199.89,3300,199.88,2500,199.87,3900,199.86,2600,199.85,5000,199.93,1600,199.94,2000,199.95,1500,199.96,800,199.97,100
2026-07-16 09:40:20.542,NVDA,199.9,199.88,1800,199.87,4500,199.86,4200,199.85,4600,199.84,1400,199.92,4400,199.93,4700,199.94,1700,199.95,2500,199.96,4100
2026-07-16 09:40:20.670,NVDA,199.89,199.87,3300,199.86,2800,199.85,1500,199.84,3400,199.83,3600,199.91,3900,199.92,2000,199.93,1900,199.94,3900,199.95,700
2026-07-16 09:40:21.167,NVDA,199.9,199.88,2900,199.87,4800,199.86,1600,199.85,4100,199.84,4400,199.92,2800,199.93,2600,199.94,1500,199.95,3700,199.96,1500
2026-07-16 09:40:21.220,NVDA,199.92,199.9,2000,199.89,2500,199.88,4200,199.87,1800,199.86,4000,199.94,1400,199.95,300,199.96,4900,199.97,4100,199.98,3500
2026-07-16 09:40:21.379,NVDA,199.91,199.89,2500,199.88,4400,199.87,700,199.86,3800,199.85,1300,199.93,1700,199.94,4200,199.95,4700,199.96,3000,199.97,600
2026-07-16 09:40:21.634,NVDA,199.92,199.9,800,199.89,700,199.88,2000,199.87,3600,199.86,700,199.94,1600,199.95,3100,199.96,2500,199.97,200,199.98,2800
2026-07-16 09:40:21.732,NVDA,199.93,199.91,400,199.9,200,199.89,200,199.88,3600,199.87,2200,199.95,1200,199.96,100,199.97,1200,199.98,1100,199.99,2900
2026-07-16 09:40:22.042,NVDA,199.95,199.93,5000,199.92,1300,199.91,1400,199.9,4300,199.89,4700,199.97,4200,199.98,4000,199.99,3200,200.0,4000,200.01,2400
2026-07-16 09:40:22.065,NVDA,199.93,199.91,4000,199.9,100,199.89,3700,199.88,500,199.87,500,199.95,2500,199.96,1600,199.97,3500,199.98,4000,199.99,1100
2026-07-16 09:40:22.241,NVDA,199.93,199.91,500,199.9,4100,199.89,2700,199.88,3200,199.87,3500,199.95,3700,199.96,2400,199.97,1300,199.98,4700,199.99,4300
2026-07-16 09:40:22.719,NVDA,199.93,199.91,2400,199.9,4600,199.89,2600,199.88,1100,199.87,3700,199.95,400,199.96,4800,199.97,1700,199.98,2000,199.99,300
2026-07-16 09:40:22.989,NVDA,199.91,199.89,2200,199.88,2900,199.87,4800,199.86,900,199.85,2800,199.93,4800,199.94,2200,199.95,4300,199.96,2800,199.97,1200
2026-07-16 09:40:23.395,NVDA,199.91,199.89,2400,199.88,4800,199.87,500,199.86,700,199.85,5000,199.93,4200,199.94,3300,199.95,3800,199.96,4700,199.97,3700
2026-07-16 09:40:23.498,NVDA,199.9,199.88,3200,199.87,5000,199.86,300,199.85,4800,199.84,3500,199.92,2900,199.93,400,199.94,3400,199.95,2000,199.96,3300
2026-07-16 09:40:23.583,NVDA,199.9,199.88,1400,199.87,200,199.86,2900,199.85,600,199.84,1400,199.92,300,199.93,2600,199.94,800,199.95,300,199.96,2600
2026-07-16 09:40:23.968,NVDA,199.92,199.9,1400,199.89,4700,199.88,300,199.87,1600,199.86,4400,199.94,3000,199.95,1000,199.96,2400,199.97,2200,199.98,3500
2026-07-16 09:40:24.295,NVDA,199.9,199.88,100,199.87,3400,199.86,700,199.85,4700,199.84,2100,199.92,1100,199.93,200,199.94,1300,199.95,2500,199.96,1900
2026-07-16 09:40:24.316,NVDA,199.9,199.88,4300,199.87,500,199.86,3700,199.85,2000,199.84,4100,199.92,3100,199.93,3600,199.94,2000,199.95,4500,199.96,4700
2026-07-16 09:40:24.353,NVDA,199.9,199.88,300,199.87,3100,199.86,3600,199.85,700,199.84,1600,199.92,800,199.93,4200,199.94,4400,199.95,800,199.96,1800
2026-07-16 09:40:24.692,NVDA,199.88,199.86,700,199.85,3600,199.84,900,199.83,4600,199.82,4300,199.9,100,199.91,3200,199.92,3200,199.93,2400,199.94,3900
2026-07-16 09:40:24.914,NVDA,199.88,199.86,1000,199.85,1200,199.84,1800,199.83,1700,199.82,2900,199.9,1900,199.91,4200,199.92,2800,199.93,3400,199.94,3200
2026-07-16 09:40:25.220,NVDA,199.87,199.85,1700,199.84,200,199.83,5000,199.82,600,199.81,4700,199.89,700,199.9,1600,199.91,3000,199.92,3100,199.93,1300
2026-07-16 09:40:25.629,NVDA,199.85,199.83,4800,199.82,4100,199.81,800,199.8,800,199.79,3100,199.87,2400,199.88,2200,199.89,2700,199.9,2400,199.91,1700
2026-07-16 09:40:25.895,NVDA,199.86,199.84,4000,199.83,3400,199.82,2500,199.81,700,199.8,900,199.88,2500,199.89,400,199.9,1600,199.91,3500,199.92,2600
2026-07-16 09:40:26.135,NVDA,199.88,199.86,3000,199.85,4900,199.84,1700,199.83,3000,199.82,4100,199.9,400,199.91,5000,199.92,1000,199.93,3400,199.94,3100
2026-07-16 09:40:26.578,NVDA,199.87,199.85,800,199.84,1700,199.83,800,199.82,3000,199.81,3600,199.89,3000,199.9,400,199.91,500,199.92,1800,199.93,1700
2026-07-16 09:40:26.977,NVDA,199.88,199.86,1400,199.85,1000,199.84,5000,199.83,4500,199.82,2700,199.9,1600,199.91,700,199.92,1500,199.93,2100,199.94,3300
2026-07-16 09:40:27.441,NVDA,199.9,199.88,400,199.87,2100,199.86,4600,199.85,5000,199.84,3200,199.92,200,199.93,2200,199.94,3400,199.95,600,199.96,4400
2026-07-16 09:40:27.915,NVDA,199.9,199.88,3800,199.87,2800,199.86,900,199.85,1300,199.84,3200,199.92,3500,199.93,2400,199.94,2800,199.95,3700,199.96,2800
2026-07-16 09:40:28.400,NVDA,199.91,199.89,4600,199.88,3700,199.87,2300,199.86,200,199.85,100,199.93,3400,199.94,3000,199.95,4300,199.96,4900,199.97,1600
2026-07-16 09:40:28.785,NVDA,199.91,199.89,3800,199.88,4000,199.87,1400,199.86,1900,199.85,2400,199.93,1400,199.94,1000,199.95,3700,199.96,1800,199.97,2800
2026-07-16 09:40:28.990,NVDA,199.93,199.91,1800,199.9,2000,199.89,3600,199.88,4200,199.87,2500,199.95,2700,199.96,2800,199.97,1600,199.98,700,199.99,100
2026-07-16 09:40:29.104,NVDA,199.91,199.89,3500,199.88,3700,199.87,100,199.86,4200,199.85,5000,199.93,3300,199.94,3500,199.95,1500,199.96,3100,199.97,1500
2026-07-16 09:40:29.324,NVDA,199.89,199.87,5000,199.86,3400,199.85,4000,199.84,4900,199.83,4600,199.91,100,199.92,1500,199.93,1300,199.94,1200,199.95,1000
2026-07-16 09:40:29.785,NVDA,199.89,199.87,1400,199.86,400,199.85,4500,199.84,2600,199.83,700,199.91,2800,199.92,500,199.93,2700,199.94,1400,199.95,1200
2026-07-16 09:40:30.136,NVDA,199.87,199.85,3400,199.84,4300,199.83,4400,199.82,700,199.81,3700,199.89,4700,199.9,1900,199.91,2600,199.92,2400,199.93,3000
2026-07-16 09:40:30.361,NVDA,199.85,199.83,900,199.82,5000,199.81,2800,199.8,300,199.79,1700,199.87,1500,199.88,3600,199.89,800,199.9,2000,199.91,1600
2026-07-16 09:40:30.488,NVDA,199.86,199.84,1900,199.83,2600,199.82,2100,199.81,3400,199.8,1400,199.88,4500,199.89,400,199.9,2400,199.91,4500,199.92,3600
2026-07-16 09:40:30.763,NVDA,199.86,199.84,4300,199.83,3300,199.82,900,199.81,2100,199.8,3700,199.88,1100,199.89,600,199.9,3500,199.91,1200,199.92,1500
2026-07-16 09:40:31.234,NVDA,199.86,199.84,3400,199.83,600,199.82,1200,199.81,3100,199.8,2300,199.88,100,199.89,900,199.9,3800,199.91,1100,199.92,5000
2026-07-16 09:40:31.541,NVDA,199.86,199.84,1800,199.83,2100,199.82,4100,199.81,4700,199.8,1300,199.88,4400,199.89,2200,199.9,1200,199.91,1700,199.92,4100
2026-07-16 09:40:31.816,NVDA,199.84,199.82,1100,199.81,3200,199.8,4200,199.79,1600,199.78,4900,199.86,2800,199.87,1800,199.88,4000,199.89,800,199.9,2800
2026-07-16 09:40:31.891,NVDA,199.84,199.82,2900,199.81,4900,199.8,4900,199.79,4100,199.78,1500,199.86,4900,199.87,3800,199.88,3000,199.89,2500,199.9,3900
2026-07-16 09:40:32.099,NVDA,199.84,199.82,3800,199.81,4700,199.8,1100,199.79,1100,199.78,4700,199.86,3800,199.87,1600,199.88,3300,199.89,4600,199.9,3600
2026-07-16 09:40:32.548,NVDA,199.82,199.8,4600,199.79,2000,199.78,3000,199.77,1700,199.76,3500,199.84,400,199.85,1400,199.86,4900,199.87,1100,199.88,4800
2026-07-16 09:40:32.892,NVDA,199.83,199.81,1700,199.8,3000,199.79,4500,199.78,1300,199.77,1300,199.85,3300,199.86,3700,199.87,3500,199.88,4200,199.89,2000
2026-07-16 09:40:33.033,NVDA,199.84,199.82,900,199.81,100,199.8,1900,199.79,2200,199.78,4400,199.86,400,199.87,2400,199.88,1400,199.89,900,199.9,3200
2026-07-16 09:40:33.331,NVDA,199.85,199.83,2000,199.82,1000,199.81,700,199.8,4600,199.79,500,199.87,1300,199.88,1200,199.89,3200,199.9,800,199.91,200
2026-07-16 09:40:33.478,NVDA,199.83,199.81,2800,199.8,1500,199.79,2500,199.78,1000,199.77,2700,199.85,200,199.86,1400,199.87,3600,199.88,4200,199.89,600
2026-07-16 09:40:33.560,NVDA,199.83,199.81,4100,199.8,1900,199.79,2100,199.78,4500,199.77,1700,199.85,4200,199.86,4800,199.87,400,199.88,2400,199.89,3700
2026-07-16 09:40:33.658,NVDA,199.81,199.79,500,199.78,3300,199.77,2600,199.76,2900,199.75,2300,199.83,2100,199.84,2400,199.85,3100,199.86,200,199.87,2600
2026-07-16 09:40:33.802,NVDA,199.82,199.8,4300,199.79,2000,199.78,4100,199.77,3400,199.76,3900,199.84,900,199.85,800,199.86,900,199.87,2200,199.88,500
2026-07-16 09:40:34.186,NVDA,199.8,199.78,2700,199.77,2900,199.76,500,199.75,2300,199.74,3000,199.82,4400,199.83,100,199.84,400,199.85,4600,199.86,5000
2026-07-16 09:40:34.663,NVDA,199.79,199.77,2700,199.76,2300,199.75,3400,199.74,3800,199.73,800,199.81,2000,199.82,2000,199.83,200,199.84,1000,199.85,2000
2026-07-16 09:40:34.899,NVDA,199.81,199.79,2700,199.78,1300,199.77,4600,199.76,1500,199.75,1700,199.83,2000,199.84,4400,199.85,2300,199.86,4000,199.87,4900
2026-07-16 09:40:35.257,NVDA,199.83,199.81,800,199.8,600,199.79,2100,199.78,1500,199.77,2600,199.85,200,199.86,1600,199.87,1300,199.88,1000,199.89,600
2026-07-16 09:40:35.619,NVDA,199.84,199.82,1800,199.81,3900,199.8,1000,199.79,3700,199.78,4000,199.86,1800,199.87,800,199.88,100,199.89,1000,199.9,1800
2026-07-16 09:40:36.111,NVDA,199.84,199.82,1600,199.81,2400,199.8,4600,199.79,2100,199.78,3100,199.86,1600,199.87,4700,199.88,300,199.89,2300,199.9,3000
2026-07-16 09:40:36.412,NVDA,199.85,199.83,2000,199.82,100,199.81,3000,199.8,600,199.79,1400,199.87,1000,199.88,3300,199.89,4200,199.9,3600,199.91,3500
2026-07-16 09:40:36.689,NVDA,199.86,199.84,4900,199.83,1300,199.82,1400,199.81,2100,199.8,400,199.88,1900,199.89,1800,199.9,1900,199.91,1200,199.92,700
2026-07-16 09:40:36.963,NVDA,199.84,199.82,5000,199.81,3200,199.8,4400,199.79,2600,199.78,4100,199.86,4500,199.87,3500,199.88,2900,199.89,3400,199.9,500
2026-07-16 09:40:37.101,NVDA,199.86,199.84,3500,199.83,2100,199.82,2100,199.81,1000,199.8,2100,199.88,2700,199.89,4800,199.9,4400,199.91,900,199.92,3100
2026-07-16 09:40:37.515,NVDA,199.85,199.83,4600,199.82,400,199.81,3800,199.8,400,199.79,5000,199.87,3300,199.88,2400,199.89,1000,199.9,3100,199.91,3300
2026-07-16 09:40:37.714,NVDA,199.87,199.85,4800,199.84,800,199.83,4600,199.82,4400,199.81,800,199.89,900,199.9,4400,199.91,1900,199.92,4200,199.93,3500
2026-07-16 09:40:37.953,NVDA,199.88,199.86,4200,199.85,1400,199.84,4600,199.83,600,199.82,5000,199.9,4200,199.91,800,199.92,4700,199.93,2600,199.94,3100
2026-07-16 09:40:38.146,NVDA,199.88,199.86,3900,199.85,500,199.84,1100,199.83,1500,199.82,1900,199.9,1100,199.91,2300,199.92,3400,199.93,4700,199.94,3300
2026-07-16 09:40:38.562,NVDA,199.88,199.86,4300,199.85,4000,199.84,1500,199.83,3200,199.82,2300,199.9,700,199.91,800,199.92,300,199.93,4300,199.94,4300
2026-07-16 09:40:38.903,NVDA,199.88,199.86,1800,199.85,2900,199.84,4600,199.83,100,199.82,3900,199.9,1800,199.91,1000,199.92,1000,199.93,2100,199.94,4500
2026-07-16 09:40:39.061,NVDA,199.9,199.88,1600,199.87,3000,199.86,3800,199.85,3500,199.84,1500,199.92,1100,199.93,200,199.94,2400,199.95,4000,199.96,1400
2026-07-16 09:40:39.536,NVDA,199.88,199.86,5000,199.85,2200,199.84,3100,199.83,2000,199.82,2300,199.9,3100,199.91,5000,199.92,3900,199.93,5000,199.94,2700
2026-07-16 09:40:39.902,NVDA,199.88,199.86,200,199.85,3200,199.84,3100,199.83,4300,199.82,1700,199.9,4700,199.91,4700,199.92,3900,199.93,2200,199.94,4900
2026-07-16 09:40:40.255,NVDA,199.87,199.85,1800,199.84,1100,199.83,3300,199.82,1800,199.81,4600,199.89,4500,199.9,2800,199.91,1800,199.92,1400,199.93,5000
2026-07-16 09:40:40.736,NVDA,199.85,199.83,1600,199.82,4500,199.81,100,199.8,3400,199.79,300,199.87,4000,199.88,4300,199.89,3600,199.9,4200,199.91,600
2026-07-16 09:40:41.101,NVDA,199.87,199.85,3600,199.84,200,199.83,2900,199.82,3000,199.81,200,199.89,5000,199.9,1300,199.91,2900,199.92,600,199.93,2700
2026-07-16 09:40:41.295,NVDA,199.89,199.87,400,199.86,4200,199.85,500,199.84,1100,199.83,3200,199.91,3700,199.92,4600,199.93,1500,199.94,800,199.95,3500
2026-07-16 09:40:41.541,NVDA,199.88,199.86,400,199.85,1700,199.84,600,199.83,4900,199.82,3500,199.9,2300,199.91,3200,199.92,1600,199.93,900,199.94,3100
2026-07-16 09:40:41.817,NVDA,199.87,199.85,700,199.84,300,199.83,400,199.82,500,199.81,4800,199.89,1400,199.9,3000,199.91,3400,199.92,4400,199.93,3100
2026-07-16 09:40:41.924,NVDA,199.89,199.87,500,199.86,1400,199.85,5000,199.84,4700,199.83,800,199.91,1300,199.92,2900,199.93,2000,199.94,800,199.95,1000
2026-07-16 09:40:41.953,NVDA,199.87,199.85,600,199.84,4800,199.83,600,199.82,4200,199.81,2200,199.89,500,199.9,3900,199.91,800,199.92,1500,199.93,4700
2026-07-16 09:40:42.057,NVDA,199.85,199.83,3400,199.82,300,199.81,1700,199.8,3700,199.79,400,199.87,2900,199.88,4300,199.89,300,199.9,3400,199.91,4900
2026-07-16 09:40:42.080,NVDA,199.84,199.82,4400,199.81,500,199.8,3400,199.79,3900,199.78,3300,199.86,1300,199.87,3000,199.88,4700,199.89,3700,199.9,1700
2026-07-16 09:40:42.171,NVDA,199.85,199.83,2700,199.82,1500,199.81,1900,199.8,4300,199.79,4700,199.87,3800,199.88,3500,199.89,1900,199.9,2700,199.91,3900
2026-07-16 09:40:42.536,NVDA,199.83,199.81,3600,199.8,3800,199.79,3600,199.78,1100,199.77,1800,199.85,200,199.86,1200,199.87,3200,199.88,200,199.89,3000
2026-07-16 09:40:42.917,NVDA,199.85,199.83,300,199.82,600,199.81,100,199.8,4400,199.79,1400,199.87,400,199.88,3400,199.89,2500,199.9,1200,199.91,2500
2026-07-16 09:40:42.952,NVDA,199.84,199.82,2300,199.81,1700,199.8,3200,199.79,1600,199.78,4400,199.86,2000,199.87,800,199.88,1500,199.89,300,199.9,4800
2026-07-16 09:40:43.186,NVDA,199.83,199.81,300,199.8,1600,199.79,400,199.78,1500,199.77,700,199.85,1500,199.86,3600,199.87,1400,199.88,3700,199.89,1500
2026-07-16 09:40:43.676,NVDA,199.82,199.8,3400,199.79,2000,199.78,2300,199.77,1600,199.76,1400,199.84,2900,199.85,3800,199.86,700,199.87,4900,199.88,4600
2026-07-16 09:40:43.923,NVDA,199.83,199.81,4200,199.8,5000,199.79,300,199.78,1100,199.77,4200,199.85,2600,199.86,800,199.87,4900,199.88,4100,199.89,2000
2026-07-16 09:40:43.933,NVDA,199.84,199.82,3500,199.81,3700,199.8,800,199.79,900,199.78,3700,199.86,4900,199.87,800,199.88,4300,199.89,900,199.9,4800
2026-07-16 09:40:44.032,NVDA,199.86,199.84,3600,199.83,300,199.82,3600,199.81,900,199.8,3500,199.88,800,199.89,3100,199.9,2400,199.91,3300,199.92,3500
2026-07-16 09:40:44.431,NVDA,199.84,199.82,800,199.81,2500,199.8,2800,199.79,4300,199.78,3000,199.86,1000,199.87,4200,199.88,4600,199.89,2000,199.9,2400
2026-07-16 09:40:44.744,NVDA,199.84,199.82,2200,199.81,600,199.8,4200,199.79,5000,199.78,100,199.86,100,199.87,4400,199.88,3100,199.89,2800,199.9,3700
2026-07-16 09:40:44.862,NVDA,199.82,199.8,600,199.79,1300,199.78,500,199.77,2700,199.76,200,199.84,4500,199.85,4300,199.86,4700,199.87,4200,199.88,2600
2026-07-16 09:40:45.132,NVDA,199.84,199.82,900,199.81,4900,199.8,2900,199.79,1800,199.78,3400,199.86,3300,199.87,2300,199.88,400,199.89,4500,199.9,5000
2026-07-16 09:40:45.220,NVDA,199.83,199.81,1500,199.8,1600,199.79,4100,199.78,800,199.77,2600,199.85,3500,199.86,4500,199.87,700,199.88,100,199.89,2200
2026-07-16 09:40:45.706,NVDA,199.81,199.79,1900,199.78,4000,199.77,3700,199.76,3700,199.75,1500,199.83,2700,199.84,700,199.85,500,199.86,700,199.87,4400
2026-07-16 09:40:45.835,NVDA,199.81,199.79,1800,199.78,2000,199.77,2000,199.76,2000,199.75,900,199.83,4600,199.84,3500,199.85,4100,199.86,3400,199.87,300
2026-07-16 09:40:46.251,NVDA,199.81,199.79,3800,199.78,3300,199.77,3000,199.76,2300,199.75,800,199.83,5000,199.84,300,199.85,1400,199.86,2500,199.87,1900
2026-07-16 09:40:46.424,NVDA,199.8,199.78,1000,199.77,2300,199.76,1500,199.75,4200,199.74,3100,199.82,600,199.83,1200,199.84,3700,199.85,3500,199.86,1400
2026-07-16 09:40:46.670,NVDA,199.82,199.8,4200,199.79,4900,199.78,1400,199.77,2800,199.76,700,199.84,1700,199.85,4000,199.86,1700,199.87,4900,199.88,700
2026-07-16 09:40:47.142,NVDA,199.83,199.81,2000,199.8,1700,199.79,900,199.78,2700,199.77,2000,199.85,4800,199.86,2500,199.87,1100,199.88,4400,199.89,2200
2026-07-16 09:40:47.529,NVDA,199.84,199.82,2400,199.81,4100,199.8,3600,199.79,3100,199.78,2100,199.86,2600,199.87,900,199.88,1100,199.89,2900,199.9,2600
2026-07-16 09:40:47.927,NVDA,199.83,199.81,2100,199.8,2900,199.79,2100,199.78,200,199.77,1500,199.85,5000,199.86,1800,199.87,2000,199.88,2400,199.89,1700
2026-07-16 09:40:48.279,NVDA,199.84,199.82,1400,199.81,3700,199.8,1600,199.79,4200,199.78,2900,199.86,4600,199.87,2300,199.88,3700,199.89,4600,199.9,200
2026-07-16 09:40:48.711,NVDA,199.86,199.84,4800,199.83,800,199.82,4100,199.81,1100,199.8,4900,199.88,500,199.89,4700,199.9,1000,199.91,2500,199.92,3600
2026-07-16 09:40:49.032,NVDA,199.87,199.85,1600,199.84,1500,199.83,3000,199.82,4100,199.81,600,199.89,4600,199.9,1300,199.91,4600,199.92,1900,199.93,2800
2026-07-16 09:40:49.145,NVDA,199.88,199.86,600,199.85,400,199.84,3100,199.83,4300,199.82,600,199.9,500,199.91,3400,199.92,4500,199.93,500,199.94,2900
2026-07-16 09:40:49.534,NVDA,199.9,199.88,1200,199.87,2100,199.86,2400,199.85,3400,199.84,2800,199.92,2700,199.93,4200,199.94,4500,199.95,100,199.96,2400
2026-07-16 09:40:49.578,NVDA,199.9,199.88,2700,199.87,2900,199.86,2900,199.85,4100,199.84,3800,199.92,600,199.93,4300,199.94,800,199.95,500,199.96,3700
2026-07-16 09:40:49.720,NVDA,199.92,199.9,3900,199.89,2800,199.88,2600,199.87,4300,199.86,1000,199.94,3900,199.95,2400,199.96,2000,199.97,900,199.98,3300
2026-07-16 09:40:50.175,NVDA,199.9,199.88,100,199.87,3500,199.86,3200,199.85,200,199.84,1300,199.92,1400,199.93,4300,199.94,3100,199.95,3300,199.96,1800
2026-07-16 09:40:50.451,NVDA,199.9,199.88,1200,199.87,4600,199.86,200,199.85,1500,199.84,4300,199.92,3300,199.93,4900,199.94,900,199.95,1800,199.96,4100
2026-07-16 09:40:50.721,NVDA,199.89,199.87,5000,199.86,2100,199.85,3800,199.84,4700,199.83,1500,199.91,4400,199.92,400,199.93,4200,199.94,300,199.95,800
2026-07-16 09:40:50.992,NVDA,199.88,199.86,2600,199.85,2000,199.84,400,199.83,3300,199.82,100,199.9,3800,199.91,3400,199.92,3900,199.93,2400,199.94,1000
2026-07-16 09:40:51.387,NVDA,199.89,199.87,3200,199.86,3300,199.85,200,199.84,1800,199.83,200,199.91,1200,199.92,4500,199.93,1600,199.94,1900,199.95,1600
2026-07-16 09:40:51.573,NVDA,199.89,199.87,300,199.86,200,199.85,2000,199.84,1200,199.83,2500,199.91,2400,199.92,3800,199.93,2900,199.94,4200,199.95,2500
2026-07-16 09:40:51.844,NVDA,199.89,199.87,2400,199.86,1600,199.85,3400,199.84,4100,199.83,5000,199.91,4000,199.92,4100,199.93,2200,199.94,3600,199.95,300
2026-07-16 09:40:52.063,NVDA,199.91,199.89,2700,199.88,1900,199.87,4400,199.86,3700,199.85,5000,199.93,3900,199.94,4200,199.95,1600,199.96,3700,199.97,3600
2026-07-16 09:40:52.494,NVDA,199.93,199.91,1800,199.9,5000,199.89,2600,199.88,2900,199.87,1100,199.95,3500,199.96,3900,199.97,1100,199.98,2800,199.99,800
2026-07-16 09:40:52.609,NVDA,199.92,199.9,100,199.89,2200,199.88,4900,199.87,3500,199.86,400,199.94,5000,199.95,2500,199.96,5000,199.97,1000,199.98,2100
2026-07-16 09:40:52.840,NVDA,199.9,199.88,300,199.87,700,199.86,4200,199.85,900,199.84,4600,199.92,200,199.93,2300,199.94,800,199.95,3100,199.96,2200
2026-07-16 09:40:53.079,NVDA,199.9,199.88,4400,199.87,3900,199.86,4900,199.85,4000,199.84,1300,199.92,4600,199.93,400,199.94,3300,199.95,400,199.96,300
2026-07-16 09:40:53.299,NVDA,199.92,199.9,2400,199.89,4900,199.88,3100,199.87,4400,199.86,4100,199.94,4400,199.95,4800,199.96,400,199.97,3300,199.98,3000
2026-07-16 09:40:53.333,NVDA,199.92,199.9,2400,199.89,2600,199.88,2000,199.87,3100,199.86,4200,199.94,2300,199.95,100,199.96,1100,199.97,4300,199.98,4100
2026-07-16 09:40:53.416,NVDA,199.93,199.91,500,199.9,3900,199.89,1800,199.88,4800,199.87,800,199.95,800,199.96,2600,199.97,1900,199.98,4000,199.99,5000
2026-07-16 09:40:53.515,NVDA,199.92,199.9,2600,199.89,3800,199.88,800,199.87,4400,199.86,3700,199.94,2900,199.95,2500,199.96,4800,199.97,600,199.98,4300
2026-07-16 09:40:53.525,NVDA,199.92,199.9,3800,199.89,2800,199.88,1800,199.87,4400,199.86,4800,199.94,400,199.95,900,199.96,4400,199.97,1800,199.98,3700
2026-07-16 09:40:53.733,NVDA,199.94,199.92,3200,199.91,100,199.9,4100,199.89,1900,199.88,1700,199.96,4000,199.97,2700,199.98,1400,199.99,1300,200.0,1300
2026-07-16 09:40:53.994,NVDA,199.92,199.9,3900,199.89,1600,199.88,200,199.87,3300,199.86,400,199.94,5000,199.95,1300,199.96,3900,199.97,2700,199.98,3400
2026-07-16 09:40:54.384,NVDA,199.94,199.92,2500,199.91,800,199.9,4000,199.89,600,199.88,2700,199.96,4400,199.97,3300,199.98,4600,199.99,4800,200.0,800
2026-07-16 09:40:54.625,NVDA,199.96,199.94,400,199.93,2900,199.92,2300,199.91,1400,199.9,2500,199.98,3500,199.99,1700,200.0,500,200.01,3000,200.02,3100
2026-07-16 09:40:54.794,NVDA,199.96,199.94,5000,199.93,1600,199.92,2000,199.91,1400,199.9,1500,199.98,4300,199.99,1700,200.0,5000,200.01,2700,200.02,4300
2026-07-16 09:40:54.893,NVDA,199.98,199.96,4700,199.95,3400,199.94,1300,199.93,2400,199.92,4500,200.0,3400,200.01,1400,200.02,1200,200.03,2800,200.04,2000
2026-07-16 09:40:55.326,NVDA,200.0,199.98,1000,199.97,2900,199.96,300,199.95,3000,199.94,2700,200.02,100,200.03,600,200.04,2400,200.05,2300,200.06,200
2026-07-16 09:40:55.426,NVDA,200.02,200.0,1900,199.99,2400,199.98,900,199.97,4100,199.96,800,200.04,3100,200.05,2600,200.06,3700,200.07,2100,200.08,4400
2026-07-16 09:40:55.529,NVDA,200.03,200.01,2700,200.0,2300,199.99,1000,199.98,4600,199.97,3900,200.05,3500,200.06,4600,200.07,900,200.08,800,200.09,2500
2026-07-16 09:40:55.843,NVDA,200.02,200.0,2000,199.99,2300,199.98,1900,199.97,2500,199.96,4300,200.04,600,200.05,1500,200.06,700,200.07,2100,200.08,2000
2026-07-16 09:40:55.999,NVDA,200.03,200.01,2200,200.0,4400,199.99,400,199.98,500,199.97,1500,200.05,3000,200.06,4700,200.07,100,200.08,1900,200.09,3900
2026-07-16 09:40:56.442,NVDA,200.04,200.02,4200,200.01,2500,200.0,3700,199.99,2800,199.98,3600,200.06,800,200.07,1400,200.08,1400,200.09,2200,200.1,2700
2026-07-16 09:40:56.800,NVDA,200.05,200.03,2300,200.02,2400,200.01,5000,200.0,4800,199.99,700,200.07,2100,200.08,3300,200.09,3600,200.1,4000,200.11,3400
2026-07-16 09:40:57.242,NVDA,200.06,200.04,400,200.03,2200,200.02,600,200.01,2800,200.0,2300,200.08,600,200.09,3000,200.1,4300,200.11,3700,200.12,4000
2026-07-16 09:40:57.406,NVDA,200.06,200.04,3800,200.03,100,200.02,3400,200.01,5000,200.0,1600,200.08,4800,200.09,3500,200.1,3600,200.11,700,200.12,4200
2026-07-16 09:40:57.796,NVDA,200.06,200.04,2000,200.03,3200,200.02,1700,200.01,4800,200.0,1500,200.08,700,200.09,3200,200.1,4300,200.11,4900,200.12,1600
2026-07-16 09:40:58.138,NVDA,200.04,200.02,2600,200.01,3300,200.0,4000,199.99,3200,199.98,400,200.06,2100,200.07,4100,200.08,3700,200.09,500,200.1,900
2026-07-16 09:40:58.407,NVDA,200.04,200.02,3400,200.01,2000,200.0,2900,199.99,1200,199.98,500,200.06,1300,200.07,1000,200.08,4400,200.09,2400,200.1,4700
2026-07-16 09:40:58.448,NVDA,200.05,200.03,3900,200.02,4600,200.01,3500,200.0,2600,199.99,1100,200.07,500,200.08,3100,200.09,1400,200.1,3100,200.11,2700
2026-07-16 09:40:58.785,NVDA,200.03,200.01,2800,200.0,2800,199.99,800,199.98,3800,199.97,500,200.05,1800,200.06,800,200.07,3600,200.08,1000,200.09,4700
2026-07-16 09:40:59.012,NVDA,200.03,200.01,4000,200.0,2800,199.99,2500,199.98,400,199.97,2100,200.05,2500,200.06,1400,200.07,700,200.08,4200,200.09,1500
2026-07-16 09:40:59.270,NVDA,200.04,200.02,4300,200.01,1300,200.0,4500,199.99,3900,199.98,2300,200.06,1600,200.07,2900,200.08,4300,200.09,5000,200.1,3900
2026-07-16 09:40:59.633,NVDA,200.06,200.04,2400,200.03,2300,200.02,1300,200.01,4600,200.0,400,200.08,2000,200.09,1200,200.1,900,200.11,600,200.12,1000
2026-07-16 09:40:59.831,NVDA,200.08,200.06,4900,200.05,4900,200.04,2300,200.03,1600,200.02,4300,200.1,4000,200.11,5000,200.12,800,200.13,4700,200.14,700
2026-07-16 09:40:59.886,NVDA,200.09,200.07,3100,200.06,700,200.05,1500,200.04,4200,200.03,3100,200.11,1400,200.12,1000,200.13,2800,200.14,5000,200.15,600
2026-07-16 09:41:00.219,NVDA,200.09,200.07,2700,200.06,1000,200.05,400,200.04,900,200.03,4700,200.11,1000,200.12,3900,200.13,4200,200.14,1600,200.15,1700
2026-07-16 09:41:00.392,NVDA,200.1,200.08,3300,200.07,2900,200.06,2300,200.05,400,200.04,1000,200.12,2800,200.13,4900,200.14,1900,200.15,3900,200.16,1300
2026-07-16 09:41:00.565,NVDA,200.08,200.06,900,200.05,4200,200.04,3600,200.03,1100,200.02,3900,200.1,300,200.11,1900,200.12,1000,200.13,1700,200.14,3300
2026-07-16 09:41:00.813,NVDA,200.07,200.05,2900,200.04,4000,200.03,1100,200.02,2100,200.01,1600,200.09,4800,200.1,4700,200.11,500,200.12,1200,200.13,4700
2026-07-16 09:41:01.131,NVDA,200.07,200.05,4100,200.04,4000,200.03,4900,200.02,4900,200.01,1000,200.09,1100,200.1,4100,200.11,700,200.12,600,200.13,1100
2026-07-16 09:41:01.399,NVDA,200.09,200.07,3400,200.06,1000,200.05,900,200.04,2100,200.03,400,200.11,3400,200.12,4700,200.13,2000,200.14,2700,200.15,4200
2026-07-16 09:41:01.479,NVDA,200.07,200.05,1200,200.04,3000,200.03,500,200.02,3300,200.01,4200,200.09,600,200.1,4200,200.11,4200,200.12,2800,200.13,900
2026-07-16 09:41:01.671,NVDA,200.05,200.03,800,200.02,2000,200.01,3900,200.0,2900,199.99,1800,200.07,4200,200.08,3100,200.09,4600,200.1,2800,200.11,3900
2026-07-16 09:41:02.052,NVDA,200.04,200.02,4300,200.01,1400,200.0,3000,199.99,3100,199.98,4800,200.06,4000,200.07,2300,200.08,4900,200.09,4400,200.1,300
2026-07-16 09:41:02.308,NVDA,200.04,200.02,2200,200.01,3600,200.0,2400,199.99,2500,199.98,3700,200.06,1000,200.07,100,200.08,4800,200.09,2000,200.1,4300
2026-07-16 09:41:02.560,NVDA,200.03,200.01,300,200.0,300,199.99,200,199.98,4400,199.97,100,200.05,1700,200.06,1400,200.07,2700,200.08,4800,200.09,2900
2026-07-16 09:41:02.861,NVDA,200.02,200.0,2700,199.99,2900,199.98,1100,199.97,1800,199.96,2900,200.04,1000,200.05,1300,200.06,2000,200.07,1100,200.08,1700
2026-07-16 09:41:03.146,NVDA,200.02,200.0,3400,199.99,1000,199.98,4900,199.97,3000,199.96,4700,200.04,3000,200.05,3900,200.06,2500,200.07,2700,200.08,700
2026-07-16 09:41:03.498,NVDA,200.02,200.0,3500,199.99,1900,199.98,4600,199.97,700,199.96,2100,200.04,700,200.05,100,200.06,500,200.07,900,200.08,3800
2026-07-16 09:41:03.856,NVDA,200.04,200.02,3600,200.01,1900,200.0,3000,199.99,200,199.98,400,200.06,3700,200.07,1800,200.08,1000,200.09,1500,200.1,4600
2026-07-16 09:41:03.888,NVDA,200.04,200.02,100,200.01,3900,200.0,2300,199.99,3000,199.98,1700,200.06,2800,200.07,4700,200.08,1800,200.09,1600,200.1,300
2026-07-16 09:41:04.180,NVDA,200.03,200.01,1800,200.0,400,199.99,2000,199.98,700,199.97,4000,200.05,2700,200.06,2700,200.07,1100,200.08,2600,200.09,2100
2026-07-16 09:41:04.235,NVDA,200.05,200.03,4300,200.02,1400,200.01,2100,200.0,1200,199.99,4100,200.07,4300,200.08,5000,200.09,5000,200.1,1500,200.11,300
2026-07-16 09:41:04.329,NVDA,200.07,200.05,200,200.04,500,200.03,4400,200.02,4900,200.01,800,200.09,300,200.1,4800,200.11,800,200.12,2700,200.13,2300
2026-07-16 09:41:04.810,NVDA,200.08,200.06,1100,200.05,2900,200.04,1700,200.03,1500,200.02,1300,200.1,700,200.11,2500,200.12,3800,200.13,3900,200.14,2600
2026-07-16 09:41:04.915,NVDA,200.06,200.04,2100,200.03,4100,200.02,2800,200.01,1500,200.0,800,200.08,1800,200.09,4900,200.1,500,200.11,900,200.12,4200
2026-07-16 09:41:04.977,NVDA,200.05,200.03,500,200.02,4200,200.01,3400,200.0,3700,199.99,4900,200.07,3700,200.08,3100,200.09,3300,200.1,3900,200.11,3600
2026-07-16 09:41:05.356,NVDA,200.03,200.01,4400,200.0,2100,199.99,2600,199.98,2800,199.97,3500,200.05,1700,200.06,3200,200.07,400,200.08,4700,200.09,2200
2026-07-16 09:41:05.395,NVDA,200.02,200.0,4600,199.99,100,199.98,4400,199.97,3300,199.96,100,200.04,200,200.05,4500,200.06,2400,200.07,1600,200.08,5000
2026-07-16 09:41:05.759,NVDA,200.03,200.01,3700,200.0,2900,199.99,3800,199.98,2800,199.97,300,200.05,1500,200.06,1800,200.07,1800,200.08,3200,200.09,1800
2026-07-16 09:41:05.951,NVDA,200.01,199.99,4400,199.98,4900,199.97,3900,199.96,500,199.95,4600,200.03,3900,200.04,1200,200.05,3100,200.06,4600,200.07,4800
2026-07-16 09:41:06.272,NVDA,199.99,199.97,4800,199.96,3200,199.95,900,199.94,4700,199.93,1000,200.01,4500,200.02,700,200.03,1000,200.04,700,200.05,1500
2026-07-16 09:41:06.674,NVDA,199.99,199.97,1900,199.96,4000,199.95,1700,199.94,100,199.93,3400,200.01,4600,200.02,700,200.03,4900,200.04,4800,200.05,1600
2026-07-16 09:41:06.799,NVDA,199.99,199.97,800,199.96,4000,199.95,3800,199.94,700,199.93,400,200.01,3900,200.02,4100,200.03,1300,200.04,1500,200.05,3200
2026-07-16 09:41:07.107,NVDA,199.97,199.95,4300,199.94,2500,199.93,3300,199.92,1100,199.91,1400,199.99,300,200.0,1600,200.01,4500,200.02,500,200.03,4800
2026-07-16 09:41:07.375,NVDA,199.98,199.96,2200,199.95,3400,199.94,1600,199.93,4500,199.92,3600,200.0,300,200.01,2600,200.02,5000,200.03,200,200.04,1900
2026-07-16 09:41:07.789,NVDA,200.0,199.98,3900,199.97,1700,199.96,300,199.95,4000,199.94,3100,200.02,500,200.03,2000,200.04,600,200.05,1300,200.06,3600
2026-07-16 09:41:07.871,NVDA,200.01,199.99,2000,199.98,3600,199.97,1500,199.96,1600,199.95,600,200.03,4600,200.04,800,200.05,4200,200.06,2800,200.07,4600
2026-07-16 09:41:08.025,NVDA,199.99,199.97,3600,199.96,2300,199.95,2200,199.94,3400,199.93,4000,200.01,700,200.02,1500,200.03,600,200.04,3700,200.05,700
2026-07-16 09:41:08.151,NVDA,199.98,199.96,5000,199.95,2600,199.94,2900,199.93,1000,199.92,4100,200.0,3200,200.01,800,200.02,900,200.03,2300,200.04,500
2026-07-16 09:41:08.400,NVDA,200.0,199.98,2000,199.97,4200,199.96,1200,199.95,1900,199.94,3100,200.02,2300,200.03,1000,200.04,1100,200.05,2500,200.06,1400
2026-07-16 09:41:08.675,NVDA,200.02,200.0,1900,199.99,2800,199.98,3000,199.97,4500,199.96,2100,200.04,4600,200.05,400,200.06,4600,200.07,3600,200.08,1300
2026-07-16 09:41:08.773,NVDA,200.04,200.02,5000,200.01,2600,200.0,400,199.99,4400,199.98,4700,200.06,2100,200.07,1000,200.08,2600,200.09,2500,200.1,4500
2026-07-16 09:41:08.915,NVDA,200.05,200.03,4000,200.02,500,200.01,2000,200.0,1200,199.99,2400,200.07,200,200.08,3700,200.09,500,200.1,4500,200.11,1400
2026-07-16 09:41:09.294,NVDA,200.04,200.02,1100,200.01,1800,200.0,4300,199.99,3000,199.98,1500,200.06,3700,200.07,800,200.08,4500,200.09,3000,200.1,3700
2026-07-16 09:41:09.639,NVDA,200.04,200.02,2000,200.01,4100,200.0,4600,199.99,3800,199.98,3200,200.06,3300,200.07,3600,200.08,3000,200.09,1200,200.1,1500
2026-07-16 09:41:10.022,NVDA,200.02,200.0,400,199.99,2900,199.98,4700,199.97,3500,199.96,500,200.04,1000,200.05,800,200.06,900,200.07,400,200.08,400
2026-07-16 09:41:10.068,NVDA,200.01,199.99,4500,199.98,4300,199.97,2000,199.96,3300,199.95,400,200.03,3000,200.04,4900,200.05,3000,200.06,2700,200.07,4000
2026-07-16 09:41:10.458,NVDA,199.99,199.97,1300,199.96,2400,199.95,900,199.94,1100,199.93,4800,200.01,2300,200.02,2900,200.03,3000,200.04,1700,200.05,1100
2026-07-16 09:41:10.636,NVDA,200.01,199.99,4000,199.98,1900,199.97,3800,199.96,1700,199.95,500,200.03,2800,200.04,1600,200.05,1200,200.06,3600,200.07,300
2026-07-16 09:41:10.823,NVDA,200.0,199.98,3900,199.97,1700,199.96,1700,199.95,4400,199.94,2700,200.02,4700,200.03,2200,200.04,4100,200.05,4900,200.06,4500
2026-07-16 09:41:11.038,NVDA,199.98,199.96,2200,199.95,1600,199.94,2200,199.93,3000,199.92,400,200.0,1300,200.01,4200,200.02,4300,200.03,300,200.04,3100
2026-07-16 09:41:11.417,NVDA,199.98,199.96,3900,199.95,1800,199.94,4200,199.93,4400,199.92,4500,200.0,3600,200.01,1700,200.02,900,200.03,3700,200.04,2300
2026-07-16 09:41:11.664,NVDA,199.97,199.95,3700,199.94,3700,199.93,1300,199.92,2700,199.91,2900,199.99,400,200.0,2800,200.01,4300,200.02,300,200.03,3000
2026-07-16 09:41:11.875,NVDA,199.98,199.96,400,199.95,3100,199.94,600,199.93,4800,199.92,3300,200.0,3100,200.01,2700,200.02,3700,200.03,3800,200.04,100
2026-07-16 09:41:12.146,NVDA,199.97,199.95,3000,199.94,3300,199.93,3300,199.92,3800,199.91,2000,199.99,1000,200.0,900,200.01,700,200.02,4400,200.03,3900
2026-07-16 09:41:12.585,NVDA,199.99,199.97,2100,199.96,3700,199.95,4000,199.94,3900,199.93,900,200.01,2600,200.02,400,200.03,2300,200.04,2200,200.05,200
2026-07-16 09:41:13.009,NVDA,200.0,199.98,100,199.97,2500,199.96,1000,199.95,300,199.94,600,200.02,3000,200.03,3200,200.04,2100,200.05,4700,200.06,1800
2026-07-16 09:41:13.201,NVDA,199.99,199.97,100,199.96,3700,199.95,4000,199.94,4200,199.93,500,200.01,2600,200.02,4200,200.03,4000,200.04,2500,200.05,2400
2026-07-16 09:41:13.674,NVDA,199.99,199.97,1500,199.96,2600,199.95,1900,199.94,4200,199.93,4500,200.01,600,200.02,3800,200.03,1300,200.04,1400,200.05,4400
2026-07-16 09:41:14.005,NVDA,199.97,199.95,2400,199.94,3800,199.93,4000,199.92,2800,199.91,4600,199.99,1700,200.0,1600,200.01,2500,200.02,2300,200.03,1100
2026-07-16 09:41:14.018,NVDA,199.97,199.95,3100,199.94,4800,199.93,900,199.92,3800,199.91,4700,199.99,1100,200.0,2100,200.01,2500,200.02,1400,200.03,2800
2026-07-16 09:41:14.374,NVDA,199.98,199.96,2700,199.95,5000,199.94,300,199.93,2200,199.92,800,200.0,4500,200.01,3300,200.02,3800,200.03,2000,200.04,2900
2026-07-16 09:41:14.452,NVDA,199.96,199.94,2800,199.93,900,199.92,4000,199.91,300,199.9,2500,199.98,1700,199.99,2500,200.0,4900,200.01,2200,200.02,1900
2026-07-16 09:41:14.921,NVDA,199.96,199.94,700,199.93,4800,199.92,2600,199.91,3400,199.9,4300,199.98,2400,199.99,2600,200.0,2700,200.01,2500,200.02,3000
2026-07-16 09:41:15.216,NVDA,199.94,199.92,1600,199.91,200,199.9,4800,199.89,2000,199.88,700,199.96,2700,199.97,1500,199.98,5000,199.99,1000,200.0,1500
2026-07-16 09:41:15.403,NVDA,199.93,199.91,2700,199.9,3400,199.89,1000,199.88,1800,199.87,3700,199.95,2500,199.96,1800,199.97,4100,199.98,3200,199.99,4800
2026-07-16 09:41:15.838,NVDA,199.92,199.9,2600,199.89,3300,199.88,2300,199.87,100,199.86,100,199.94,400,199.95,3200,199.96,3600,199.97,1500,199.98,4900
2026-07-16 09:41:16.237,NVDA,199.91,199.89,4800,199.88,3300,199.87,1200,199.86,1000,199.85,2000,199.93,1900,199.94,1800,199.95,100,199.96,3700,199.97,600
2026-07-16 09:41:16.290,NVDA,199.93,199.91,2700,199.9,3100,199.89,1100,199.88,1400,199.87,800,199.95,1400,199.96,3700,199.97,3000,199.98,900,199.99,2200
2026-07-16 09:41:16.392,NVDA,199.92,199.9,2500,199.89,4100,199.88,2900,199.87,2200,199.86,800,199.94,800,199.95,4500,199.96,4900,199.97,3200,199.98,2300
2026-07-16 09:41:16.615,NVDA,199.9,199.88,2500,199.87,4800,199.86,1000,199.85,1300,199.84,4400,199.92,1900,199.93,2400,199.94,1900,199.95,700,199.96,2100
2026-07-16 09:41:16.654,NVDA,199.88,199.86,600,199.85,2400,199.84,4400,199.83,4200,199.82,3800,199.9,4900,199.91,4500,199.92,4800,199.93,2800,199.94,5000
2026-07-16 09:41:16.835,NVDA,199.86,199.84,1200,199.83,4700,199.82,4700,199.81,3800,199.8,3400,199.88,2600,199.89,3900,199.9,4300,199.91,4600,199.92,1700
2026-07-16 09:41:17.250,NVDA,199.86,199.84,2000,199.83,2800,199.82,1800,199.81,800,199.8,3600,199.88,3600,199.89,1100,199.9,900,199.91,2400,199.92,600
2026-07-16 09:41:17.709,NVDA,199.85,199.83,4000,199.82,3600,199.81,1800,199.8,2400,199.79,4800,199.87,4100,199.88,700,199.89,1600,199.9,2300,199.91,3600
2026-07-16 09:41:17.953,NVDA,199.87,199.85,4800,199.84,600,199.83,2100,199.82,2800,199.81,1000,199.89,3900,199.9,2500,199.91,5000,199.92,4000,199.93,4000
2026-07-16 09:41:18.065,NVDA,199.85,199.83,4400,199.82,1800,199.81,1200,199.8,2200,199.79,3900,199.87,5000,199.88,4300,199.89,1500,199.9,1800,199.91,2500
2026-07-16 09:41:18.537,NVDA,199.84,199.82,2000,199.81,4300,199.8,3100,199.79,4100,199.78,200,199.86,1100,199.87,2700,199.88,1900,199.89,3400,199.9,2000
2026-07-16 09:41:18.613,NVDA,199.83,199.81,700,199.8,400,199.79,2300,199.78,4100,199.77,900,199.85,2800,199.86,3500,199.87,1300,199.88,3100,199.89,3900
2026-07-16 09:41:18.888,NVDA,199.85,199.83,200,199.82,3300,199.81,4800,199.8,1000,199.79,4700,199.87,4400,199.88,1000,199.89,700,199.9,2900,199.91,2500
2026-07-16 09:41:19.205,NVDA,199.84,199.82,3500,199.81,1400,199.8,3100,199.79,300,199.78,500,199.86,2700,199.87,4800,199.88,700,199.89,3000,199.9,2500
2026-07-16 09:41:19.441,NVDA,199.84,199.82,4400,199.81,900,199.8,3500,199.79,2900,199.78,4200,199.86,3200,199.87,4800,199.88,3200,199.89,200,199.9,4400
2026-07-16 09:41:19.530,NVDA,199.86,199.84,5000,199.83,200,199.82,500,199.81,3500,199.8,1700,199.88,2900,199.89,2400,199.9,2900,199.91,3100,199.92,5000
2026-07-16 09:41:19.994,NVDA,199.86,199.84,3000,199.83,1000,199.82,1700,199.81,400,199.8,2900,199.88,3500,199.89,1100,199.9,2300,199.91,2400,199.92,4600
2026-07-16 09:41:20.322,NVDA,199.88,199.86,3800,199.85,4900,199.84,4300,199.83,1600,199.82,1900,199.9,1600,199.91,1100,199.92,1800,199.93,200,199.94,4600
2026-07-16 09:41:20.437,NVDA,199.86,199.84,1100,199.83,1700,199.82,2800,199.81,3200,199.8,900,199.88,1400,199.89,3600,199.9,4000,199.91,700,199.92,100
2026-07-16 09:41:20.497,NVDA,199.84,199.82,2400,199.81,3800,199.8,3300,199.79,1600,199.78,700,199.86,2400,199.87,2500,199.88,3000,199.89,500,199.9,3000
2026-07-16 09:41:20.986,NVDA,199.82,199.8,4300,199.79,2400,199.78,600,199.77,1700,199.76,500,199.84,600,199.85,3500,199.86,4000,199.87,4400,199.88,2500
2026-07-16 09:41:21.386,NVDA,199.82,199.8,3000,199.79,400,199.78,900,199.77,3700,199.76,1400,199.84,1900,199.85,3300,199.86,1800,199.87,2100,199.88,4500
2026-07-16 09:41:21.748,NVDA,199.8,199.78,1900,199.77,4700,199.76,800,199.75,4400,199.74,400,199.82,2200,199.83,2200,199.84,2700,199.85,3300,199.86,3000
2026-07-16 09:41:22.010,NVDA,199.82,199.8,3000,199.79,1600,199.78,2400,199.77,4100,199.76,300,199.84,1800,199.85,4400,199.86,3800,199.87,4800,199.88,1500
2026-07-16 09:41:22.206,NVDA,199.8,199.78,3500,199.77,4900,199.76,800,199.75,100,199.74,600,199.82,4100,199.83,1800,199.84,3800,199.85,3000,199.86,3700
2026-07-16 09:41:22.540,NVDA,199.82,199.8,3500,199.79,3300,199.78,3400,199.77,4800,199.76,3700,199.84,1000,199.85,2700,199.86,800,199.87,2600,199.88,4500
2026-07-16 09:41:22.701,NVDA,199.81,199.79,3800,199.78,1300,199.77,4300,199.76,700,199.75,500,199.83,100,199.84,100,199.85,2300,199.86,2000,199.87,1900
2026-07-16 09:41:22.849,NVDA,199.83,199.81,3300,199.8,2900,199.79,2200,199.78,300,199.77,1300,199.85,4700,199.86,5000,199.87,1300,199.88,3100,199.89,400
2026-07-16 09:41:23.260,NVDA,199.84,199.82,1900,199.81,3500,199.8,4100,199.79,4500,199.78,3200,199.86,1500,199.87,3200,199.88,4900,199.89,1000,199.9,1400
2026-07-16 09:41:23.677,NVDA,199.83,199.81,1900,199.8,4200,199.79,3800,199.78,3600,199.77,2100,199.85,800,199.86,3400,199.87,1700,199.88,2100,199.89,900
2026-07-16 09:41:23.787,NVDA,199.85,199.83,2400,199.82,3800,199.81,400,199.8,900,199.79,1400,199.87,3800,199.88,1000,199.89,3300,199.9,3500,199.91,1700
2026-07-16 09:41:24.202,NVDA,199.85,199.83,300,199.82,100,199.81,3100,199.8,2600,199.79,5000,199.87,2900,199.88,700,199.89,800,199.9,3100,199.91,1300
2026-07-16 09:41:24.582,NVDA,199.87,199.85,4400,199.84,1900,199.83,2300,199.82,2500,199.81,3000,199.89,2100,199.9,400,199.91,4500,199.92,1000,199.93,5000
2026-07-16 09:41:24.908,NVDA,199.87,199.85,2400,199.84,5000,199.83,200,199.82,900,199.81,1500,199.89,2000,199.9,4600,199.91,4500,199.92,3100,199.93,3500
2026-07-16 09:41:25.281,NVDA,199.85,199.83,2600,199.82,1400,199.81,4500,199.8,1500,199.79,100,199.87,3500,199.88,1300,199.89,600,199.9,4200,199.91,1600
2026-07-16 09:41:25.753,NVDA,199.83,199.81,1300,199.8,4200,199.79,3900,199.78,2400,199.77,2700,199.85,3500,199.86,2100,199.87,4700,199.88,600,199.89,1500
2026-07-16 09:41:25.804,NVDA,199.81,199.79,700,199.78,3300,199.77,4300,199.76,2000,199.75,200,199.83,1200,199.84,3700,199.85,4100,199.86,1000,199.87,1300
2026-07-16 09:41:25.924,NVDA,199.8,199.78,3400,199.77,4900,199.76,4000,199.75,200,199.74,1000,199.82,1400,199.83,4700,199.84,2000,199.85,3600,199.86,3600
2026-07-16 09:41:26.216,NVDA,199.81,199.79,4800,199.78,2300,199.77,3000,199.76,2900,199.75,1400,199.83,2200,199.84,1900,199.85,4600,199.86,4900,199.87,3500
2026-07-16 09:41:26.572,NVDA,199.8,199.78,3800,199.77,300,199.76,5000,199.75,3400,199.74,2200,199.82,3500,199.83,2700,199.84,1200,199.85,900,199.86,2800
2026-07-16 09:41:26.916,NVDA,199.79,199.77,4800,199.76,2000,199.75,4300,199.74,2900,199.73,3400,199.81,1100,199.82,600,199.83,3600,199.84,3500,199.85,3400
2026-07-16 09:41:27.221,NVDA,199.79,199.77,4700,199.76,3300,199.75,1500,199.74,1800,199.73,700,199.81,2700,199.82,500,199.83,3300,199.84,800,199.85,1000
2026-07-16 09:41:27.308,NVDA,199.79,199.77,100,199.76,1500,199.75,5000,199.74,4300,199.73,5000,199.81,3000,199.82,300,199.83,1000,199.84,4600,199.85,3200
2026-07-16 09:41:27.805,NVDA,199.78,199.76,2400,199.75,3900,199.74,2000,199.73,3100,199.72,2700,199.8,5000,199.81,1700,199.82,700,199.83,1700,199.84,1100
2026-07-16 09:41:28.296,NVDA,199.79,199.77,3900,199.76,900,199.75,4400,199.74,3300,199.73,2100,199.81,3800,199.82,1200,199.83,100,199.84,4600,199.85,900
2026-07-16 09:41:28.468,NVDA,199.78,199.76,300,199.75,1300,199.74,2600,199.73,900,199.72,1500,199.8,2300,199.81,4800,199.82,4300,199.83,3800,199.84,600
2026-07-16 09:41:28.722,NVDA,199.77,199.75,100,199.74,3300,199.73,4000,199.72,3900,199.71,4900,199.79,1300,199.8,4500,199.81,5000,199.82,2300,199.83,4000
2026-07-16 09:41:29.056,NVDA,199.79,199.77,400,199.76,1300,199.75,2700,199.74,2400,199.73,1400,199.81,4500,199.82,4500,199.83,2600,199.84,1400,199.85,1400
2026-07-16 09:41:29.485,NVDA,199.8,199.78,100,199.77,4900,199.76,3800,199.75,1500,199.74,3500,199.82,1200,199.83,1800,199.84,3800,199.85,2300,199.86,1600
2026-07-16 09:41:29.758,NVDA,199.79,199.77,2400,199.76,2100,199.75,4900,199.74,5000,199.73,2000,199.81,600,199.82,500,199.83,4300,199.84,2100,199.85,700
2026-07-16 09:41:30.121,NVDA,199.81,199.79,4200,199.78,2300,199.77,1600,199.76,4200,199.75,700,199.83,1800,199.84,4200,199.85,1000,199.86,300,199.87,500
2026-07-16 09:41:30.185,NVDA,199.83,199.81,4800,199.8,1200,199.79,3200,199.78,500,199.77,2000,199.85,1200,199.86,300,199.87,800,199.88,800,199.89,4100
2026-07-16 09:41:30.592,NVDA,199.84,199.82,3800,199.81,3800,199.8,1300,199.79,2600,199.78,2800,199.86,400,199.87,1900,199.88,3000,199.89,2900,199.9,1800
2026-07-16 09:41:30.872,NVDA,199.86,199.84,4200,199.83,1000,199.82,300,199.81,4600,199.8,300,199.88,2700,199.89,3700,199.9,2700,199.91,2600,199.92,5000
2026-07-16 09:41:31.118,NVDA,199.87,199.85,3700,199.84,3500,199.83,4000,199.82,4600,199.81,3300,199.89,1600,199.9,4400,199.91,2600,199.92,1300,199.93,800
2026-07-16 09:41:31.578,NVDA,199.88,199.86,800,199.85,2500,199.84,2200,199.83,500,199.82,2000,199.9,3800,199.91,2400,199.92,3500,199.93,2300,199.94,2800
2026-07-16 09:41:32.072,NVDA,199.9,199.88,2000,199.87,3300,199.86,800,199.85,4800,199.84,4300,199.92,2900,199.93,1700,199.94,4300,199.95,3400,199.96,2100
2026-07-16 09:41:32.123,NVDA,199.91,199.89,3800,199.88,300,199.87,1800,199.86,2800,199.85,2400,199.93,4900,199.94,3900,199.95,4400,199.96,2700,199.97,2400
2026-07-16 09:41:32.597,NVDA,199.9,199.88,400,199.87,200,199.86,1300,199.85,400,199.84,900,199.92,3800,199.93,4400,199.94,4500,199.95,2400,199.96,3500
2026-07-16 09:41:32.825,NVDA,199.91,199.89,1100,199.88,1200,199.87,2000,199.86,700,199.85,2000,199.93,4400,199.94,800,199.95,1900,199.96,2900,199.97,3600
2026-07-16 09:41:33.239,NVDA,199.91,199.89,4700,199.88,5000,199.87,3200,199.86,900,199.85,2500,199.93,4800,199.94,3100,199.95,2600,199.96,1600,199.97,3000
2026-07-16 09:41:33.299,NVDA,199.9,199.88,4000,199.87,4200,199.86,3300,199.85,1700,199.84,2100,199.92,300,199.93,2500,199.94,4600,199.95,200,199.96,3700
2026-07-16 09:41:33.394,NVDA,199.89,199.87,1700,199.86,3100,199.85,2100,199.84,400,199.83,1000,199.91,300,199.92,2100,199.93,4000,199.94,800,199.95,2400
2026-07-16 09:41:33.424,NVDA,199.87,199.85,1100,199.84,2600,199.83,2300,199.82,3100,199.81,1100,199.89,2300,199.9,600,199.91,3600,199.92,2600,199.93,900
2026-07-16 09:41:33.454,NVDA,199.89,199.87,4900,199.86,2100,199.85,4000,199.84,2900,199.83,4800,199.91,3300,199.92,1500,199.93,2200,199.94,2800,199.95,4200
2026-07-16 09:41:33.633,NVDA,199.89,199.87,400,199.86,800,199.85,600,199.84,900,199.83,2200,199.91,3200,199.92,2500,199.93,4700,199.94,600,199.95,1300
2026-07-16 09:41:33.906,NVDA,199.9,199.88,4500,199.87,3800,199.86,4100,199.85,700,199.84,3600,199.92,700,199.93,3200,199.94,4400,199.95,2600,199.96,1400
2026-07-16 09:41:34.401,NVDA,199.91,199.89,4400,199.88,4500,199.87,1100,199.86,4400,199.85,4300,199.93,3000,199.94,1500,199.95,4600,199.96,1900,199.97,2300
2026-07-16 09:41:34.621,NVDA,199.9,199.88,400,199.87,1100,199.86,2700,199.85,4200,199.84,4000,199.92,1600,199.93,3500,199.94,2400,199.95,4700,199.96,3800
2026-07-16 09:41:34.660,NVDA,199.89,199.87,1900,199.86,2100,199.85,4600,199.84,2500,199.83,4800,199.91,1000,199.92,1900,199.93,4500,199.94,2700,199.95,800
2026-07-16 09:41:35.137,NVDA,199.89,199.87,3200,199.86,3100,199.85,2900,199.84,1100,199.83,4600,199.91,3200,199.92,1100,199.93,3200,199.94,600,199.95,2800
2026-07-16 09:41:35.430,NVDA,199.88,199.86,2900,199.85,4100,199.84,3600,199.83,1300,199.82,2900,199.9,200,199.91,4000,199.92,3600,199.93,4900,199.94,400
2026-07-16 09:41:35.783,NVDA,199.89,199.87,3900,199.86,3200,199.85,2400,199.84,1800,199.83,3200,199.91,1000,199.92,2100,199.93,2900,199.94,300,199.95,400
2026-07-16 09:41:35.912,NVDA,199.87,199.85,2600,199.84,1100,199.83,1400,199.82,1900,199.81,1000,199.89,4400,199.9,3800,199.91,4400,199.92,3200,199.93,4100
2026-07-16 09:41:36.109,NVDA,199.86,199.84,1700,199.83,4600,199.82,4700,199.81,1700,199.8,100,199.88,200,199.89,3600,199.9,2800,199.91,3500,199.92,4200
2026-07-16 09:41:36.464,NVDA,199.86,199.84,2200,199.83,3400,199.82,3200,199.81,2400,199.8,400,199.88,1100,199.89,2000,199.9,2300,199.91,5000,199.92,500
2026-07-16 09:41:36.583,NVDA,199.88,199.86,2200,199.85,200,199.84,3200,199.83,2900,199.82,1000,199.9,300,199.91,1700,199.92,300,199.93,400,199.94,400
2026-07-16 09:41:37.080,NVDA,199.89,199.87,2600,199.86,1900,199.85,4100,199.84,900,199.83,4000,199.91,3400,199.92,300,199.93,700,199.94,2300,199.95,4100
2026-07-16 09:41:37.579,NVDA,199.89,199.87,4400,199.86,3800,199.85,3600,199.84,2000,199.83,4300,199.91,1500,199.92,3100,199.93,5000,199.94,1600,199.95,1400
2026-07-16 09:41:37.795,NVDA,199.91,199.89,2600,199.88,2300,199.87,500,199.86,2200,199.85,2700,199.93,200,199.94,2000,199.95,4400,199.96,4000,199.97,5000
2026-07-16 09:41:37.973,NVDA,199.92,199.9,2400,199.89,1000,199.88,1800,199.87,300,199.86,2700,199.94,800,199.95,2500,199.96,200,199.97,4800,199.98,3600
2026-07-16 09:41:38.080,NVDA,199.91,199.89,4800,199.88,1200,199.87,3000,199.86,700,199.85,500,199.93,2900,199.94,2300,199.95,2300,199.96,4200,199.97,4600
2026-07-16 09:41:38.094,NVDA,199.91,199.89,3200,199.88,4100,199.87,2000,199.86,3600,199.85,200,199.93,3000,199.94,600,199.95,1800,199.96,3100,199.97,4900
2026-07-16 09:41:38.219,NVDA,199.9,199.88,600,199.87,1800,199.86,2500,199.85,4000,199.84,3500,199.92,2900,199.93,400,199.94,2500,199.95,3200,199.96,2300
2026-07-16 09:41:38.428,NVDA,199.92,199.9,600,199.89,900,199.88,4400,199.87,4000,199.86,3600,199.94,4700,199.95,3200,199.96,200,199.97,1100,199.98,2600
2026-07-16 09:41:38.696,NVDA,199.9,199.88,4900,199.87,4800,199.86,2300,199.85,1600,199.84,4400,199.92,1200,199.93,300,199.94,2000,199.95,100,199.96,1500
2026-07-16 09:41:38.763,NVDA,199.88,199.86,300,199.85,4000,199.84,4900,199.83,4300,199.82,500,199.9,2500,199.91,4700,199.92,700,199.93,3200,199.94,2900
2026-07-16 09:41:39.033,NVDA,199.87,199.85,200,199.84,4400,199.83,4400,199.82,2300,199.81,1200,199.89,400,199.9,300,199.91,2100,199.92,2400,199.93,100
2026-07-16 09:41:39.363,NVDA,199.85,199.83,200,199.82,3700,199.81,900,199.8,5000,199.79,3400,199.87,4200,199.88,4800,199.89,2400,199.9,4900,199.91,2200
2026-07-16 09:41:39.525,NVDA,199.86,199.84,2300,199.83,2300,199.82,1200,199.81,3900,199.8,1200,199.88,1000,199.89,4100,199.9,4200,199.91,4900,199.92,3300
2026-07-16 09:41:39.598,NVDA,199.88,199.86,4700,199.85,2300,199.84,4900,199.83,300,199.82,3700,199.9,600,199.91,3600,199.92,1600,199.93,3800,199.94,900
2026-07-16 09:41:39.698,NVDA,199.87,199.85,4800,199.84,1700,199.83,4600,199.82,4900,199.81,2600,199.89,4800,199.9,1100,199.91,2400,199.92,1100,199.93,4100
2026-07-16 09:41:39.921,NVDA,199.86,199.84,4200,199.83,3800,199.82,1800,199.81,1900,199.8,3400,199.88,2300,199.89,100,199.9,2200,199.91,4400,199.92,2600
2026-07-16 09:41:40.054,NVDA,199.87,199.85,3200,199.84,700,199.83,800,199.82,2500,199.81,3400,199.89,1600,199.9,2200,199.91,800,199.92,200,199.93,1500
2026-07-16 09:41:40.167,NVDA,199.89,199.87,2700,199.86,3600,199.85,2200,199.84,4300,199.83,700,199.91,4200,199.92,4900,199.93,3900,199.94,3300,199.95,1100
2026-07-16 09:41:40.260,NVDA,199.91,199.89,1900,199.88,1100,199.87,500,199.86,3200,199.85,3900,199.93,4000,199.94,3200,199.95,1600,199.96,1800,199.97,1100
2026-07-16 09:41:40.423,NVDA,199.93,199.91,2000,199.9,2800,199.89,1200,199.88,4800,199.87,3000,199.95,2000,199.96,200,199.97,3100,199.98,3700,199.99,600
2026-07-16 09:41:40.448,NVDA,199.95,199.93,3800,199.92,3900,199.91,1400,199.9,1500,199.89,2400,199.97,3000,199.98,2800,199.99,900,200.0,1800,200.01,300
2026-07-16 09:41:40.678,NVDA,199.93,199.91,4900,199.9,4500,199.89,3000,199.88,4800,199.87,3200,199.95,700,199.96,3200,199.97,3300,199.98,4400,199.99,3700
2026-07-16 09:41:40.760,NVDA,199.93,199.91,4100,199.9,500,199.89,1300,199.88,2600,199.87,1700,199.95,2900,199.96,2800,199.97,3700,199.98,2400,199.99,1800
2026-07-16 09:41:41.093,NVDA,199.92,199.9,3900,199.89,4100,199.88,4400,199.87,700,199.86,2200,199.94,2800,199.95,3400,199.96,3500,199.97,2100,199.98,1800
2026-07-16 09:41:41.270,NVDA,199.93,199.91,4300,199.9,1200,199.89,1300,199.88,1300,199.87,3700,199.95,1000,199.96,3600,199.97,1300,199.98,1500,199.99,200
2026-07-16 09:41:41.549,NVDA,199.93,199.91,2200,199.9,3400,199.89,4400,199.88,2700,199.87,3200,199.95,4300,199.96,2800,199.97,3700,199.98,2700,199.99,1700
2026-07-16 09:41:41.903,NVDA,199.93,199.91,2800,199.9,4400,199.89,4500,199.88,3800,199.87,3300,199.95,1700,199.96,1200,199.97,1200,199.98,4200,199.99,300
2026-07-16 09:41:42.206,NVDA,199.91,199.89,1400,199.88,1300,199.87,400,199.86,1000,199.85,300,199.93,3600,199.94,2700,199.95,4200,199.96,4600,199.97,3800
2026-07-16 09:41:42.312,NVDA,199.91,199.89,4800,199.88,1300,199.87,4900,199.86,4400,199.85,600,199.93,1500,199.94,4000,199.95,2900,199.96,1900,199.97,4400
2026-07-16 09:41:42.466,NVDA,199.92,199.9,4900,199.89,300,199.88,100,199.87,3500,199.86,3100,199.94,3300,199.95,4600,199.96,4200,199.97,300,199.98,4500
2026-07-16 09:41:42.754,NVDA,199.93,199.91,1300,199.9,4200,199.89,4300,199.88,3600,199.87,2200,199.95,2900,199.96,1400,199.97,400,199.98,800,199.99,4500
2026-07-16 09:41:42.973,NVDA,199.93,199.91,1300,199.9,3000,199.89,3500,199.88,3200,199.87,1500,199.95,1100,199.96,4100,199.97,4200,199.98,1100,199.99,4100
2026-07-16 09:41:43.215,NVDA,199.92,199.9,2100,199.89,3500,199.88,4300,199.87,800,199.86,400,199.94,3800,199.95,100,199.96,3200,199.97,3000,199.98,4300
2026-07-16 09:41:43.264,NVDA,199.92,199.9,700,199.89,4200,199.88,1200,199.87,3300,199.86,500,199.94,800,199.95,700,199.96,3500,199.97,4300,199.98,500
2026-07-16 09:41:43.719,NVDA,199.9,199.88,1000,199.87,4300,199.86,1800,199.85,600,199.84,2400,199.92,900,199.93,100,199.94,2800,199.95,3600,199.96,4200
2026-07-16 09:41:43.741,NVDA,199.88,199.86,3500,199.85,2600,199.84,3100,199.83,2800,199.82,4500,199.9,2700,199.91,300,199.92,1200,199.93,1700,199.94,4200
2026-07-16 09:41:43.955,NVDA,199.89,199.87,2800,199.86,1800,199.85,3600,199.84,2300,199.83,1300,199.91,1300,199.92,300,199.93,3200,199.94,1300,199.95,1700
2026-07-16 09:41:44.361,NVDA,199.87,199.85,1600,199.84,1000,199.83,1700,199.82,2900,199.81,1800,199.89,3500,199.9,4600,199.91,4700,199.92,2700,199.93,2200
2026-07-16 09:41:44.857,NVDA,199.89,199.87,2500,199.86,3000,199.85,1500,199.84,1900,199.83,1300,199.91,800,199.92,600,199.93,3900,199.94,3200,199.95,200
2026-07-16 09:41:45.050,NVDA,199.88,199.86,1100,199.85,900,199.84,1600,199.83,2900,199.82,4900,199.9,500,199.91,1200,199.92,2600,199.93,1900,199.94,4500
2026-07-16 09:41:45.470,NVDA,199.88,199.86,700,199.85,1300,199.84,100,199.83,3800,199.82,3800,199.9,5000,199.91,2100,199.92,200,199.93,600,199.94,4100
2026-07-16 09:41:45.717,NVDA,199.9,199.88,500,199.87,4700,199.86,1800,199.85,1700,199.84,3500,199.92,3500,199.93,600,199.94,2200,199.95,1800,199.96,2600
2026-07-16 09:41:45.833,NVDA,199.88,199.86,3800,199.85,3100,199.84,2800,199.83,100,199.82,2700,199.9,300,199.91,2900,199.92,1000,199.93,3400,199.94,2600
2026-07-16 09:41:46.168,NVDA,199.88,199.86,4600,199.85,1500,199.84,4400,199.83,1500,199.82,100,199.9,4200,199.91,3200,199.92,2100,199.93,4800,199.94,1600
2026-07-16 09:41:46.555,NVDA,199.86,199.84,1000,199.83,4500,199.82,200,199.81,4400,199.8,1000,199.88,3300,199.89,2000,199.9,3800,199.91,4700,199.92,3000
2026-07-16 09:41:46.668,NVDA,199.88,199.86,3700,199.85,4700,199.84,300,199.83,4700,199.82,2800,199.9,2600,199.91,2300,199.92,500,199.93,4200,199.94,900
2026-07-16 09:41:46.778,NVDA,199.89,199.87,1400,199.86,2900,199.85,1600,199.84,100,199.83,1100,199.91,4500,199.92,1700,199.93,1100,199.94,2200,199.95,3000
2026-07-16 09:41:47.190,NVDA,199.87,199.85,2200,199.84,4100,199.83,5000,199.82,2000,199.81,4800,199.89,4100,199.9,3800,199.91,3800,199.92,1300,199.93,3800
2026-07-16 09:41:47.490,NVDA,199.88,199.86,2100,199.85,2300,199.84,4300,199.83,3500,199.82,100,199.9,3600,199.91,4300,199.92,1000,199.93,2800,199.94,1400
2026-07-16 09:41:47.889,NVDA,199.88,199.86,4400,199.85,2900,199.84,4700,199.83,3100,199.82,700,199.9,1100,199.91,300,199.92,1000,199.93,4100,199.94,4900
2026-07-16 09:41:48.188,NVDA,199.86,199.84,4500,199.83,2200,199.82,1100,199.81,1700,199.8,2100,199.88,4100,199.89,200,199.9,200,199.91,200,199.92,2100
2026-07-16 09:41:48.515,NVDA,199.86,199.84,4200,199.83,2500,199.82,1500,199.81,300,199.8,3100,199.88,1700,199.89,1100,199.9,4700,199.91,300,199.92,3500
2026-07-16 09:41:48.838,NVDA,199.88,199.86,2800,199.85,3900,199.84,4100,199.83,2300,199.82,800,199.9,200,199.91,3600,199.92,3500,199.93,2200,199.94,2800
2026-07-16 09:41:49.187,NVDA,199.89,199.87,3300,199.86,4700,199.85,2400,199.84,1300,199.83,1300,199.91,1700,199.92,1600,199.93,1000,199.94,600,199.95,2900
2026-07-16 09:41:49.681,NVDA,199.9,199.88,4800,199.87,4300,199.86,4600,199.85,3900,199.84,4000,199.92,1800,199.93,600,199.94,4100,199.95,3900,199.96,500
2026-07-16 09:41:49.790,NVDA,199.9,199.88,4400,199.87,600,199.86,4600,199.85,100,199.84,1100,199.92,1700,199.93,800,199.94,3400,199.95,3100,199.96,5000
2026-07-16 09:41:49.996,NVDA,199.92,199.9,4800,199.89,2100,199.88,1000,199.87,5000,199.86,4200,199.94,700,199.95,1300,199.96,1400,199.97,4500,199.98,2200
2026-07-16 09:41:50.062,NVDA,199.93,199.91,400,199.9,2500,199.89,1700,199.88,1300,199.87,4700,199.95,3400,199.96,4400,199.97,1400,199.98,1300,199.99,1600
2026-07-16 09:41:50.318,NVDA,199.92,199.9,2100,199.89,300,199.88,2200,199.87,4000,199.86,4100,199.94,4200,199.95,1200,199.96,700,199.97,4500,199.98,3500
2026-07-16 09:41:50.614,NVDA,199.91,199.89,700,199.88,800,199.87,1800,199.86,900,199.85,3000,199.93,500,199.94,3400,199.95,700,199.96,2700,199.97,2100
2026-07-16 09:41:50.898,NVDA,199.92,199.9,2100,199.89,700,199.88,2400,199.87,3300,199.86,2600,199.94,900,199.95,2500,199.96,700,199.97,5000,199.98,1400
2026-07-16 09:41:51.398,NVDA,199.91,199.89,2500,199.88,1800,199.87,1500,199.86,2900,199.85,2200,199.93,2500,199.94,4300,199.95,800,199.96,1600,199.97,2300
2026-07-16 09:41:51.448,NVDA,199.93,199.91,2200,199.9,3900,199.89,3700,199.88,2900,199.87,2400,199.95,4500,199.96,2500,199.97,1700,199.98,4600,199.99,700
2026-07-16 09:41:51.561,NVDA,199.95,199.93,4200,199.92,1400,199.91,900,199.9,2100,199.89,2100,199.97,100,199.98,100,199.99,4100,200.0,3600,200.01,100
2026-07-16 09:41:51.632,NVDA,199.96,199.94,4900,199.93,4500,199.92,3200,199.91,3000,199.9,400,199.98,4200,199.99,3700,200.0,1800,200.01,2600,200.02,3600
2026-07-16 09:41:51.708,NVDA,199.98,199.96,3100,199.95,1900,199.94,1500,199.93,4200,199.92,2400,200.0,4500,200.01,3600,200.02,2700,200.03,1400,200.04,2100
2026-07-16 09:41:52.003,NVDA,199.96,199.94,3100,199.93,3800,199.92,4700,199.91,1700,199.9,3500,199.98,1000,199.99,900,200.0,2200,200.01,300,200.02,1700
2026-07-16 09:41:52.443,NVDA,199.97,199.95,3900,199.94,3400,199.93,300,199.92,2200,199.91,1600,199.99,4900,200.0,5000,200.01,1400,200.02,1700,200.03,3500
2026-07-16 09:41:52.548,NVDA,199.98,199.96,2300,199.95,800,199.94,4800,199.93,2400,199.92,4200,200.0,1000,200.01,2100,200.02,1500,200.03,1300,200.04,1900
2026-07-16 09:41:52.797,NVDA,199.98,199.96,600,199.95,800,199.94,1700,199.93,700,199.92,600,200.0,3900,200.01,3500,200.02,800,200.03,1800,200.04,2900
2026-07-16 09:41:53.082,NVDA,199.96,199.94,4500,199.93,100,199.92,1300,199.91,1200,199.9,3900,199.98,300,199.99,200,200.0,3000,200.01,1400,200.02,1000
2026-07-16 09:41:53.203,NVDA,199.94,199.92,200,199.91,2200,199.9,1100,199.89,4800,199.88,4900,199.96,4200,199.97,4300,199.98,3700,199.99,4400,200.0,4300
2026-07-16 09:41:53.233,NVDA,199.94,199.92,3100,199.91,3800,199.9,2200,199.89,1300,199.88,3200,199.96,2900,199.97,700,199.98,2400,199.99,4300,200.0,1700
2026-07-16 09:41:53.429,NVDA,199.93,199.91,2300,199.9,1300,199.89,4500,199.88,3000,199.87,4600,199.95,2000,199.96,4600,199.97,1100,199.98,600,199.99,2500
2026-07-16 09:41:53.678,NVDA,199.95,199.93,3800,199.92,3600,199.91,3700,199.9,4200,199.89,1000,199.97,100,199.98,1900,199.99,4700,200.0,200,200.01,1500
2026-07-16 09:41:54.013,NVDA,199.95,199.93,1900,199.92,2100,199.91,2400,199.9,3500,199.89,3200,199.97,200,199.98,3100,199.99,900,200.0,4700,200.01,500
2026-07-16 09:41:54.450,NVDA,199.94,199.92,400,199.91,3900,199.9,600,199.89,1700,199.88,1300,199.96,4800,199.97,400,199.98,1300,199.99,4800,200.0,2200
2026-07-16 09:41:54.861,NVDA,199.96,199.94,4700,199.93,1600,199.92,1200,199.91,4900,199.9,4100,199.98,2800,199.99,1300,200.0,4600,200.01,4200,200.02,1100
2026-07-16 09:41:54.920,NVDA,199.97,199.95,3100,199.94,900,199.93,2800,199.92,4100,199.91,500,199.99,600,200.0,4500,200.01,2000,200.02,5000,200.03,3300
2026-07-16 09:41:55.154,NVDA,199.97,199.95,900,199.94,4400,199.93,2500,199.92,4400,199.91,4600,199.99,800,200.0,300,200.01,3100,200.02,2800,200.03,1300
2026-07-16 09:41:55.181,NVDA,199.97,199.95,4300,199.94,4100,199.93,4100,199.92,4900,199.91,2900,199.99,2000,200.0,3100,200.01,3200,200.02,3300,200.03,4800
2026-07-16 09:41:55.427,NVDA,199.95,199.93,4700,199.92,4800,199.91,3600,199.9,1800,199.89,100,199.97,2400,199.98,3000,199.99,1500,200.0,4300,200.01,2800
2026-07-16 09:41:55.742,NVDA,199.93,199.91,1100,199.9,800,199.89,3500,199.88,4200,199.87,1200,199.95,4400,199.96,3700,199.97,2100,199.98,3700,199.99,2400
2026-07-16 09:41:56.222,NVDA,199.94,199.92,1900,199.91,5000,199.9,800,199.89,1100,199.88,2900,199.96,1700,199.97,2500,199.98,2400,199.99,4500,200.0,3400
2026-07-16 09:41:56.440,NVDA,199.93,199.91,4200,199.9,3000,199.89,3900,199.88,4500,199.87,2000,199.95,4400,199.96,5000,199.97,1100,199.98,4000,199.99,5000
2026-07-16 09:41:56.602,NVDA,199.93,199.91,4500,199.9,4700,199.89,4200,199.88,1100,199.87,3600,199.95,300,199.96,1700,199.97,800,199.98,1500,199.99,200
2026-07-16 09:41:56.936,NVDA,199.91,199.89,900,199.88,3700,199.87,3100,199.86,900,199.85,3000,199.93,1600,199.94,3400,199.95,3200,199.96,2400,199.97,3100
2026-07-16 09:41:57.236,NVDA,199.91,199.89,1200,199.88,2500,199.87,4400,199.86,300,199.85,1700,199.93,2800,199.94,1500,199.95,5000,199.96,3100,199.97,2500
2026-07-16 09:41:57.629,NVDA,199.9,199.88,2000,199.87,4800,199.86,700,199.85,1300,199.84,400,199.92,1000,199.93,2600,199.94,2400,199.95,4400,199.96,4700
2026-07-16 09:41:57.904,NVDA,199.92,199.9,2700,199.89,800,199.88,4400,199.87,2300,199.86,4200,199.94,4400,199.95,500,199.96,600,199.97,1900,199.98,1700
2026-07-16 09:41:57.980,NVDA,199.92,199.9,1000,199.89,100,199.88,4000,199.87,3500,199.86,3900,199.94,1800,199.95,3300,199.96,1300,199.97,1000,199.98,5000
2026-07-16 09:41:58.060,NVDA,199.94,199.92,3400,199.91,200,199.9,1800,199.89,4600,199.88,2100,199.96,4900,199.97,4100,199.98,5000,199.99,2800,200.0,700
2026-07-16 09:41:58.468,NVDA,199.96,199.94,200,199.93,900,199.92,4500,199.91,500,199.9,3400,199.98,3800,199.99,3300,200.0,4300,200.01,600,200.02,800
2026-07-16 09:41:58.568,NVDA,199.95,199.93,2200,199.92,3400,199.91,600,199.9,4600,199.89,200,199.97,3900,199.98,2800,199.99,1200,200.0,3900,200.01,400
2026-07-16 09:41:59.014,NVDA,199.95,199.93,1100,199.92,1200,199.91,2600,199.9,2500,199.89,2400,199.97,3600,199.98,2100,199.99,1000,200.0,4300,200.01,900
2026-07-16 09:41:59.083,NVDA,199.94,199.92,1700,199.91,5000,199.9,5000,199.89,400,199.88,1100,199.96,3000,199.97,4000,199.98,1600,199.99,400,200.0,1200
2026-07-16 09:41:59.119,NVDA,199.96,199.94,2900,199.93,3500,199.92,700,199.91,3800,199.9,600,199.98,3500,199.99,4500,200.0,2600,200.01,4200,200.02,4600
2026-07-16 09:41:59.583,NVDA,199.98,199.96,4600,199.95,2200,199.94,2000,199.93,3400,199.92,100,200.0,2500,200.01,3100,200.02,4100,200.03,3800,200.04,1600
2026-07-16 09:41:59.608,NVDA,199.97,199.95,3300,199.94,3700,199.93,4900,199.92,3600,199.91,1600,199.99,2900,200.0,4000,200.01,4400,200.02,3500,200.03,3800
2026-07-16 09:41:59.703,NVDA,199.97,199.95,900,199.94,3400,199.93,2200,199.92,4400,199.91,4100,199.99,1000,200.0,400,200.01,1500,200.02,300,200.03,3400
2026-07-16 09:41:59.916,NVDA,199.98,199.96,1000,199.95,4100,199.94,1100,199.93,3300,199.92,3700,200.0,4800,200.01,2800,200.02,1200,200.03,1000,200.04,1900
2026-07-16 09:42:00.235,NVDA,199.99,199.97,4000,199.96,500,199.95,300,199.94,1900,199.93,2500,200.01,3100,200.02,2200,200.03,4100,200.04,4600,200.05,3800
2026-07-16 09:42:00.388,NVDA,199.99,199.97,3200,199.96,4700,199.95,4000,199.94,2900,199.93,3700,200.01,100,200.02,3600,200.03,1800,200.04,4700,200.05,700
2026-07-16 09:42:00.603,NVDA,200.01,199.99,4300,199.98,2500,199.97,4300,199.96,2900,199.95,1000,200.03,2400,200.04,1100,200.05,2700,200.06,2200,200.07,3600
2026-07-16 09:42:00.880,NVDA,200.01,199.99,700,199.98,1100,199.97,400,199.96,2300,199.95,100,200.03,3100,200.04,2000,200.05,1300,200.06,2600,200.07,3200
2026-07-16 09:42:01.219,NVDA,200.0,199.98,2800,199.97,3500,199.96,1200,199.95,1900,199.94,3800,200.02,2500,200.03,2100,200.04,3200,200.05,1000,200.06,4300
2026-07-16 09:42:01.432,NVDA,200.01,199.99,4400,199.98,4400,199.97,4800,199.96,3300,199.95,4400,200.03,1900,200.04,3200,200.05,2400,200.06,1500,200.07,100
2026-07-16 09:42:01.509,NVDA,200.01,199.99,4000,199.98,1200,199.97,4600,199.96,300,199.95,3100,200.03,400,200.04,4000,200.05,2000,200.06,3000,200.07,1600
2026-07-16 09:42:01.734,NVDA,200.01,199.99,700,199.98,1400,199.97,3200,199.96,1700,199.95,1800,200.03,4700,200.04,2300,200.05,3700,200.06,2800,200.07,2500
2026-07-16 09:42:02.039,NVDA,200.03,200.01,1500,200.0,4800,199.99,700,199.98,5000,199.97,4100,200.05,3700,200.06,1600,200.07,2500,200.08,500,200.09,4900
2026-07-16 09:42:02.126,NVDA,200.04,200.02,4600,200.01,3400,200.0,4200,199.99,4100,199.98,600,200.06,4400,200.07,4200,200.08,4000,200.09,500,200.1,4000
2026-07-16 09:42:02.560,NVDA,200.04,200.02,300,200.01,2700,200.0,1200,199.99,4800,199.98,1600,200.06,4100,200.07,2900,200.08,1500,200.09,1900,200.1,1900
2026-07-16 09:42:02.911,NVDA,200.02,200.0,3100,199.99,3100,199.98,3000,199.97,1100,199.96,3400,200.04,4200,200.05,5000,200.06,900,200.07,2900,200.08,1000
2026-07-16 09:42:02.974,NVDA,200.02,200.0,4900,199.99,1100,199.98,4300,199.97,1800,199.96,400,200.04,5000,200.05,2100,200.06,3100,200.07,2900,200.08,2700
2026-07-16 09:42:03.339,NVDA,200.02,200.0,1600,199.99,3000,199.98,2300,199.97,4900,199.96,3200,200.04,4000,200.05,4500,200.06,2000,200.07,100,200.08,3400
2026-07-16 09:42:03.713,NVDA,200.01,199.99,300,199.98,1400,199.97,1000,199.96,700,199.95,4500,200.03,400,200.04,1100,200.05,3500,200.06,2500,200.07,3600
2026-07-16 09:42:04.094,NVDA,200.02,200.0,2900,199.99,2700,199.98,4500,199.97,1600,199.96,4400,200.04,3500,200.05,4700,200.06,1500,200.07,1000,200.08,2200
2026-07-16 09:42:04.137,NVDA,200.04,200.02,2700,200.01,4100,200.0,4700,199.99,3700,199.98,3500,200.06,2400,200.07,2900,200.08,3300,200.09,3500,200.1,4200
2026-07-16 09:42:04.580,NVDA,200.02,200.0,900,199.99,1200,199.98,5000,199.97,4800,199.96,4700,200.04,1500,200.05,500,200.06,2000,200.07,3600,200.08,400
2026-07-16 09:42:05.063,NVDA,200.02,200.0,2000,199.99,4400,199.98,500,199.97,3300,199.96,3300,200.04,4500,200.05,2100,200.06,500,200.07,4400,200.08,2500
2026-07-16 09:42:05.305,NVDA,200.0,199.98,800,199.97,2100,199.96,3900,199.95,900,199.94,4500,200.02,2400,200.03,1800,200.04,1500,200.05,200,200.06,5000
2026-07-16 09:42:05.382,NVDA,200.02,200.0,2200,199.99,2100,199.98,3500,199.97,2500,199.96,500,200.04,700,200.05,2200,200.06,3300,200.07,600,200.08,3700
2026-07-16 09:42:05.395,NVDA,200.01,199.99,1600,199.98,5000,199.97,100,199.96,4500,199.95,2200,200.03,400,200.04,2400,200.05,3200,200.06,1000,200.07,2800
2026-07-16 09:42:05.510,NVDA,200.03,200.01,1500,200.0,2100,199.99,4100,199.98,1700,199.97,100,200.05,4500,200.06,2100,200.07,300,200.08,700,200.09,3800
2026-07-16 09:42:05.970,NVDA,200.05,200.03,2200,200.02,2100,200.01,3000,200.0,3000,199.99,2800,200.07,800,200.08,3700,200.09,600,200.1,700,200.11,3600
2026-07-16 09:42:06.034,NVDA,200.07,200.05,3100,200.04,3900,200.03,3800,200.02,700,200.01,500,200.09,4700,200.1,2900,200.11,2800,200.12,4900,200.13,3600
2026-07-16 09:42:06.073,NVDA,200.09,200.07,2500,200.06,4600,200.05,4400,200.04,4900,200.03,700,200.11,3200,200.12,4700,200.13,4300,200.14,1600,200.15,3300
2026-07-16 09:42:06.091,NVDA,200.08,200.06,3300,200.05,3300,200.04,2900,200.03,1500,200.02,2500,200.1,2500,200.11,2400,200.12,3000,200.13,4200,200.14,2300
2026-07-16 09:42:06.298,NVDA,200.08,200.06,2600,200.05,1100,200.04,3900,200.03,4000,200.02,2600,200.1,1200,200.11,1500,200.12,3600,200.13,1100,200.14,1600
2026-07-16 09:42:06.637,NVDA,200.09,200.07,1400,200.06,3700,200.05,2000,200.04,1500,200.03,2300,200.11,1000,200.12,500,200.13,4800,200.14,700,200.15,3500
2026-07-16 09:42:06.870,NVDA,200.11,200.09,2500,200.08,4500,200.07,4000,200.06,4600,200.05,1400,200.13,3800,200.14,2900,200.15,1400,200.16,4500,200.17,900
2026-07-16 09:42:07.244,NVDA,200.12,200.1,4900,200.09,2800,200.08,3600,200.07,4300,200.06,4000,200.14,3600,200.15,100,200.16,1900,200.17,3100,200.18,900
2026-07-16 09:42:07.496,NVDA,200.11,200.09,1100,200.08,4500,200.07,1000,200.06,700,200.05,3700,200.13,3500,200.14,2200,200.15,1100,200.16,1000,200.17,300
2026-07-16 09:42:07.934,NVDA,200.11,200.09,3200,200.08,1000,200.07,1300,200.06,2400,200.05,2600,200.13,600,200.14,3800,200.15,800,200.16,3400,200.17,4600
2026-07-16 09:42:08.154,NVDA,200.12,200.1,3100,200.09,2400,200.08,400,200.07,4600,200.06,600,200.14,4800,200.15,2200,200.16,400,200.17,2000,200.18,300
2026-07-16 09:42:08.471,NVDA,200.1,200.08,1400,200.07,3300,200.06,2500,200.05,300,200.04,3900,200.12,2100,200.13,4200,200.14,4500,200.15,400,200.16,4100
2026-07-16 09:42:08.673,NVDA,200.08,200.06,4900,200.05,400,200.04,4100,200.03,1500,200.02,2800,200.1,1800,200.11,100,200.12,4800,200.13,3700,200.14,2700
2026-07-16 09:42:08.914,NVDA,200.1,200.08,1500,200.07,4800,200.06,4200,200.05,2400,200.04,1500,200.12,2300,200.13,3200,200.14,2500,200.15,1700,200.16,4000
2026-07-16 09:42:08.967,NVDA,200.1,200.08,2100,200.07,2200,200.06,2000,200.05,200,200.04,2600,200.12,4400,200.13,3400,200.14,2200,200.15,4100,200.16,500
2026-07-16 09:42:09.160,NVDA,200.12,200.1,400,200.09,100,200.08,3400,200.07,600,200.06,3100,200.14,2200,200.15,4400,200.16,1200,200.17,4900,200.18,4600
2026-07-16 09:42:09.409,NVDA,200.12,200.1,1500,200.09,1600,200.08,1800,200.07,1300,200.06,5000,200.14,3200,200.15,2600,200.16,3500,200.17,2100,200.18,4800
2026-07-16 09:42:09.708,NVDA,200.1,200.08,3600,200.07,1600,200.06,2100,200.05,400,200.04,2300,200.12,2200,200.13,2700,200.14,1800,200.15,3700,200.16,2300
2026-07-16 09:42:10.007,NVDA,200.09,200.07,200,200.06,4800,200.05,4900,200.04,2700,200.03,1200,200.11,1500,200.12,1800,200.13,2700,200.14,2000,200.15,1900
2026-07-16 09:42:10.272,NVDA,200.07,200.05,2000,200.04,2600,200.03,3900,200.02,1200,200.01,800,200.09,4300,200.1,1200,200.11,1800,200.12,4800,200.13,2800
2026-07-16 09:42:10.466,NVDA,200.08,200.06,1300,200.05,4600,200.04,900,200.03,3000,200.02,3400,200.1,3600,200.11,1700,200.12,3800,200.13,4700,200.14,3900
2026-07-16 09:42:10.756,NVDA,200.06,200.04,4400,200.03,1800,200.02,3600,200.01,3100,200.0,2500,200.08,2100,200.09,3300,200.1,2900,200.11,2400,200.12,3600
2026-07-16 09:42:10.821,NVDA,200.07,200.05,2200,200.04,2000,200.03,1600,200.02,4600,200.01,200,200.09,2800,200.1,1800,200.11,4600,200.12,3100,200.13,1800
2026-07-16 09:42:10.916,NVDA,200.08,200.06,4000,200.05,2700,200.04,2400,200.03,1500,200.02,3200,200.1,3300,200.11,3200,200.12,700,200.13,3300,200.14,400
2026-07-16 09:42:11.179,NVDA,200.09,200.07,1200,200.06,100,200.05,1900,200.04,3700,200.03,3600,200.11,3100,200.12,1900,200.13,3500,200.14,1400,200.15,4800
2026-07-16 09:42:11.312,NVDA,200.11,200.09,3600,200.08,600,200.07,2700,200.06,800,200.05,3500,200.13,900,200.14,4200,200.15,2500,200.16,1600,200.17,1000
2026-07-16 09:42:11.509,NVDA,200.11,200.09,1700,200.08,4600,200.07,2400,200.06,2500,200.05,4800,200.13,1600,200.14,3200,200.15,1600,200.16,4000,200.17,4900
2026-07-16 09:42:11.710,NVDA,200.1,200.08,4200,200.07,3600,200.06,1100,200.05,1600,200.04,1500,200.12,900,200.13,700,200.14,1000,200.15,1500,200.16,3600
2026-07-16 09:42:12.113,NVDA,200.12,200.1,2700,200.09,1000,200.08,500,200.07,3900,200.06,4600,200.14,5000,200.15,800,200.16,600,200.17,4100,200.18,3900
2026-07-16 09:42:12.269,NVDA,200.1,200.08,1600,200.07,3500,200.06,4900,200.05,100,200.04,3300,200.12,4500,200.13,400,200.14,1700,200.15,3200,200.16,4700
2026-07-16 09:42:12.472,NVDA,200.12,200.1,3000,200.09,2400,200.08,2100,200.07,3200,200.06,2700,200.14,4800,200.15,3800,200.16,3600,200.17,2800,200.18,4700
2026-07-16 09:42:12.742,NVDA,200.13,200.11,3600,200.1,4300,200.09,4400,200.08,2300,200.07,1500,200.15,2000,200.16,4800,200.17,3800,200.18,3500,200.19,800
2026-07-16 09:42:12.938,NVDA,200.12,200.1,200,200.09,4200,200.08,1200,200.07,2200,200.06,1200,200.14,1600,200.15,4100,200.16,900,200.17,3100,200.18,1200
2026-07-16 09:42:13.344,NVDA,200.11,200.09,5000,200.08,700,200.07,300,200.06,1300,200.05,3500,200.13,1000,200.14,5000,200.15,1400,200.16,2300,200.17,2600
2026-07-16 09:42:13.624,NVDA,200.12,200.1,4500,200.09,4500,200.08,2500,200.07,1600,200.06,1600,200.14,3200,200.15,2000,200.16,1400,200.17,3500,200.18,3900
2026-07-16 09:42:13.710,NVDA,200.13,200.11,4300,200.1,2200,200.09,700,200.08,600,200.07,500,200.15,4100,200.16,5000,200.17,1300,200.18,3700,200.19,800
2026-07-16 09:42:14.155,NVDA,200.15,200.13,3500,200.12,2200,200.11,200,200.1,4000,200.09,1000,200.17,700,200.18,3200,200.19,4400,200.2,4900,200.21,4200
2026-07-16 09:42:14.311,NVDA,200.16,200.14,1900,200.13,1800,200.12,4800,200.11,3800,200.1,3200,200.18,400,200.19,4800,200.2,5000,200.21,4600,200.22,4100
2026-07-16 09:42:14.608,NVDA,200.15,200.13,3200,200.12,4500,200.11,4300,200.1,4000,200.09,2600,200.17,2200,200.18,3100,200.19,4500,200.2,4900,200.21,300
2026-07-16 09:42:14.892,NVDA,200.17,200.15,1700,200.14,300,200.13,4700,200.12,900,200.11,3600,200.19,2300,200.2,4400,200.21,900,200.22,2000,200.23,600
2026-07-16 09:42:15.212,NVDA,200.19,200.17,4600,200.16,100,200.15,4900,200.14,3300,200.13,200,200.21,5000,200.22,1600,200.23,1400,200.24,4000,200.25,1100
2026-07-16 09:42:15.504,NVDA,200.19,200.17,1000,200.16,2700,200.15,600,200.14,1700,200.13,4400,200.21,100,200.22,3800,200.23,3700,200.24,3100,200.25,5000
2026-07-16 09:42:15.666,NVDA,200.21,200.19,3100,200.18,1400,200.17,3400,200.16,2900,200.15,4900,200.23,4700,200.24,4500,200.25,500,200.26,4200,200.27,900
2026-07-16 09:42:16.085,NVDA,200.23,200.21,1800,200.2,2600,200.19,2900,200.18,4300,200.17,2400,200.25,3900,200.26,100,200.27,1600,200.28,2700,200.29,800
2026-07-16 09:42:16.164,NVDA,200.21,200.19,3600,200.18,1200,200.17,2200,200.16,1400,200.15,1000,200.23,1700,200.24,1000,200.25,1100,200.26,1900,200.27,4700
2026-07-16 09:42:16.405,NVDA,200.22,200.2,2400,200.19,1300,200.18,2000,200.17,800,200.16,4000,200.24,4100,200.25,1500,200.26,2800,200.27,3800,200.28,4400
2026-07-16 09:42:16.637,NVDA,200.24,200.22,4700,200.21,2500,200.2,4700,200.19,1800,200.18,4300,200.26,1300,200.27,4900,200.28,2500,200.29,4300,200.3,1900
2026-07-16 09:42:16.755,NVDA,200.25,200.23,4200,200.22,1700,200.21,200,200.2,5000,200.19,1100,200.27,3600,200.28,4000,200.29,2100,200.3,2900,200.31,4900
2026-07-16 09:42:17.203,NVDA,200.25,200.23,2300,200.22,2500,200.21,700,200.2,3200,200.19,1600,200.27,4500,200.28,4100,200.29,3200,200.3,1500,200.31,4800
2026-07-16 09:42:17.562,NVDA,200.27,200.25,1300,200.24,3400,200.23,3700,200.22,1500,200.21,4800,200.29,1800,200.3,4800,200.31,3000,200.32,3500,200.33,2100
2026-07-16 09:42:18.020,NVDA,200.26,200.24,1300,200.23,1900,200.22,1600,200.21,2200,200.2,1900,200.28,1500,200.29,4000,200.3,3400,200.31,800,200.32,1700
2026-07-16 09:42:18.118,NVDA,200.28,200.26,2000,200.25,4300,200.24,1500,200.23,1300,200.22,3300,200.3,1700,200.31,1300,200.32,1700,200.33,4500,200.34,4900
2026-07-16 09:42:18.195,NVDA,200.26,200.24,800,200.23,1400,200.22,900,200.21,3800,200.2,3400,200.28,3100,200.29,3700,200.3,600,200.31,4300,200.32,4900
2026-07-16 09:42:18.380,NVDA,200.28,200.26,4000,200.25,3800,200.24,3000,200.23,1500,200.22,4100,200.3,1500,200.31,4900,200.32,2900,200.33,3700,200.34,900
2026-07-16 09:42:18.509,NVDA,200.3,200.28,4700,200.27,800,200.26,700,200.25,1000,200.24,300,200.32,3600,200.33,900,200.34,2400,200.35,2200,200.36,4100
2026-07-16 09:42:18.856,NVDA,200.3,200.28,3800,200.27,2800,200.26,5000,200.25,5000,200.24,2200,200.32,2000,200.33,1300,200.34,1200,200.35,1400,200.36,700
2026-07-16 09:42:18.890,NVDA,200.28,200.26,1900,200.25,4600,200.24,4100,200.23,4700,200.22,100,200.3,2200,200.31,3600,200.32,1700,200.33,4000,200.34,2300
2026-07-16 09:42:19.247,NVDA,200.3,200.28,3200,200.27,800,200.26,4200,200.25,2200,200.24,3500,200.32,4200,200.33,900,200.34,1700,200.35,700,200.36,300
2026-07-16 09:42:19.284,NVDA,200.29,200.27,3700,200.26,1900,200.25,2200,200.24,3700,200.23,2800,200.31,3700,200.32,1600,200.33,2700,200.34,3700,200.35,4600
2026-07-16 09:42:19.460,NVDA,200.28,200.26,2400,200.25,200,200.24,3200,200.23,600,200.22,4500,200.3,3800,200.31,2200,200.32,5000,200.33,4300,200.34,600
2026-07-16 09:42:19.832,NVDA,200.26,200.24,3500,200.23,600,200.22,3200,200.21,4700,200.2,2100,200.28,1200,200.29,600,200.3,100,200.31,3300,200.32,1600
2026-07-16 09:42:19.906,NVDA,200.24,200.22,2100,200.21,4800,200.2,300,200.19,4700,200.18,2600,200.26,3600,200.27,1300,200.28,2500,200.29,3300,200.3,4500
2026-07-16 09:42:20.245,NVDA,200.23,200.21,4900,200.2,1700,200.19,4200,200.18,2100,200.17,1300,200.25,2000,200.26,1300,200.27,4300,200.28,2000,200.29,1400
2026-07-16 09:42:20.322,NVDA,200.25,200.23,2400,200.22,3000,200.21,2000,200.2,2200,200.19,500,200.27,3700,200.28,2800,200.29,2200,200.3,4500,200.31,100
2026-07-16 09:42:20.464,NVDA,200.23,200.21,2600,200.2,4400,200.19,4100,200.18,2500,200.17,2400,200.25,800,200.26,1800,200.27,600,200.28,2100,200.29,2600
2026-07-16 09:42:20.580,NVDA,200.23,200.21,2500,200.2,2900,200.19,3500,200.18,1400,200.17,2300,200.25,2200,200.26,2200,200.27,4000,200.28,4800,200.29,1300
2026-07-16 09:42:20.939,NVDA,200.23,200.21,5000,200.2,2900,200.19,4100,200.18,1400,200.17,4400,200.25,4900,200.26,2900,200.27,3800,200.28,1900,200.29,3800
2026-07-16 09:42:21.202,NVDA,200.25,200.23,3800,200.22,1600,200.21,1800,200.2,4600,200.19,2700,200.27,1500,200.28,1700,200.29,2700,200.3,200,200.31,4000
2026-07-16 09:42:21.398,NVDA,200.26,200.24,3300,200.23,900,200.22,200,200.21,3300,200.2,3500,200.28,3300,200.29,2700,200.3,3200,200.31,3600,200.32,2800
2026-07-16 09:42:21.695,NVDA,200.28,200.26,3600,200.25,2200,200.24,3400,200.23,5000,200.22,4000,200.3,3100,200.31,100,200.32,100,200.33,1300,200.34,2900
2026-07-16 09:42:21.998,NVDA,200.29,200.27,2300,200.26,2700,200.25,800,200.24,2600,200.23,3100,200.31,4000,200.32,300,200.33,1800,200.34,4300,200.35,2300
2026-07-16 09:42:22.419,NVDA,200.27,200.25,1600,200.24,3600,200.23,3200,200.22,4600,200.21,3000,200.29,2300,200.3,3500,200.31,200,200.32,500,200.33,1400
2026-07-16 09:42:22.831,NVDA,200.29,200.27,3100,200.26,3100,200.25,4500,200.24,4100,200.23,900,200.31,3300,200.32,1200,200.33,4300,200.34,2100,200.35,5000
2026-07-16 09:42:23.258,NVDA,200.28,200.26,3000,200.25,4300,200.24,3100,200.23,1100,200.22,500,200.3,700,200.31,1300,200.32,800,200.33,3700,200.34,100
2026-07-16 09:42:23.647,NVDA,200.26,200.24,1200,200.23,4100,200.22,1000,200.21,1600,200.2,2000,200.28,4900,200.29,100,200.3,100,200.31,3100,200.32,100
2026-07-16 09:42:23.855,NVDA,200.25,200.23,2900,200.22,2600,200.21,900,200.2,800,200.19,3900,200.27,4500,200.28,3100,200.29,2500,200.3,3900,200.31,4500
2026-07-16 09:42:24.026,NVDA,200.25,200.23,3900,200.22,200,200.21,2400,200.2,800,200.19,2200,200.27,1500,200.28,1600,200.29,4100,200.3,2500,200.31,2300
2026-07-16 09:42:24.066,NVDA,200.25,200.23,4800,200.22,1700,200.21,4100,200.2,200,200.19,5000,200.27,300,200.28,4900,200.29,600,200.3,1700,200.31,4900
2026-07-16 09:42:24.440,NVDA,200.23,200.21,1600,200.2,4900,200.19,2600,200.18,3900,200.17,1300,200.25,1200,200.26,4900,200.27,2300,200.28,3800,200.29,4200
2026-07-16 09:42:24.497,NVDA,200.23,200.21,3700,200.2,2100,200.19,2100,200.18,3000,200.17,1000,200.25,2000,200.26,2100,200.27,4700,200.28,1500,200.29,1000
2026-07-16 09:42:24.795,NVDA,200.21,200.19,500,200.18,300,200.17,3900,200.16,3500,200.15,3400,200.23,2000,200.24,2900,200.25,5000,200.26,4800,200.27,1200
2026-07-16 09:42:25.036,NVDA,200.23,200.21,3300,200.2,2800,200.19,1000,200.18,3400,200.17,1100,200.25,3500,200.26,3900,200.27,3000,200.28,4600,200.29,4600
2026-07-16 09:42:25.233,NVDA,200.22,200.2,4900,200.19,100,200.18,600,200.17,1700,200.16,4200,200.24,1700,200.25,200,200.26,4900,200.27,1600,200.28,2900
2026-07-16 09:42:25.251,NVDA,200.21,200.19,3100,200.18,3100,200.17,1500,200.16,2600,200.15,4900,200.23,5000,200.24,1600,200.25,3800,200.26,2100,200.27,5000
2026-07-16 09:42:25.325,NVDA,200.2,200.18,2800,200.17,2000,200.16,800,200.15,4200,200.14,2800,200.22,1900,200.23,1400,200.24,3200,200.25,1100,200.26,4800
2026-07-16 09:42:25.564,NVDA,200.2,200.18,5000,200.17,3800,200.16,4700,200.15,1300,200.14,4200,200.22,200,200.23,1100,200.24,700,200.25,4800,200.26,600
2026-07-16 09:42:25.997,NVDA,200.18,200.16,4400,200.15,2000,200.14,2700,200.13,300,200.12,500,200.2,3600,200.21,1800,200.22,2000,200.23,700,200.24,4200
2026-07-16 09:42:26.231,NVDA,200.18,200.16,300,200.15,3000,200.14,1600,200.13,1600,200.12,1800,200.2,2500,200.21,2300,200.22,4400,200.23,2400,200.24,3200
2026-07-16 09:42:26.413,NVDA,200.2,200.18,1100,200.17,1000,200.16,1500,200.15,2000,200.14,1700,200.22,200,200.23,700,200.24,2100,200.25,2900,200.26,3300
2026-07-16 09:42:26.803,NVDA,200.19,200.17,5000,200.16,200,200.15,700,200.14,3700,200.13,100,200.21,2100,200.22,400,200.23,500,200.24,2900,200.25,4900
2026-07-16 09:42:26.956,NVDA,200.2,200.18,1600,200.17,1600,200.16,2200,200.15,4100,200.14,700,200.22,4500,200.23,2800,200.24,2200,200.25,3300,200.26,2900
2026-07-16 09:42:27.414,NVDA,200.18,200.16,1000,200.15,3000,200.14,4000,200.13,4200,200.12,2000,200.2,2700,200.21,900,200.22,3300,200.23,2000,200.24,1900
2026-07-16 09:42:27.847,NVDA,200.18,200.16,3500,200.15,3300,200.14,1600,200.13,5000,200.12,2000,200.2,3500,200.21,2800,200.22,2900,200.23,4600,200.24,900
2026-07-16 09:42:27.937,NVDA,200.17,200.15,4300,200.14,2500,200.13,1700,200.12,2400,200.11,1400,200.19,3000,200.2,3500,200.21,4700,200.22,4500,200.23,200
2026-07-16 09:42:28.083,NVDA,200.17,200.15,4100,200.14,800,200.13,3000,200.12,2100,200.11,3500,200.19,3300,200.2,3500,200.21,700,200.22,1100,200.23,4700
2026-07-16 09:42:28.350,NVDA,200.17,200.15,4300,200.14,400,200.13,300,200.12,2600,200.11,1300,200.19,2900,200.2,3900,200.21,3000,200.22,600,200.23,1400
2026-07-16 09:42:28.414,NVDA,200.18,200.16,2600,200.15,4100,200.14,800,200.13,800,200.12,4500,200.2,1100,200.21,200,200.22,2200,200.23,500,200.24,400
2026-07-16 09:42:28.836,NVDA,200.19,200.17,3100,200.16,1900,200.15,3200,200.14,700,200.13,2700,200.21,4900,200.22,2300,200.23,4000,200.24,1500,200.25,2100
2026-07-16 09:42:29.327,NVDA,200.19,200.17,3000,200.16,2600,200.15,1900,200.14,3600,200.13,4200,200.21,4400,200.22,4000,200.23,4000,200.24,1800,200.25,2200
2026-07-16 09:42:29.343,NVDA,200.21,200.19,2200,200.18,1600,200.17,3400,200.16,3000,200.15,5000,200.23,2200,200.24,800,200.25,2900,200.26,2100,200.27,900
2026-07-16 09:42:29.775,NVDA,200.23,200.21,2200,200.2,4100,200.19,600,200.18,3900,200.17,600,200.25,2600,200.26,4200,200.27,4200,200.28,2400,200.29,1300
2026-07-16 09:42:30.255,NVDA,200.23,200.21,900,200.2,2900,200.19,3400,200.18,1600,200.17,5000,200.25,900,200.26,4800,200.27,4600,200.28,5000,200.29,3400
2026-07-16 09:42:30.690,NVDA,200.24,200.22,600,200.21,4600,200.2,800,200.19,4700,200.18,3400,200.26,4300,200.27,1300,200.28,2300,200.29,1500,200.3,2100
2026-07-16 09:42:30.916,NVDA,200.23,200.21,2500,200.2,200,200.19,4700,200.18,2800,200.17,1500,200.25,1600,200.26,1800,200.27,100,200.28,2200,200.29,4600
2026-07-16 09:42:31.168,NVDA,200.23,200.21,600,200.2,700,200.19,500,200.18,1100,200.17,3900,200.25,2800,200.26,1900,200.27,1700,200.28,1200,200.29,3800
2026-07-16 09:42:31.445,NVDA,200.25,200.23,100,200.22,4800,200.21,1200,200.2,2000,200.19,1200,200.27,2500,200.28,3000,200.29,1900,200.3,4400,200.31,1300
2026-07-16 09:42:31.828,NVDA,200.26,200.24,500,200.23,100,200.22,300,200.21,1800,200.2,2300,200.28,4100,200.29,4800,200.3,1400,200.31,400,200.32,3000
2026-07-16 09:42:32.033,NVDA,200.26,200.24,300,200.23,4100,200.22,3300,200.21,3400,200.2,1900,200.28,3000,200.29,5000,200.3,5000,200.31,300,200.32,1600
2026-07-16 09:42:32.217,NVDA,200.26,200.24,4500,200.23,2700,200.22,3100,200.21,2700,200.2,300,200.28,2500,200.29,3900,200.3,3000,200.31,1000,200.32,1300
2026-07-16 09:42:32.663,NVDA,200.26,200.24,3400,200.23,2000,200.22,5000,200.21,4400,200.2,5000,200.28,900,200.29,3300,200.3,1400,200.31,300,200.32,2900
2026-07-16 09:42:33.056,NVDA,200.28,200.26,2900,200.25,3700,200.24,400,200.23,2400,200.22,4000,200.3,4600,200.31,300,200.32,2200,200.33,700,200.34,200
2026-07-16 09:42:33.191,NVDA,200.27,200.25,1600,200.24,2000,200.23,2000,200.22,200,200.21,4700,200.29,3800,200.3,1500,200.31,3900,200.32,2200,200.33,3700
2026-07-16 09:42:33.451,NVDA,200.28,200.26,4900,200.25,4900,200.24,4200,200.23,2300,200.22,2900,200.3,2400,200.31,4800,200.32,1500,200.33,400,200.34,4900
2026-07-16 09:42:33.934,NVDA,200.28,200.26,1800,200.25,1300,200.24,3100,200.23,2000,200.22,2000,200.3,1100,200.31,3600,200.32,3500,200.33,3000,200.34,3800
2026-07-16 09:42:33.964,NVDA,200.26,200.24,200,200.23,3800,200.22,1900,200.21,300,200.2,4700,200.28,4800,200.29,300,200.3,100,200.31,3300,200.32,2300
2026-07-16 09:42:34.310,NVDA,200.26,200.24,1400,200.23,3100,200.22,1900,200.21,4600,200.2,1100,200.28,3600,200.29,3300,200.3,4400,200.31,1400,200.32,800
2026-07-16 09:42:34.573,NVDA,200.27,200.25,4300,200.24,900,200.23,1200,200.22,4600,200.21,800,200.29,600,200.3,3800,200.31,3100,200.32,2700,200.33,3700
2026-07-16 09:42:34.965,NVDA,200.27,200.25,1600,200.24,900,200.23,2400,200.22,3100,200.21,1100,200.29,600,200.3,400,200.31,1800,200.32,1300,200.33,2800
2026-07-16 09:42:35.239,NVDA,200.26,200.24,1200,200.23,1800,200.22,200,200.21,4900,200.2,700,200.28,800,200.29,700,200.3,2600,200.31,2200,200.32,4100
2026-07-16 09:42:35.498,NVDA,200.24,200.22,2400,200.21,1500,200.2,700,200.19,1300,200.18,1800,200.26,1700,200.27,3000,200.28,2600,200.29,4900,200.3,4500
2026-07-16 09:42:35.629,NVDA,200.25,200.23,200,200.22,600,200.21,1700,200.2,1800,200.19,2500,200.27,3100,200.28,3600,200.29,2000,200.3,2100,200.31,300
2026-07-16 09:42:36.065,NVDA,200.27,200.25,2500,200.24,4400,200.23,1600,200.22,1500,200.21,1800,200.29,1700,200.3,2100,200.31,800,200.32,4200,200.33,4500
2026-07-16 09:42:36.448,NVDA,200.27,200.25,2000,200.24,500,200.23,4600,200.22,4900,200.21,100,200.29,1000,200.3,4300,200.31,2500,200.32,800,200.33,100
2026-07-16 09:42:36.644,NVDA,200.28,200.26,400,200.25,2500,200.24,900,200.23,4900,200.22,400,200.3,3700,200.31,2000,200.32,2300,200.33,3400,200.34,3500
2026-07-16 09:42:37.038,NVDA,200.3,200.28,4800,200.27,900,200.26,4200,200.25,1400,200.24,600,200.32,2500,200.33,3400,200.34,3300,200.35,4100,200.36,1100
2026-07-16 09:42:37.097,NVDA,200.28,200.26,1000,200.25,100,200.24,600,200.23,2900,200.22,4700,200.3,3300,200.31,1100,200.32,3900,200.33,1400,200.34,800
2026-07-16 09:42:37.543,NVDA,200.3,200.28,1800,200.27,3800,200.26,1200,200.25,1300,200.24,2600,200.32,900,200.33,3100,200.34,1900,200.35,4500,200.36,4300
2026-07-16 09:42:37.710,NVDA,200.31,200.29,2900,200.28,3900,200.27,2000,200.26,1800,200.25,2200,200.33,4800,200.34,3700,200.35,3800,200.36,600,200.37,2500
2026-07-16 09:42:37.890,NVDA,200.33,200.31,2600,200.3,1100,200.29,2800,200.28,300,200.27,1000,200.35,200,200.36,1100,200.37,800,200.38,2000,200.39,1300
2026-07-16 09:42:38.192,NVDA,200.33,200.31,4400,200.3,3900,200.29,4900,200.28,4200,200.27,4700,200.35,1800,200.36,100,200.37,4900,200.38,4900,200.39,4100
2026-07-16 09:42:38.254,NVDA,200.31,200.29,3700,200.28,3400,200.27,4400,200.26,5000,200.25,4500,200.33,2700,200.34,2100,200.35,1600,200.36,3000,200.37,4200
2026-07-16 09:42:38.666,NVDA,200.32,200.3,2100,200.29,1100,200.28,100,200.27,1600,200.26,3900,200.34,4800,200.35,200,200.36,300,200.37,4200,200.38,1300
2026-07-16 09:42:38.843,NVDA,200.33,200.31,900,200.3,1200,200.29,3200,200.28,4400,200.27,4900,200.35,3900,200.36,900,200.37,2000,200.38,2600,200.39,4400
2026-07-16 09:42:39.109,NVDA,200.34,200.32,1400,200.31,1100,200.3,3700,200.29,4800,200.28,4200,200.36,3000,200.37,300,200.38,1100,200.39,2400,200.4,200
2026-07-16 09:42:39.558,NVDA,200.33,200.31,2800,200.3,1200,200.29,1200,200.28,800,200.27,2200,200.35,5000,200.36,4000,200.37,3800,200.38,1800,200.39,1000
2026-07-16 09:42:39.663,NVDA,200.32,200.3,2700,200.29,4200,200.28,2900,200.27,300,200.26,300,200.34,4800,200.35,500,200.36,3300,200.37,2300,200.38,4300
2026-07-16 09:42:39.877,NVDA,200.3,200.28,1300,200.27,3900,200.26,3500,200.25,1600,200.24,4500,200.32,3900,200.33,1300,200.34,2500,200.35,1300,200.36,4200
2026-07-16 09:42:39.933,NVDA,200.28,200.26,2300,200.25,2400,200.24,4700,200.23,4400,200.22,1500,200.3,3800,200.31,700,200.32,2500,200.33,1600,200.34,200
2026-07-16 09:42:40.354,NVDA,200.26,200.24,5000,200.23,2600,200.22,3900,200.21,4300,200.2,200,200.28,4600,200.29,3500,200.3,1400,200.31,500,200.32,3700
2026-07-16 09:42:40.679,NVDA,200.24,200.22,3900,200.21,4500,200.2,1800,200.19,4100,200.18,4100,200.26,3600,200.27,4700,200.28,4500,200.29,4700,200.3,600
2026-07-16 09:42:40.836,NVDA,200.22,200.2,3900,200.19,1200,200.18,3900,200.17,1500,200.16,2200,200.24,2000,200.25,3300,200.26,2000,200.27,1700,200.28,4300
2026-07-16 09:42:41.332,NVDA,200.2,200.18,4600,200.17,3500,200.16,1000,200.15,3600,200.14,2300,200.22,2300,200.23,1900,200.24,1300,200.25,1800,200.26,2100
2026-07-16 09:42:41.795,NVDA,200.21,200.19,1800,200.18,2800,200.17,1900,200.16,4900,200.15,3200,200.23,600,200.24,2900,200.25,900,200.26,4800,200.27,2300
2026-07-16 09:42:42.166,NVDA,200.23,200.21,3700,200.2,500,200.19,3500,200.18,100,200.17,4000,200.25,1400,200.26,2100,200.27,3100,200.28,2300,200.29,2300
2026-07-16 09:42:42.362,NVDA,200.22,200.2,900,200.19,1700,200.18,1800,200.17,4300,200.16,3500,200.24,2800,200.25,4400,200.26,2000,200.27,2900,200.28,3600
2026-07-16 09:42:42.384,NVDA,200.22,200.2,3100,200.19,4500,200.18,1200,200.17,4400,200.16,700,200.24,3800,200.25,3600,200.26,3400,200.27,1700,200.28,2400
2026-07-16 09:42:42.873,NVDA,200.22,200.2,1000,200.19,1500,200.18,1600,200.17,3400,200.16,3600,200.24,3000,200.25,600,200.26,2700,200.27,3100,200.28,3000
2026-07-16 09:42:43.326,NVDA,200.23,200.21,2500,200.2,3800,200.19,1100,200.18,3400,200.17,4100,200.25,1700,200.26,2800,200.27,3100,200.28,400,200.29,1900
2026-07-16 09:42:43.585,NVDA,200.23,200.21,2000,200.2,1200,200.19,1500,200.18,4800,200.17,3200,200.25,3800,200.26,4300,200.27,600,200.28,3500,200.29,3000
2026-07-16 09:42:43.717,NVDA,200.25,200.23,1700,200.22,4800,200.21,1200,200.2,200,200.19,3600,200.27,100,200.28,2000,200.29,2300,200.3,1700,200.31,4300
2026-07-16 09:42:43.915,NVDA,200.23,200.21,100,200.2,400,200.19,4700,200.18,2900,200.17,3900,200.25,1300,200.26,1000,200.27,3700,200.28,2300,200.29,4700
2026-07-16 09:42:44.239,NVDA,200.25,200.23,200,200.22,2400,200.21,1800,200.2,100,200.19,4800,200.27,200,200.28,300,200.29,800,200.3,3100,200.31,4500
2026-07-16 09:42:44.589,NVDA,200.25,200.23,2900,200.22,900,200.21,4400,200.2,1700,200.19,2100,200.27,100,200.28,4700,200.29,2500,200.3,1900,200.31,2200
2026-07-16 09:42:45.015,NVDA,200.23,200.21,4500,200.2,2600,200.19,4400,200.18,3600,200.17,3000,200.25,4700,200.26,3100,200.27,2000,200.28,2700,200.29,3600
2026-07-16 09:42:45.400,NVDA,200.25,200.23,3400,200.22,3000,200.21,4500,200.2,5000,200.19,2900,200.27,3600,200.28,2600,200.29,900,200.3,5000,200.31,200
2026-07-16 09:42:45.603,NVDA,200.26,200.24,700,200.23,4500,200.22,400,200.21,600,200.2,2900,200.28,4100,200.29,2200,200.3,3800,200.31,1200,200.32,800
2026-07-16 09:42:45.720,NVDA,200.25,200.23,2300,200.22,2900,200.21,2600,200.2,4300,200.19,300,200.27,2800,200.28,4800,200.29,400,200.3,1500,200.31,4800
2026-07-16 09:42:46.001,NVDA,200.25,200.23,2800,200.22,3600,200.21,2700,200.2,3900,200.19,300,200.27,4600,200.28,1000,200.29,2100,200.3,800,200.31,2700
2026-07-16 09:42:46.202,NVDA,200.26,200.24,1600,200.23,1800,200.22,800,200.21,3300,200.2,2100,200.28,1000,200.29,4100,200.3,4400,200.31,2800,200.32,1800
2026-07-16 09:42:46.288,NVDA,200.25,200.23,1900,200.22,3800,200.21,100,200.2,2000,200.19,2500,200.27,1600,200.28,2700,200.29,2100,200.3,700,200.31,100
2026-07-16 09:42:46.714,NVDA,200.23,200.21,300,200.2,1300,200.19,2600,200.18,1400,200.17,600,200.25,4600,200.26,1700,200.27,400,200.28,4100,200.29,3800
2026-07-16 09:42:47.050,NVDA,200.25,200.23,700,200.22,2900,200.21,4900,200.2,700,200.19,4400,200.27,500,200.28,2700,200.29,1300,200.3,4200,200.31,4100
2026-07-16 09:42:47.381,NVDA,200.24,200.22,1800,200.21,3900,200.2,3800,200.19,4400,200.18,1500,200.26,2000,200.27,1600,200.28,1800,200.29,4700,200.3,3500
2026-07-16 09:42:47.576,NVDA,200.23,200.21,4600,200.2,2200,200.19,600,200.18,600,200.17,3600,200.25,1300,200.26,3600,200.27,1100,200.28,1700,200.29,4300
2026-07-16 09:42:47.593,NVDA,200.25,200.23,3700,200.22,3100,200.21,2500,200.2,100,200.19,2100,200.27,4300,200.28,4500,200.29,3900,200.3,5000,200.31,3300
2026-07-16 09:42:48.090,NVDA,200.24,200.22,4900,200.21,4200,200.2,1200,200.19,800,200.18,1300,200.26,600,200.27,3200,200.28,1800,200.29,3900,200.3,3700
2026-07-16 09:42:48.586,NVDA,200.24,200.22,2800,200.21,2200,200.2,2100,200.19,700,200.18,4700,200.26,100,200.27,4000,200.28,1000,200.29,1700,200.3,1000
2026-07-16 09:42:48.740,NVDA,200.22,200.2,600,200.19,1500,200.18,3900,200.17,800,200.16,1800,200.24,2800,200.25,1600,200.26,900,200.27,200,200.28,3300
2026-07-16 09:42:48.853,NVDA,200.23,200.21,1500,200.2,4100,200.19,2700,200.18,1700,200.17,3000,200.25,2600,200.26,3800,200.27,4800,200.28,2900,200.29,2100
2026-07-16 09:42:49.121,NVDA,200.23,200.21,1600,200.2,700,200.19,600,200.18,600,200.17,1400,200.25,2400,200.26,3900,200.27,1900,200.28,3700,200.29,4200
2026-07-16 09:42:49.599,NVDA,200.24,200.22,1500,200.21,2400,200.2,2400,200.19,3200,200.18,4100,200.26,3200,200.27,2900,200.28,2200,200.29,900,200.3,3100
2026-07-16 09:42:49.810,NVDA,200.25,200.23,1800,200.22,3400,200.21,3000,200.2,5000,200.19,100,200.27,4600,200.28,1800,200.29,4000,200.3,2600,200.31,1900
2026-07-16 09:42:50.290,NVDA,200.27,200.25,3700,200.24,2800,200.23,3000,200.22,3100,200.21,1100,200.29,2200,200.3,600,200.31,5000,200.32,3900,200.33,4000
2026-07-16 09:42:50.757,NVDA,200.28,200.26,5000,200.25,2000,200.24,1500,200.23,500,200.22,3800,200.3,3600,200.31,5000,200.32,4000,200.33,100,200.34,900
2026-07-16 09:42:50.981,NVDA,200.3,200.28,3700,200.27,3300,200.26,3000,200.25,4600,200.24,3700,200.32,3100,200.33,900,200.34,900,200.35,1700,200.36,400
2026-07-16 09:42:51.154,NVDA,200.3,200.28,4500,200.27,2700,200.26,1100,200.25,1000,200.24,2100,200.32,1400,200.33,5000,200.34,3800,200.35,3100,200.36,1400
2026-07-16 09:42:51.331,NVDA,200.32,200.3,4900,200.29,2500,200.28,700,200.27,3800,200.26,700,200.34,2900,200.35,3100,200.36,1800,200.37,1700,200.38,3100
2026-07-16 09:42:51.398,NVDA,200.32,200.3,800,200.29,4500,200.28,4400,200.27,2000,200.26,1500,200.34,1100,200.35,1500,200.36,500,200.37,3700,200.38,3500
2026-07-16 09:42:51.836,NVDA,200.33,200.31,3200,200.3,2800,200.29,2500,200.28,3500,200.27,1900,200.35,4800,200.36,3100,200.37,2600,200.38,300,200.39,2200
2026-07-16 09:42:52.137,NVDA,200.35,200.33,4200,200.32,3400,200.31,2000,200.3,2200,200.29,2300,200.37,3500,200.38,3400,200.39,4400,200.4,400,200.41,3700
2026-07-16 09:42:52.374,NVDA,200.37,200.35,4200,200.34,3600,200.33,1100,200.32,3700,200.31,4600,200.39,4000,200.4,4800,200.41,4500,200.42,4900,200.43,300
2026-07-16 09:42:52.712,NVDA,200.35,200.33,3000,200.32,4400,200.31,2300,200.3,3200,200.29,1400,200.37,1800,200.38,3400,200.39,4000,200.4,1100,200.41,400
2026-07-16 09:42:52.832,NVDA,200.37,200.35,2200,200.34,200,200.33,2000,200.32,4600,200.31,4700,200.39,800,200.4,4000,200.41,3100,200.42,200,200.43,1900
2026-07-16 09:42:52.945,NVDA,200.36,200.34,3800,200.33,2400,200.32,2600,200.31,4700,200.3,4200,200.38,4600,200.39,2200,200.4,4500,200.41,800,200.42,3600
2026-07-16 09:42:53.216,NVDA,200.37,200.35,400,200.34,3900,200.33,4700,200.32,4900,200.31,1600,200.39,400,200.4,3200,200.41,3300,200.42,2300,200.43,1700
2026-07-16 09:42:53.362,NVDA,200.37,200.35,500,200.34,4700,200.33,4400,200.32,3200,200.31,100,200.39,2800,200.4,4200,200.41,4600,200.42,2300,200.43,100
2026-07-16 09:42:53.581,NVDA,200.38,200.36,2400,200.35,1800,200.34,1200,200.33,3100,200.32,200,200.4,1200,200.41,4100,200.42,4000,200.43,4500,200.44,2700
2026-07-16 09:42:53.962,NVDA,200.37,200.35,2900,200.34,3000,200.33,4700,200.32,4900,200.31,4900,200.39,1100,200.4,1300,200.41,3100,200.42,3800,200.43,800
2026-07-16 09:42:54.456,NVDA,200.39,200.37,1600,200.36,4100,200.35,1500,200.34,200,200.33,4100,200.41,2600,200.42,3300,200.43,600,200.44,3300,200.45,100
2026-07-16 09:42:54.837,NVDA,200.4,200.38,200,200.37,3300,200.36,4400,200.35,500,200.34,4400,200.42,3700,200.43,5000,200.44,4200,200.45,1700,200.46,4600
2026-07-16 09:42:55.294,NVDA,200.39,200.37,3500,200.36,1000,200.35,1500,200.34,1600,200.33,1300,200.41,600,200.42,1700,200.43,1700,200.44,1500,200.45,4800
2026-07-16 09:42:55.501,NVDA,200.38,200.36,2900,200.35,200,200.34,3600,200.33,1600,200.32,2900,200.4,4000,200.41,4700,200.42,600,200.43,1800,200.44,1400
2026-07-16 09:42:55.966,NVDA,200.38,200.36,1400,200.35,3000,200.34,1000,200.33,3200,200.32,4600,200.4,3200,200.41,3000,200.42,4700,200.43,1900,200.44,2100
2026-07-16 09:42:56.366,NVDA,200.4,200.38,4700,200.37,500,200.36,5000,200.35,1000,200.34,1300,200.42,4800,200.43,1600,200.44,100,200.45,600,200.46,4400
2026-07-16 09:42:56.486,NVDA,200.4,200.38,2700,200.37,1700,200.36,200,200.35,500,200.34,1000,200.42,1000,200.43,700,200.44,4600,200.45,2900,200.46,1300
2026-07-16 09:42:56.523,NVDA,200.4,200.38,2300,200.37,3600,200.36,4800,200.35,3200,200.34,4000,200.42,2200,200.43,1800,200.44,400,200.45,4700,200.46,2700
2026-07-16 09:42:56.619,NVDA,200.38,200.36,600,200.35,4000,200.34,3000,200.33,2300,200.32,3200,200.4,3600,200.41,5000,200.42,3400,200.43,3400,200.44,3700
2026-07-16 09:42:56.671,NVDA,200.4,200.38,4800,200.37,2300,200.36,2800,200.35,1900,200.34,100,200.42,2300,200.43,700,200.44,4800,200.45,1500,200.46,700
2026-07-16 09:42:56.689,NVDA,200.4,200.38,2300,200.37,3700,200.36,2700,200.35,2800,200.34,800,200.42,900,200.43,900,200.44,3900,200.45,3400,200.46,2200
2026-07-16 09:42:56.869,NVDA,200.41,200.39,4100,200.38,3300,200.37,2300,200.36,500,200.35,600,200.43,900,200.44,4400,200.45,3000,200.46,1800,200.47,700
2026-07-16 09:42:57.147,NVDA,200.43,200.41,200,200.4,500,200.39,3200,200.38,800,200.37,900,200.45,2500,200.46,900,200.47,2000,200.48,4300,200.49,100
2026-07-16 09:42:57.233,NVDA,200.41,200.39,2000,200.38,500,200.37,2900,200.36,2600,200.35,1200,200.43,4800,200.44,3600,200.45,2800,200.46,2000,200.47,1600
2026-07-16 09:42:57.660,NVDA,200.42,200.4,2500,200.39,3100,200.38,800,200.37,4800,200.36,3500,200.44,2400,200.45,400,200.46,1500,200.47,1800,200.48,4500
2026-07-16 09:42:58.151,NVDA,200.44,200.42,2600,200.41,1200,200.4,4400,200.39,2500,200.38,3800,200.46,4100,200.47,1400,200.48,3500,200.49,2600,200.5,3000
2026-07-16 09:42:58.592,NVDA,200.44,200.42,1100,200.41,4300,200.4,2900,200.39,1000,200.38,3300,200.46,1600,200.47,3200,200.48,3600,200.49,4100,200.5,2300
2026-07-16 09:42:59.068,NVDA,200.45,200.43,1300,200.42,4200,200.41,3100,200.4,2000,200.39,1000,200.47,1200,200.48,2600,200.49,3400,200.5,2700,200.51,2300
2026-07-16 09:42:59.191,NVDA,200.45,200.43,900,200.42,4300,200.41,4600,200.4,1600,200.39,2000,200.47,3100,200.48,2200,200.49,4300,200.5,4300,200.51,3900
2026-07-16 09:42:59.440,NVDA,200.44,200.42,1500,200.41,2700,200.4,5000,200.39,600,200.38,1900,200.46,300,200.47,2700,200.48,1500,200.49,400,200.5,5000
2026-07-16 09:42:59.625,NVDA,200.44,200.42,3300,200.41,1600,200.4,2700,200.39,3800,200.38,900,200.46,800,200.47,1500,200.48,2100,200.49,2900,200.5,3600
2026-07-16 09:42:59.924,NVDA,200.43,200.41,1300,200.4,4700,200.39,400,200.38,2400,200.37,1400,200.45,2600,200.46,4700,200.47,2500,200.48,600,200.49,2000
2026-07-16 09:43:00.075,NVDA,200.45,200.43,3400,200.42,1000,200.41,4000,200.4,1400,200.39,2600,200.47,300,200.48,2900,200.49,300,200.5,4500,200.51,1200
2026-07-16 09:43:00.301,NVDA,200.47,200.45,4000,200.44,600,200.43,200,200.42,3500,200.41,2400,200.49,4200,200.5,1100,200.51,300,200.52,2900,200.53,400
2026-07-16 09:43:00.651,NVDA,200.46,200.44,2600,200.43,3400,200.42,1600,200.41,1600,200.4,1800,200.48,600,200.49,4900,200.5,4100,200.51,5000,200.52,2100
2026-07-16 09:43:00.872,NVDA,200.44,200.42,800,200.41,2600,200.4,700,200.39,1700,200.38,1000,200.46,400,200.47,1100,200.48,800,200.49,1400,200.5,3000
2026-07-16 09:43:01.325,NVDA,200.46,200.44,900,200.43,2200,200.42,4300,200.41,4000,200.4,1500,200.48,4200,200.49,600,200.5,2200,200.51,2200,200.52,700
2026-07-16 09:43:01.734,NVDA,200.44,200.42,3700,200.41,4000,200.4,4500,200.39,1500,200.38,4500,200.46,4100,200.47,4400,200.48,1400,200.49,3900,200.5,3700
2026-07-16 09:43:02.006,NVDA,200.43,200.41,3300,200.4,2700,200.39,4100,200.38,4400,200.37,2300,200.45,3800,200.46,1800,200.47,2400,200.48,3600,200.49,1500
2026-07-16 09:43:02.409,NVDA,200.45,200.43,2900,200.42,3500,200.41,2700,200.4,4000,200.39,4700,200.47,2100,200.48,4800,200.49,800,200.5,5000,200.51,1700
2026-07-16 09:43:02.727,NVDA,200.44,200.42,4300,200.41,2700,200.4,400,200.39,1800,200.38,1500,200.46,3300,200.47,1300,200.48,200,200.49,1400,200.5,3600
2026-07-16 09:43:03.079,NVDA,200.45,200.43,2700,200.42,1100,200.41,600,200.4,3400,200.39,1700,200.47,1300,200.48,100,200.49,1200,200.5,4400,200.51,5000
2026-07-16 09:43:03.147,NVDA,200.47,200.45,4800,200.44,4000,200.43,3600,200.42,700,200.41,1300,200.49,4700,200.5,1200,200.51,5000,200.52,2400,200.53,2200
2026-07-16 09:43:03.609,NVDA,200.47,200.45,3600,200.44,3000,200.43,4300,200.42,800,200.41,900,200.49,600,200.5,2700,200.51,4600,200.52,1000,200.53,1700
2026-07-16 09:43:03.659,NVDA,200.45,200.43,4600,200.42,2900,200.41,2800,200.4,1200,200.39,4400,200.47,3700,200.48,2600,200.49,4500,200.5,3200,200.51,3800
2026-07-16 09:43:04.078,NVDA,200.47,200.45,2400,200.44,4700,200.43,1500,200.42,1800,200.41,2300,200.49,300,200.5,400,200.51,100,200.52,4500,200.53,500
2026-07-16 09:43:04.464,NVDA,200.46,200.44,4600,200.43,1800,200.42,700,200.41,1600,200.4,4800,200.48,3900,200.49,1800,200.5,400,200.51,600,200.52,4800
2026-07-16 09:43:04.696,NVDA,200.47,200.45,4900,200.44,3300,200.43,600,200.42,1400,200.41,500,200.49,2700,200.5,400,200.51,2600,200.52,4400,200.53,3900
2026-07-16 09:43:04.906,NVDA,200.49,200.47,900,200.46,2600,200.45,3300,200.44,400,200.43,4200,200.51,2500,200.52,4600,200.53,1600,200.54,2200,200.55,2900
2026-07-16 09:43:05.229,NVDA,200.47,200.45,4000,200.44,3000,200.43,3900,200.42,900,200.41,3800,200.49,400,200.5,4200,200.51,1000,200.52,4800,200.53,4300
2026-07-16 09:43:05.592,NVDA,200.48,200.46,4300,200.45,1300,200.44,500,200.43,600,200.42,300,200.5,4000,200.51,4000,200.52,300,200.53,4100,200.54,600
2026-07-16 09:43:05.992,NVDA,200.49,200.47,1200,200.46,4600,200.45,2800,200.44,500,200.43,3200,200.51,3600,200.52,3000,200.53,2000,200.54,300,200.55,2700
2026-07-16 09:43:06.264,NVDA,200.49,200.47,2800,200.46,2000,200.45,800,200.44,1500,200.43,200,200.51,2600,200.52,3400,200.53,1000,200.54,3400,200.55,3300
2026-07-16 09:43:06.511,NVDA,200.47,200.45,3300,200.44,1500,200.43,700,200.42,2800,200.41,1700,200.49,2200,200.5,2100,200.51,2100,200.52,600,200.53,2300
2026-07-16 09:43:06.549,NVDA,200.49,200.47,3200,200.46,1700,200.45,4500,200.44,2700,200.43,5000,200.51,800,200.52,1600,200.53,5000,200.54,800,200.55,200
2026-07-16 09:43:06.955,NVDA,200.51,200.49,600,200.48,4500,200.47,1000,200.46,3900,200.45,2900,200.53,1800,200.54,4300,200.55,1800,200.56,1000,200.57,4900
2026-07-16 09:43:07.352,NVDA,200.53,200.51,4700,200.5,1400,200.49,2600,200.48,4200,200.47,1100,200.55,500,200.56,2500,200.57,3300,200.58,2000,200.59,2300
2026-07-16 09:43:07.610,NVDA,200.51,200.49,1000,200.48,4400,200.47,800,200.46,5000,200.45,3700,200.53,600,200.54,900,200.55,2600,200.56,3000,200.57,2800
2026-07-16 09:43:07.922,NVDA,200.52,200.5,3600,200.49,4600,200.48,900,200.47,3900,200.46,800,200.54,2300,200.55,2300,200.56,5000,200.57,100,200.58,1100
2026-07-16 09:43:08.330,NVDA,200.54,200.52,4500,200.51,3700,200.5,4800,200.49,1400,200.48,2800,200.56,3100,200.57,3400,200.58,3200,200.59,5000,200.6,500
2026-07-16 09:43:08.369,NVDA,200.52,200.5,3500,200.49,2500,200.48,1600,200.47,3800,200.46,2900,200.54,400,200.55,200,200.56,5000,200.57,200,200.58,4700
2026-07-16 09:43:08.801,NVDA,200.54,200.52,1800,200.51,5000,200.5,4500,200.49,100,200.48,700,200.56,4700,200.57,1000,200.58,5000,200.59,1800,200.6,4600
2026-07-16 09:43:09.214,NVDA,200.56,200.54,3900,200.53,1600,200.52,3600,200.51,2800,200.5,4300,200.58,4600,200.59,2200,200.6,1900,200.61,2400,200.62,4000
2026-07-16 09:43:09.551,NVDA,200.55,200.53,2900,200.52,1400,200.51,2400,200.5,400,200.49,1000,200.57,400,200.58,700,200.59,4400,200.6,1800,200.61,4200
2026-07-16 09:43:10.028,NVDA,200.54,200.52,2600,200.51,700,200.5,4800,200.49,4100,200.48,3800,200.56,4200,200.57,3700,200.58,4300,200.59,1100,200.6,3200
2026-07-16 09:43:10.120,NVDA,200.53,200.51,3900,200.5,3900,200.49,2700,200.48,4800,200.47,4100,200.55,200,200.56,900,200.57,4200,200.58,3600,200.59,4400
2026-07-16 09:43:10.179,NVDA,200.52,200.5,900,200.49,4400,200.48,4600,200.47,1300,200.46,400,200.54,3400,200.55,4000,200.56,4200,200.57,2800,200.58,2300
2026-07-16 09:43:10.400,NVDA,200.54,200.52,2300,200.51,3300,200.5,4900,200.49,3200,200.48,3400,200.56,1300,200.57,200,200.58,1800,200.59,800,200.6,1100
2026-07-16 09:43:10.681,NVDA,200.54,200.52,100,200.51,1500,200.5,4200,200.49,4700,200.48,100,200.56,2100,200.57,4900,200.58,2900,200.59,2800,200.6,3800
2026-07-16 09:43:10.740,NVDA,200.53,200.51,3400,200.5,2500,200.49,2700,200.48,3200,200.47,3900,200.55,200,200.56,2200,200.57,5000,200.58,4700,200.59,500
2026-07-16 09:43:10.995,NVDA,200.55,200.53,600,200.52,4600,200.51,4500,200.5,4800,200.49,2200,200.57,3200,200.58,4100,200.59,2500,200.6,1200,200.61,2600
2026-07-16 09:43:11.143,NVDA,200.53,200.51,1500,200.5,1500,200.49,3000,200.48,800,200.47,1500,200.55,2800,200.56,3900,200.57,2800,200.58,2700,200.59,1900
2026-07-16 09:43:11.392,NVDA,200.55,200.53,3600,200.52,4600,200.51,4500,200.5,1100,200.49,2900,200.57,3000,200.58,2200,200.59,4200,200.6,2000,200.61,1900
2026-07-16 09:43:11.786,NVDA,200.54,200.52,4200,200.51,2700,200.5,3900,200.49,3000,200.48,4000,200.56,900,200.57,2500,200.58,2300,200.59,3600,200.6,4200
2026-07-16 09:43:12.221,NVDA,200.53,200.51,1900,200.5,2400,200.49,2500,200.48,900,200.47,1300,200.55,1800,200.56,4000,200.57,1900,200.58,1300,200.59,4900
2026-07-16 09:43:12.278,NVDA,200.54,200.52,3500,200.51,5000,200.5,1300,200.49,1200,200.48,1100,200.56,2400,200.57,200,200.58,4900,200.59,3800,200.6,4800
2026-07-16 09:43:12.470,NVDA,200.56,200.54,4400,200.53,3700,200.52,300,200.51,5000,200.5,100,200.58,4400,200.59,4200,200.6,2700,200.61,5000,200.62,4300
2026-07-16 09:43:12.828,NVDA,200.54,200.52,2300,200.51,2800,200.5,4700,200.49,3800,200.48,2300,200.56,2000,200.57,1500,200.58,3000,200.59,1200,200.6,1500
2026-07-16 09:43:13.104,NVDA,200.53,200.51,4600,200.5,1600,200.49,300,200.48,1100,200.47,1900,200.55,1500,200.56,2700,200.57,3400,200.58,3600,200.59,3000
2026-07-16 09:43:13.572,NVDA,200.52,200.5,1400,200.49,400,200.48,2500,200.47,3000,200.46,4000,200.54,1200,200.55,3700,200.56,1800,200.57,1600,200.58,4300
2026-07-16 09:43:13.711,NVDA,200.54,200.52,2600,200.51,1900,200.5,2200,200.49,2200,200.48,4900,200.56,1300,200.57,3400,200.58,1000,200.59,4500,200.6,3000
2026-07-16 09:43:14.039,NVDA,200.52,200.5,2500,200.49,800,200.48,4100,200.47,1100,200.46,4900,200.54,3800,200.55,1400,200.56,3800,200.57,3400,200.58,4000
2026-07-16 09:43:14.203,NVDA,200.53,200.51,200,200.5,2600,200.49,1800,200.48,1800,200.47,4100,200.55,5000,200.56,1800,200.57,2000,200.58,2300,200.59,3200
2026-07-16 09:43:14.484,NVDA,200.51,200.49,4000,200.48,3100,200.47,3200,200.46,300,200.45,300,200.53,1700,200.54,1600,200.55,5000,200.56,2300,200.57,2800
2026-07-16 09:43:14.685,NVDA,200.52,200.5,3400,200.49,4300,200.48,4100,200.47,2900,200.46,3500,200.54,3000,200.55,3700,200.56,3500,200.57,4500,200.58,1000
2026-07-16 09:43:14.704,NVDA,200.52,200.5,200,200.49,4800,200.48,1000,200.47,1400,200.46,2500,200.54,4700,200.55,4700,200.56,200,200.57,800,200.58,300
2026-07-16 09:43:15.129,NVDA,200.54,200.52,3700,200.51,4300,200.5,2300,200.49,3900,200.48,3400,200.56,4300,200.57,500,200.58,3900,200.59,3300,200.6,4500
2026-07-16 09:43:15.373,NVDA,200.55,200.53,3000,200.52,2100,200.51,4200,200.5,4800,200.49,3000,200.57,4300,200.58,2000,200.59,3800,200.6,2700,200.61,2300
2026-07-16 09:43:15.507,NVDA,200.55,200.53,1800,200.52,3600,200.51,1200,200.5,2000,200.49,1500,200.57,3900,200.58,600,200.59,2700,200.6,500,200.61,900
2026-07-16 09:43:15.931,NVDA,200.54,200.52,3800,200.51,1900,200.5,2500,200.49,1800,200.48,2700,200.56,4700,200.57,3500,200.58,200,200.59,4900,200.6,1200
2026-07-16 09:43:16.231,NVDA,200.53,200.51,3000,200.5,3600,200.49,2000,200.48,4300,200.47,700,200.55,2400,200.56,800,200.57,2300,200.58,2800,200.59,4100
2026-07-16 09:43:16.719,NVDA,200.55,200.53,1400,200.52,2600,200.51,1100,200.5,3600,200.49,2900,200.57,4600,200.58,900,200.59,3800,200.6,2600,200.61,300
2026-07-16 09:43:17.092,NVDA,200.54,200.52,3200,200.51,4200,200.5,3000,200.49,2400,200.48,4900,200.56,2700,200.57,1400,200.58,4000,200.59,700,200.6,1100
2026-07-16 09:43:17.107,NVDA,200.54,200.52,2400,200.51,2700,200.5,4200,200.49,4900,200.48,3200,200.56,2300,200.57,4100,200.58,3100,200.59,4800,200.6,1200
2026-07-16 09:43:17.601,NVDA,200.52,200.5,3700,200.49,3300,200.48,300,200.47,4100,200.46,300,200.54,600,200.55,3100,200.56,3500,200.57,2100,200.58,3200
2026-07-16 09:43:17.695,NVDA,200.5,200.48,2500,200.47,900,200.46,3100,200.45,300,200.44,4100,200.52,2300,200.53,4600,200.54,1600,200.55,3600,200.56,5000
2026-07-16 09:43:17.754,NVDA,200.52,200.5,2800,200.49,2600,200.48,400,200.47,3500,200.46,2400,200.54,2400,200.55,2100,200.56,400,200.57,4400,200.58,4200
2026-07-16 09:43:18.083,NVDA,200.52,200.5,200,200.49,3500,200.48,1900,200.47,300,200.46,1100,200.54,300,200.55,600,200.56,2700,200.57,4500,200.58,3700
2026-07-16 09:43:18.563,NVDA,200.52,200.5,4100,200.49,2300,200.48,1700,200.47,3300,200.46,800,200.54,4000,200.55,2000,200.56,2700,200.57,2500,200.58,2100
2026-07-16 09:43:18.992,NVDA,200.51,200.49,2400,200.48,200,200.47,3800,200.46,3100,200.45,100,200.53,4600,200.54,4400,200.55,4500,200.56,200,200.57,1600
2026-07-16 09:43:19.009,NVDA,200.49,200.47,5000,200.46,1700,200.45,3900,200.44,4500,200.43,2200,200.51,4300,200.52,2300,200.53,1200,200.54,4000,200.55,600
2026-07-16 09:43:19.306,NVDA,200.47,200.45,3300,200.44,200,200.43,4300,200.42,1500,200.41,4800,200.49,2200,200.5,4000,200.51,2900,200.52,1700,200.53,800
2026-07-16 09:43:19.354,NVDA,200.49,200.47,2500,200.46,1800,200.45,1300,200.44,3900,200.43,4700,200.51,1500,200.52,800,200.53,100,200.54,4400,200.55,100
2026-07-16 09:43:19.633,NVDA,200.51,200.49,4700,200.48,600,200.47,400,200.46,3800,200.45,2000,200.53,2700,200.54,3400,200.55,2400,200.56,2700,200.57,4400
2026-07-16 09:43:19.667,NVDA,200.52,200.5,2300,200.49,1200,200.48,1300,200.47,700,200.46,2000,200.54,3300,200.55,3800,200.56,3100,200.57,1200,200.58,1000
2026-07-16 09:43:19.949,NVDA,200.54,200.52,2000,200.51,700,200.5,4600,200.49,2300,200.48,2900,200.56,800,200.57,4200,200.58,3600,200.59,4200,200.6,4900
2026-07-16 09:43:19.975,NVDA,200.56,200.54,900,200.53,200,200.52,3800,200.51,3000,200.5,4000,200.58,500,200.59,1000,200.6,500,200.61,2200,200.62,5000
2026-07-16 09:43:19.996,NVDA,200.57,200.55,4700,200.54,1300,200.53,3500,200.52,200,200.51,1000,200.59,1700,200.6,800,200.61,4400,200.62,3200,200.63,3400
2026-07-16 09:43:20.339,NVDA,200.58,200.56,2700,200.55,200,200.54,4400,200.53,700,200.52,1000,200.6,900,200.61,600,200.62,1900,200.63,1200,200.64,1600
2026-07-16 09:43:20.618,NVDA,200.6,200.58,2900,200.57,2100,200.56,4200,200.55,3300,200.54,1100,200.62,2900,200.63,4600,200.64,2700,200.65,4600,200.66,1100
2026-07-16 09:43:20.698,NVDA,200.62,200.6,2700,200.59,1200,200.58,5000,200.57,2900,200.56,3300,200.64,1600,200.65,3000,200.66,900,200.67,4700,200.68,400
2026-07-16 09:43:21.039,NVDA,200.62,200.6,2000,200.59,100,200.58,4200,200.57,2500,200.56,4000,200.64,4100,200.65,3600,200.66,4000,200.67,300,200.68,1300
2026-07-16 09:43:21.222,NVDA,200.63,200.61,4500,200.6,3000,200.59,2600,200.58,1400,200.57,2900,200.65,700,200.66,200,200.67,3900,200.68,3800,200.69,400
2026-07-16 09:43:21.478,NVDA,200.64,200.62,2800,200.61,600,200.6,2300,200.59,1300,200.58,500,200.66,600,200.67,2400,200.68,3200,200.69,3200,200.7,2700
2026-07-16 09:43:21.807,NVDA,200.66,200.64,600,200.63,2000,200.62,2800,200.61,2200,200.6,2300,200.68,4100,200.69,2300,200.7,1700,200.71,2700,200.72,2700
2026-07-16 09:43:21.873,NVDA,200.65,200.63,2300,200.62,300,200.61,3800,200.6,600,200.59,3400,200.67,3600,200.68,4400,200.69,1700,200.7,3500,200.71,400
2026-07-16 09:43:22.302,NVDA,200.63,200.61,3000,200.6,400,200.59,400,200.58,100,200.57,4800,200.65,2900,200.66,800,200.67,2100,200.68,600,200.69,3000
2026-07-16 09:43:22.605,NVDA,200.61,200.59,3600,200.58,4500,200.57,3700,200.56,1200,200.55,4300,200.63,2600,200.64,4200,200.65,4300,200.66,1800,200.67,4000
2026-07-16 09:43:22.623,NVDA,200.6,200.58,200,200.57,1400,200.56,1500,200.55,100,200.54,2400,200.62,4800,200.63,2400,200.64,3800,200.65,4100,200.66,1000
2026-07-16 09:43:23.104,NVDA,200.6,200.58,2000,200.57,1000,200.56,200,200.55,4100,200.54,3700,200.62,2000,200.63,4800,200.64,3000,200.65,600,200.66,2600
2026-07-16 09:43:23.292,NVDA,200.6,200.58,800,200.57,2900,200.56,2600,200.55,2300,200.54,4900,200.62,800,200.63,4200,200.64,1400,200.65,800,200.66,4800
2026-07-16 09:43:23.678,NVDA,200.6,200.58,2200,200.57,400,200.56,1300,200.55,4500,200.54,4700,200.62,800,200.63,400,200.64,4900,200.65,3800,200.66,2500
2026-07-16 09:43:23.877,NVDA,200.61,200.59,200,200.58,1600,200.57,1200,200.56,1000,200.55,3200,200.63,400,200.64,400,200.65,2000,200.66,4200,200.67,4500
2026-07-16 09:43:23.931,NVDA,200.61,200.59,200,200.58,3500,200.57,2300,200.56,5000,200.55,1600,200.63,2900,200.64,300,200.65,4500,200.66,1900,200.67,3700
2026-07-16 09:43:24.112,NVDA,200.59,200.57,2100,200.56,100,200.55,4300,200.54,4900,200.53,3700,200.61,1600,200.62,800,200.63,1400,200.64,2300,200.65,100
2026-07-16 09:43:24.437,NVDA,200.61,200.59,3200,200.58,1700,200.57,3800,200.56,4100,200.55,1700,200.63,1400,200.64,3600,200.65,3100,200.66,3400,200.67,2900
2026-07-16 09:43:24.528,NVDA,200.61,200.59,1800,200.58,3200,200.57,3900,200.56,3900,200.55,4700,200.63,4500,200.64,500,200.65,2000,200.66,400,200.67,4300
2026-07-16 09:43:24.910,NVDA,200.6,200.58,2900,200.57,4700,200.56,4100,200.55,4800,200.54,400,200.62,2600,200.63,1200,200.64,4500,200.65,4400,200.66,4700
2026-07-16 09:43:25.273,NVDA,200.6,200.58,3600,200.57,1500,200.56,4000,200.55,1800,200.54,1000,200.62,1700,200.63,4700,200.64,3500,200.65,2900,200.66,500
2026-07-16 09:43:25.695,NVDA,200.6,200.58,200,200.57,3600,200.56,2400,200.55,200,200.54,3300,200.62,4900,200.63,1100,200.64,2000,200.65,700,200.66,1700
2026-07-16 09:43:25.948,NVDA,200.58,200.56,3100,200.55,1500,200.54,3600,200.53,4300,200.52,300,200.6,100,200.61,600,200.62,4900,200.63,1100,200.64,2400
2026-07-16 09:43:26.293,NVDA,200.56,200.54,1200,200.53,5000,200.52,3700,200.51,4700,200.5,3300,200.58,1700,200.59,1600,200.6,1200,200.61,1100,200.62,1700
2026-07-16 09:43:26.666,NVDA,200.55,200.53,500,200.52,3600,200.51,100,200.5,1200,200.49,2000,200.57,3600,200.58,1600,200.59,3600,200.6,3500,200.61,2600
2026-07-16 09:43:26.993,NVDA,200.57,200.55,3600,200.54,3000,200.53,2600,200.52,100,200.51,3900,200.59,200,200.6,4800,200.61,1200,200.62,3700,200.63,4700
2026-07-16 09:43:27.415,NVDA,200.58,200.56,400,200.55,4000,200.54,2800,200.53,1600,200.52,1800,200.6,2600,200.61,1200,200.62,4900,200.63,4900,200.64,1300
2026-07-16 09:43:27.888,NVDA,200.57,200.55,4800,200.54,3100,200.53,2900,200.52,3600,200.51,400,200.59,900,200.6,3300,200.61,4900,200.62,1000,200.63,1900
2026-07-16 09:43:28.264,NVDA,200.56,200.54,3100,200.53,2000,200.52,4400,200.51,1000,200.5,2700,200.58,700,200.59,4800,200.6,1200,200.61,1600,200.62,4700
2026-07-16 09:43:28.751,NVDA,200.54,200.52,4000,200.51,400,200.5,3700,200.49,4500,200.48,600,200.56,1800,200.57,2100,200.58,2200,200.59,400,200.6,2600
2026-07-16 09:43:28.870,NVDA,200.54,200.52,3800,200.51,3000,200.5,800,200.49,700,200.48,2500,200.56,2800,200.57,2400,200.58,500,200.59,2400,200.6,3300
2026-07-16 09:43:28.946,NVDA,200.52,200.5,4900,200.49,2200,200.48,1100,200.47,4300,200.46,4700,200.54,1600,200.55,800,200.56,1500,200.57,700,200.58,4300
2026-07-16 09:43:29.252,NVDA,200.51,200.49,1300,200.48,3700,200.47,500,200.46,1300,200.45,4400,200.53,3700,200.54,500,200.55,3200,200.56,3100,200.57,1000
2026-07-16 09:43:29.399,NVDA,200.52,200.5,3100,200.49,3500,200.48,500,200.47,600,200.46,2200,200.54,5000,200.55,1800,200.56,4500,200.57,3400,200.58,4100
2026-07-16 09:43:29.655,NVDA,200.54,200.52,1100,200.51,2200,200.5,3000,200.49,2800,200.48,1300,200.56,700,200.57,900,200.58,2000,200.59,200,200.6,1700
2026-07-16 09:43:30.055,NVDA,200.55,200.53,5000,200.52,2400,200.51,1900,200.5,1600,200.49,4500,200.57,100,200.58,1700,200.59,500,200.6,2600,200.61,2800
2026-07-16 09:43:30.249,NVDA,200.55,200.53,4500,200.52,5000,200.51,3800,200.5,2800,200.49,800,200.57,800,200.58,3600,200.59,3400,200.6,2900,200.61,4200
2026-07-16 09:43:30.658,NVDA,200.54,200.52,3900,200.51,4000,200.5,2400,200.49,700,200.48,3700,200.56,3000,200.57,3300,200.58,2000,200.59,2300,200.6,4000
2026-07-16 09:43:30.786,NVDA,200.55,200.53,4600,200.52,3300,200.51,1100,200.5,2300,200.49,2700,200.57,900,200.58,1500,200.59,2900,200.6,2500,200.61,2700
2026-07-16 09:43:31.255,NVDA,200.54,200.52,1300,200.51,1900,200.5,3900,200.49,2800,200.48,3600,200.56,1400,200.57,300,200.58,2300,200.59,3300,200.6,3600
2026-07-16 09:43:31.306,NVDA,200.53,200.51,2400,200.5,2200,200.49,4700,200.48,1000,200.47,700,200.55,3400,200.56,2900,200.57,2300,200.58,4700,200.59,400
2026-07-16 09:43:31.642,NVDA,200.54,200.52,800,200.51,4200,200.5,3000,200.49,3300,200.48,1100,200.56,1100,200.57,1200,200.58,1700,200.59,3500,200.6,100
2026-07-16 09:43:31.977,NVDA,200.52,200.5,800,200.49,5000,200.48,2400,200.47,300,200.46,1800,200.54,4700,200.55,4100,200.56,300,200.57,500,200.58,1100
2026-07-16 09:43:32.358,NVDA,200.52,200.5,5000,200.49,1100,200.48,2900,200.47,2700,200.46,600,200.54,2400,200.55,3400,200.56,3000,200.57,800,200.58,1800
2026-07-16 09:43:32.535,NVDA,200.5,200.48,1000,200.47,300,200.46,4100,200.45,1500,200.44,3500,200.52,3100,200.53,1700,200.54,3300,200.55,3000,200.56,2700
2026-07-16 09:43:32.733,NVDA,200.49,200.47,300,200.46,2500,200.45,4400,200.44,2400,200.43,2100,200.51,1700,200.52,300,200.53,1200,200.54,3600,200.55,2400
2026-07-16 09:43:32.894,NVDA,200.48,200.46,2800,200.45,300,200.44,1300,200.43,4900,200.42,800,200.5,4500,200.51,4000,200.52,3100,200.53,1900,200.54,2300
2026-07-16 09:43:33.012,NVDA,200.47,200.45,4900,200.44,600,200.43,200,200.42,2900,200.41,1600,200.49,800,200.5,2000,200.51,700,200.52,2100,200.53,4000
2026-07-16 09:43:33.287,NVDA,200.48,200.46,2500,200.45,1100,200.44,1200,200.43,700,200.42,3800,200.5,3400,200.51,4900,200.52,2300,200.53,2900,200.54,1300
2026-07-16 09:43:33.509,NVDA,200.46,200.44,3400,200.43,1300,200.42,1600,200.41,200,200.4,3000,200.48,4500,200.49,4900,200.5,1600,200.51,2900,200.52,200
2026-07-16 09:43:33.777,NVDA,200.47,200.45,1000,200.44,700,200.43,1000,200.42,1000,200.41,2200,200.49,2000,200.5,400,200.51,3200,200.52,1600,200.53,4700
2026-07-16 09:43:34.055,NVDA,200.47,200.45,2700,200.44,2600,200.43,600,200.42,4500,200.41,3500,200.49,800,200.5,2800,200.51,3800,200.52,1800,200.53,2600
2026-07-16 09:43:34.352,NVDA,200.48,200.46,800,200.45,4700,200.44,4600,200.43,2000,200.42,800,200.5,3200,200.51,1200,200.52,4500,200.53,4200,200.54,1000
2026-07-16 09:43:34.665,NVDA,200.49,200.47,1100,200.46,2000,200.45,2700,200.44,1700,200.43,2800,200.51,100,200.52,2200,200.53,3400,200.54,300,200.55,2500
2026-07-16 09:43:34.803,NVDA,200.47,200.45,2100,200.44,2300,200.43,4200,200.42,4800,200.41,4800,200.49,1700,200.5,1100,200.51,2700,200.52,4400,200.53,1000
2026-07-16 09:43:34.884,NVDA,200.47,200.45,1100,200.44,3600,200.43,1300,200.42,3800,200.41,700,200.49,3800,200.5,1800,200.51,4100,200.52,3800,200.53,1900
2026-07-16 09:43:35.365,NVDA,200.49,200.47,1800,200.46,4900,200.45,4400,200.44,3700,200.43,600,200.51,3600,200.52,2400,200.53,4300,200.54,700,200.55,2100
2026-07-16 09:43:35.377,NVDA,200.51,200.49,600,200.48,700,200.47,1300,200.46,1100,200.45,1900,200.53,500,200.54,4400,200.55,1400,200.56,2900,200.57,1700
2026-07-16 09:43:35.665,NVDA,200.5,200.48,2000,200.47,2700,200.46,4300,200.45,2500,200.44,900,200.52,4600,200.53,1600,200.54,5000,200.55,4300,200.56,700
2026-07-16 09:43:35.868,NVDA,200.51,200.49,700,200.48,800,200.47,1400,200.46,1000,200.45,3100,200.53,1800,200.54,4300,200.55,1900,200.56,2600,200.57,700
2026-07-16 09:43:36.092,NVDA,200.49,200.47,2800,200.46,4500,200.45,4500,200.44,2700,200.43,1100,200.51,1000,200.52,1800,200.53,2800,200.54,1700,200.55,2000
2026-07-16 09:43:36.268,NVDA,200.47,200.45,3100,200.44,2000,200.43,2600,200.42,5000,200.41,2200,200.49,900,200.5,1600,200.51,600,200.52,5000,200.53,2400
2026-07-16 09:43:36.278,NVDA,200.45,200.43,2300,200.42,2200,200.41,2000,200.4,900,200.39,3500,200.47,3100,200.48,900,200.49,5000,200.5,2100,200.51,4500
2026-07-16 09:43:36.539,NVDA,200.43,200.41,4300,200.4,100,200.39,4800,200.38,4200,200.37,1600,200.45,4900,200.46,2200,200.47,2700,200.48,4300,200.49,1200
2026-07-16 09:43:36.985,NVDA,200.42,200.4,1900,200.39,1100,200.38,3800,200.37,1500,200.36,3100,200.44,1900,200.45,5000,200.46,3500,200.47,1600,200.48,1100
2026-07-16 09:43:37.045,NVDA,200.41,200.39,4900,200.38,4300,200.37,2500,200.36,400,200.35,2600,200.43,2800,200.44,2800,200.45,1500,200.46,4100,200.47,2500
2026-07-16 09:43:37.443,NVDA,200.43,200.41,900,200.4,3800,200.39,800,200.38,1200,200.37,1100,200.45,200,200.46,4100,200.47,1300,200.48,4900,200.49,1600
2026-07-16 09:43:37.528,NVDA,200.41,200.39,500,200.38,3000,200.37,2400,200.36,4000,200.35,4000,200.43,3100,200.44,700,200.45,2200,200.46,200,200.47,4100
2026-07-16 09:43:37.969,NVDA,200.43,200.41,2600,200.4,200,200.39,2900,200.38,1400,200.37,3600,200.45,2000,200.46,800,200.47,500,200.48,4000,200.49,1800
2026-07-16 09:43:38.376,NVDA,200.42,200.4,4200,200.39,1300,200.38,200,200.37,1200,200.36,3900,200.44,3000,200.45,4500,200.46,3100,200.47,1500,200.48,2600
2026-07-16 09:43:38.524,NVDA,200.43,200.41,4000,200.4,4100,200.39,4900,200.38,2600,200.37,4100,200.45,4400,200.46,2600,200.47,1900,200.48,3100,200.49,2600
2026-07-16 09:43:38.901,NVDA,200.44,200.42,4600,200.41,4300,200.4,1200,200.39,2700,200.38,3100,200.46,4700,200.47,2100,200.48,2100,200.49,4500,200.5,4000
2026-07-16 09:43:38.931,NVDA,200.45,200.43,1700,200.42,3100,200.41,2900,200.4,100,200.39,300,200.47,2800,200.48,1500,200.49,4500,200.5,4200,200.51,2400
2026-07-16 09:43:39.188,NVDA,200.44,200.42,2800,200.41,2100,200.4,2100,200.39,300,200.38,3800,200.46,300,200.47,2000,200.48,4500,200.49,3500,200.5,2200
2026-07-16 09:43:39.452,NVDA,200.42,200.4,4200,200.39,3400,200.38,1100,200.37,1500,200.36,3600,200.44,1300,200.45,2600,200.46,4500,200.47,2700,200.48,300
2026-07-16 09:43:39.842,NVDA,200.41,200.39,3600,200.38,1200,200.37,1600,200.36,200,200.35,1100,200.43,4300,200.44,4700,200.45,3400,200.46,4000,200.47,2600
2026-07-16 09:43:39.959,NVDA,200.43,200.41,1200,200.4,4800,200.39,1900,200.38,2900,200.37,800,200.45,800,200.46,4800,200.47,3500,200.48,3200,200.49,300
2026-07-16 09:43:40.300,NVDA,200.41,200.39,2600,200.38,1600,200.37,5000,200.36,4100,200.35,2100,200.43,1600,200.44,700,200.45,1400,200.46,2600,200.47,1500
2026-07-16 09:43:40.366,NVDA,200.41,200.39,4000,200.38,800,200.37,300,200.36,1300,200.35,4800,200.43,4300,200.44,4200,200.45,2200,200.46,4300,200.47,4900
2026-07-16 09:43:40.773,NVDA,200.39,200.37,3800,200.36,3000,200.35,2200,200.34,4500,200.33,1200,200.41,3300,200.42,1000,200.43,800,200.44,300,200.45,2100
2026-07-16 09:43:41.030,NVDA,200.4,200.38,1100,200.37,2500,200.36,2600,200.35,3800,200.34,100,200.42,1000,200.43,1700,200.44,3500,200.45,4100,200.46,2500
2026-07-16 09:43:41.374,NVDA,200.4,200.38,3900,200.37,800,200.36,400,200.35,1800,200.34,3100,200.42,300,200.43,3800,200.44,1200,200.45,4600,200.46,4300
2026-07-16 09:43:41.748,NVDA,200.4,200.38,2200,200.37,3100,200.36,4900,200.35,2500,200.34,2000,200.42,2600,200.43,1000,200.44,2000,200.45,2400,200.46,1700
2026-07-16 09:43:42.060,NVDA,200.38,200.36,3900,200.35,2000,200.34,3400,200.33,4800,200.32,1000,200.4,100,200.41,3400,200.42,3800,200.43,200,200.44,4400
2026-07-16 09:43:42.380,NVDA,200.39,200.37,400,200.36,1300,200.35,300,200.34,700,200.33,1800,200.41,1800,200.42,3000,200.43,1400,200.44,3700,200.45,4500
2026-07-16 09:43:42.641,NVDA,200.4,200.38,800,200.37,4600,200.36,100,200.35,1100,200.34,4400,200.42,2100,200.43,1800,200.44,500,200.45,3500,200.46,1800
2026-07-16 09:43:42.864,NVDA,200.39,200.37,3300,200.36,1900,200.35,3400,200.34,2300,200.33,4300,200.41,1700,200.42,2600,200.43,2900,200.44,4800,200.45,3100
2026-07-16 09:43:42.909,NVDA,200.39,200.37,3600,200.36,2200,200.35,4100,200.34,1700,200.33,1200,200.41,4800,200.42,4700,200.43,1000,200.44,500,200.45,1800
2026-07-16 09:43:43.391,NVDA,200.38,200.36,2100,200.35,2500,200.34,400,200.33,4500,200.32,3000,200.4,2400,200.41,4500,200.42,4300,200.43,100,200.44,1000
2026-07-16 09:43:43.491,NVDA,200.39,200.37,2600,200.36,3800,200.35,1100,200.34,3100,200.33,1600,200.41,3200,200.42,2100,200.43,1300,200.44,2900,200.45,3300
2026-07-16 09:43:43.789,NVDA,200.4,200.38,2300,200.37,4700,200.36,1400,200.35,2500,200.34,1800,200.42,1600,200.43,3300,200.44,3000,200.45,2600,200.46,1600
2026-07-16 09:43:44.053,NVDA,200.39,200.37,1100,200.36,4900,200.35,1600,200.34,400,200.33,4400,200.41,1100,200.42,800,200.43,4200,200.44,4700,200.45,300
2026-07-16 09:43:44.384,NVDA,200.38,200.36,2100,200.35,1800,200.34,4500,200.33,300,200.32,2600,200.4,1600,200.41,3900,200.42,2700,200.43,3800,200.44,3600
2026-07-16 09:43:44.634,NVDA,200.38,200.36,1300,200.35,3800,200.34,4000,200.33,500,200.32,2000,200.4,1000,200.41,4600,200.42,4100,200.43,2700,200.44,3800
2026-07-16 09:43:44.655,NVDA,200.36,200.34,3700,200.33,5000,200.32,600,200.31,300,200.3,4500,200.38,4500,200.39,3000,200.4,500,200.41,3000,200.42,3800
2026-07-16 09:43:45.049,NVDA,200.36,200.34,3000,200.33,2700,200.32,3900,200.31,4200,200.3,1600,200.38,5000,200.39,4300,200.4,200,200.41,2600,200.42,3900
2026-07-16 09:43:45.407,NVDA,200.36,200.34,2000,200.33,700,200.32,2900,200.31,3300,200.3,3300,200.38,500,200.39,1400,200.4,200,200.41,2400,200.42,4900
2026-07-16 09:43:45.509,NVDA,200.38,200.36,2100,200.35,4900,200.34,1700,200.33,3100,200.32,600,200.4,1400,200.41,900,200.42,4000,200.43,1000,200.44,4600
2026-07-16 09:43:45.842,NVDA,200.36,200.34,3300,200.33,600,200.32,2800,200.31,2300,200.3,1900,200.38,2000,200.39,300,200.4,5000,200.41,4100,200.42,300
2026-07-16 09:43:45.948,NVDA,200.35,200.33,3800,200.32,3600,200.31,4700,200.3,2400,200.29,1100,200.37,3400,200.38,500,200.39,100,200.4,1400,200.41,4400
2026-07-16 09:43:46.136,NVDA,200.33,200.31,4100,200.3,2300,200.29,1200,200.28,1800,200.27,3600,200.35,3100,200.36,2400,200.37,1800,200.38,900,200.39,3100
2026-07-16 09:43:46.385,NVDA,200.31,200.29,700,200.28,3100,200.27,800,200.26,2500,200.25,1500,200.33,2800,200.34,4000,200.35,4500,200.36,3900,200.37,1000
2026-07-16 09:43:46.555,NVDA,200.32,200.3,1800,200.29,5000,200.28,3100,200.27,2400,200.26,4800,200.34,2800,200.35,4300,200.36,900,200.37,1500,200.38,3900
2026-07-16 09:43:47.044,NVDA,200.32,200.3,2400,200.29,800,200.28,3800,200.27,4800,200.26,4200,200.34,3500,200.35,3600,200.36,4100,200.37,2300,200.38,1300
2026-07-16 09:43:47.383,NVDA,200.34,200.32,3600,200.31,3400,200.3,100,200.29,2000,200.28,1400,200.36,2800,200.37,2900,200.38,3500,200.39,4200,200.4,2100
2026-07-16 09:43:47.704,NVDA,200.32,200.3,3300,200.29,2700,200.28,1500,200.27,1300,200.26,4000,200.34,3700,200.35,4100,200.36,2900,200.37,1300,200.38,4200
2026-07-16 09:43:47.891,NVDA,200.31,200.29,4900,200.28,3000,200.27,2300,200.26,3200,200.25,4800,200.33,2600,200.34,1500,200.35,1500,200.36,2500,200.37,5000
2026-07-16 09:43:48.379,NVDA,200.29,200.27,900,200.26,2400,200.25,2700,200.24,1300,200.23,4500,200.31,3100,200.32,3600,200.33,900,200.34,3100,200.35,2800
2026-07-16 09:43:48.536,NVDA,200.31,200.29,5000,200.28,4600,200.27,1800,200.26,3600,200.25,3100,200.33,4500,200.34,1000,200.35,4500,200.36,4600,200.37,4800
2026-07-16 09:43:48.923,NVDA,200.3,200.28,4700,200.27,700,200.26,400,200.25,4300,200.24,3000,200.32,600,200.33,3000,200.34,2400,200.35,400,200.36,3300
2026-07-16 09:43:49.214,NVDA,200.3,200.28,2200,200.27,2800,200.26,2000,200.25,1900,200.24,900,200.32,900,200.33,600,200.34,200,200.35,2000,200.36,1100
2026-07-16 09:43:49.379,NVDA,200.3,200.28,1300,200.27,2300,200.26,500,200.25,300,200.24,400,200.32,1000,200.33,3900,200.34,2100,200.35,4000,200.36,3600
2026-07-16 09:43:49.598,NVDA,200.28,200.26,3700,200.25,3800,200.24,1600,200.23,1100,200.22,3900,200.3,5000,200.31,1100,200.32,4800,200.33,400,200.34,1700
2026-07-16 09:43:49.651,NVDA,200.27,200.25,3000,200.24,200,200.23,4100,200.22,4700,200.21,2900,200.29,3200,200.3,4300,200.31,2000,200.32,3000,200.33,900
2026-07-16 09:43:50.149,NVDA,200.29,200.27,1600,200.26,1400,200.25,3500,200.24,1600,200.23,3200,200.31,2000,200.32,4400,200.33,3000,200.34,4100,200.35,3700
2026-07-16 09:43:50.632,NVDA,200.31,200.29,1500,200.28,800,200.27,2400,200.26,900,200.25,1900,200.33,2800,200.34,2800,200.35,1100,200.36,4200,200.37,700
2026-07-16 09:43:51.028,NVDA,200.33,200.31,4200,200.3,300,200.29,600,200.28,900,200.27,1600,200.35,2800,200.36,3200,200.37,3600,200.38,5000,200.39,3300
2026-07-16 09:43:51.114,NVDA,200.34,200.32,3600,200.31,1200,200.3,1300,200.29,200,200.28,600,200.36,400,200.37,1000,200.38,1700,200.39,1100,200.4,3100
2026-07-16 09:43:51.312,NVDA,200.35,200.33,4300,200.32,1200,200.31,4800,200.3,1500,200.29,3100,200.37,3200,200.38,1000,200.39,900,200.4,500,200.41,2300
2026-07-16 09:43:51.474,NVDA,200.34,200.32,2800,200.31,1800,200.3,2000,200.29,400,200.28,800,200.36,400,200.37,1800,200.38,1100,200.39,2800,200.4,900
2026-07-16 09:43:51.664,NVDA,200.36,200.34,800,200.33,3800,200.32,3100,200.31,1800,200.3,3400,200.38,4100,200.39,400,200.4,4100,200.41,1100,200.42,2600
2026-07-16 09:43:52.159,NVDA,200.38,200.36,1300,200.35,1400,200.34,2300,200.33,500,200.32,4500,200.4,4400,200.41,1100,200.42,4300,200.43,1300,200.44,1900
2026-07-16 09:43:52.234,NVDA,200.4,200.38,4100,200.37,3000,200.36,1300,200.35,1800,200.34,100,200.42,1000,200.43,3200,200.44,5000,200.45,100,200.46,3500
2026-07-16 09:43:52.373,NVDA,200.38,200.36,5000,200.35,1400,200.34,100,200.33,5000,200.32,4200,200.4,4000,200.41,3500,200.42,4700,200.43,2300,200.44,1200
2026-07-16 09:43:52.484,NVDA,200.38,200.36,2300,200.35,4500,200.34,2800,200.33,1100,200.32,3900,200.4,900,200.41,3200,200.42,700,200.43,2900,200.44,3100
2026-07-16 09:43:52.548,NVDA,200.38,200.36,2400,200.35,600,200.34,2500,200.33,3700,200.32,1200,200.4,1700,200.41,1900,200.42,1600,200.43,700,200.44,3700
2026-07-16 09:43:52.923,NVDA,200.37,200.35,2700,200.34,3400,200.33,2700,200.32,3100,200.31,1200,200.39,4100,200.4,2900,200.41,3900,200.42,1400,200.43,3900
2026-07-16 09:43:53.083,NVDA,200.39,200.37,3600,200.36,3900,200.35,1800,200.34,1200,200.33,4200,200.41,4100,200.42,2700,200.43,4200,200.44,500,200.45,1700
2026-07-16 09:43:53.271,NVDA,200.41,200.39,1400,200.38,4900,200.37,3900,200.36,700,200.35,3100,200.43,4300,200.44,1700,200.45,2700,200.46,1300,200.47,3900
2026-07-16 09:43:53.587,NVDA,200.42,200.4,3900,200.39,1700,200.38,2800,200.37,1600,200.36,2300,200.44,4200,200.45,2600,200.46,2500,200.47,3600,200.48,2900
2026-07-16 09:43:53.698,NVDA,200.41,200.39,3500,200.38,3700,200.37,1700,200.36,2200,200.35,500,200.43,1000,200.44,2300,200.45,4400,200.46,2000,200.47,900
2026-07-16 09:43:54.078,NVDA,200.43,200.41,1000,200.4,3800,200.39,1800,200.38,2200,200.37,2000,200.45,900,200.46,1500,200.47,1200,200.48,1500,200.49,500
2026-07-16 09:43:54.423,NVDA,200.44,200.42,4500,200.41,4400,200.4,700,200.39,2300,200.38,3400,200.46,4800,200.47,200,200.48,4700,200.49,1200,200.5,2400
2026-07-16 09:43:54.655,NVDA,200.45,200.43,3100,200.42,4500,200.41,2400,200.4,4800,200.39,4000,200.47,900,200.48,2500,200.49,2700,200.5,500,200.51,4600
2026-07-16 09:43:55.062,NVDA,200.44,200.42,300,200.41,4800,200.4,2900,200.39,4700,200.38,200,200.46,3200,200.47,4500,200.48,1600,200.49,1000,200.5,900
2026-07-16 09:43:55.144,NVDA,200.43,200.41,2200,200.4,200,200.39,900,200.38,1800,200.37,2800,200.45,4400,200.46,2600,200.47,3500,200.48,200,200.49,2300
2026-07-16 09:43:55.164,NVDA,200.42,200.4,2500,200.39,4800,200.38,3700,200.37,200,200.36,1300,200.44,4800,200.45,4100,200.46,1200,200.47,4000,200.48,3200
2026-07-16 09:43:55.210,NVDA,200.4,200.38,1700,200.37,1000,200.36,400,200.35,5000,200.34,2900,200.42,4100,200.43,1400,200.44,1000,200.45,1400,200.46,2400
2026-07-16 09:43:55.401,NVDA,200.4,200.38,1700,200.37,4100,200.36,1900,200.35,4200,200.34,3000,200.42,2500,200.43,600,200.44,4000,200.45,3600,200.46,2400
2026-07-16 09:43:55.737,NVDA,200.38,200.36,500,200.35,4100,200.34,3600,200.33,4200,200.32,2800,200.4,4200,200.41,300,200.42,2200,200.43,4500,200.44,1300
2026-07-16 09:43:56.179,NVDA,200.36,200.34,4200,200.33,4800,200.32,1900,200.31,1600,200.3,1800,200.38,3500,200.39,4800,200.4,4400,200.41,2900,200.42,2200
2026-07-16 09:43:56.650,NVDA,200.37,200.35,2600,200.34,400,200.33,2100,200.32,2000,200.31,2100,200.39,3600,200.4,500,200.41,3700,200.42,1100,200.43,3000
2026-07-16 09:43:56.800,NVDA,200.38,200.36,3900,200.35,3300,200.34,3600,200.33,3900,200.32,4600,200.4,5000,200.41,800,200.42,2400,200.43,4100,200.44,200
2026-07-16 09:43:56.947,NVDA,200.39,200.37,400,200.36,3000,200.35,1900,200.34,1700,200.33,2400,200.41,600,200.42,1500,200.43,4700,200.44,4900,200.45,2300
2026-07-16 09:43:57.193,NVDA,200.39,200.37,2000,200.36,500,200.35,300,200.34,4600,200.33,1500,200.41,4300,200.42,4100,200.43,100,200.44,4000,200.45,2700
2026-07-16 09:43:57.521,NVDA,200.4,200.38,4600,200.37,3700,200.36,4000,200.35,1900,200.34,3300,200.42,1500,200.43,2100,200.44,1700,200.45,1400,200.46,700
2026-07-16 09:43:57.905,NVDA,200.38,200.36,3900,200.35,2100,200.34,1800,200.33,2400,200.32,5000,200.4,4200,200.41,2600,200.42,5000,200.43,3200,200.44,1400
2026-07-16 09:43:58.257,NVDA,200.38,200.36,2400,200.35,2600,200.34,2400,200.33,3500,200.32,3300,200.4,5000,200.41,1900,200.42,5000,200.43,1000,200.44,5000
2026-07-16 09:43:58.320,NVDA,200.39,200.37,2500,200.36,200,200.35,3800,200.34,800,200.33,4400,200.41,300,200.42,400,200.43,1200,200.44,2800,200.45,2100
2026-07-16 09:43:58.677,NVDA,200.39,200.37,1700,200.36,1000,200.35,2400,200.34,4300,200.33,700,200.41,3800,200.42,2900,200.43,1800,200.44,500,200.45,4900
2026-07-16 09:43:58.891,NVDA,200.38,200.36,2400,200.35,700,200.34,1700,200.33,4100,200.32,900,200.4,2600,200.41,300,200.42,4500,200.43,4600,200.44,2900
2026-07-16 09:43:59.141,NVDA,200.38,200.36,3400,200.35,1700,200.34,4000,200.33,200,200.32,2500,200.4,500,200.41,3900,200.42,100,200.43,5000,200.44,3600
2026-07-16 09:43:59.342,NVDA,200.4,200.38,500,200.37,1700,200.36,500,200.35,900,200.34,3700,200.42,3200,200.43,2000,200.44,1100,200.45,3100,200.46,1500
2026-07-16 09:43:59.513,NVDA,200.41,200.39,900,200.38,1200,200.37,4900,200.36,4200,200.35,1100,200.43,3000,200.44,2700,200.45,1100,200.46,4600,200.47,2100
2026-07-16 09:43:59.533,NVDA,200.43,200.41,1300,200.4,4400,200.39,5000,200.38,1500,200.37,4100,200.45,2800,200.46,4300,200.47,2200,200.48,400,200.49,1400
2026-07-16 09:43:59.890,NVDA,200.44,200.42,2000,200.41,3900,200.4,700,200.39,1200,200.38,1100,200.46,2600,200.47,4800,200.48,1400,200.49,4600,200.5,3500
2026-07-16 09:44:00.329,NVDA,200.42,200.4,1100,200.39,4600,200.38,800,200.37,2000,200.36,4200,200.44,3300,200.45,1600,200.46,4700,200.47,100,200.48,800
2026-07-16 09:44:00.696,NVDA,200.42,200.4,1600,200.39,1600,200.38,1200,200.37,4300,200.36,2300,200.44,2400,200.45,1900,200.46,2400,200.47,2600,200.48,3700
2026-07-16 09:44:01.052,NVDA,200.43,200.41,3800,200.4,4400,200.39,2300,200.38,4300,200.37,2400,200.45,2400,200.46,4700,200.47,3400,200.48,5000,200.49,4400
2026-07-16 09:44:01.420,NVDA,200.42,200.4,2700,200.39,4300,200.38,1600,200.37,4200,200.36,4100,200.44,2700,200.45,3700,200.46,3100,200.47,3900,200.48,3900
2026-07-16 09:44:01.899,NVDA,200.41,200.39,300,200.38,1800,200.37,2000,200.36,3000,200.35,2400,200.43,4500,200.44,5000,200.45,1000,200.46,4800,200.47,1500
2026-07-16 09:44:02.391,NVDA,200.4,200.38,2900,200.37,1700,200.36,3300,200.35,5000,200.34,3600,200.42,2500,200.43,1600,200.44,4900,200.45,1100,200.46,3100
2026-07-16 09:44:02.625,NVDA,200.39,200.37,200,200.36,100,200.35,1000,200.34,3300,200.33,3600,200.41,3300,200.42,1400,200.43,2900,200.44,3700,200.45,2400
2026-07-16 09:44:02.923,NVDA,200.4,200.38,2200,200.37,1500,200.36,4800,200.35,1600,200.34,1100,200.42,3900,200.43,3800,200.44,4000,200.45,4500,200.46,600
2026-07-16 09:44:03.148,NVDA,200.38,200.36,4200,200.35,200,200.34,2600,200.33,2300,200.32,300,200.4,5000,200.41,2800,200.42,1300,200.43,4100,200.44,3000
2026-07-16 09:44:03.579,NVDA,200.4,200.38,3000,200.37,1700,200.36,100,200.35,4800,200.34,4200,200.42,4500,200.43,4900,200.44,2700,200.45,4200,200.46,2200
2026-07-16 09:44:04.036,NVDA,200.39,200.37,1900,200.36,2100,200.35,3000,200.34,600,200.33,1900,200.41,4000,200.42,200,200.43,4200,200.44,4500,200.45,4800
2026-07-16 09:44:04.074,NVDA,200.41,200.39,4500,200.38,1400,200.37,1000,200.36,2800,200.35,3200,200.43,3400,200.44,1500,200.45,2000,200.46,3200,200.47,300
2026-07-16 09:44:04.136,NVDA,200.41,200.39,3900,200.38,4600,200.37,2500,200.36,3000,200.35,3200,200.43,2200,200.44,4100,200.45,3600,200.46,2600,200.47,3000
2026-07-16 09:44:04.254,NVDA,200.41,200.39,100,200.38,2700,200.37,500,200.36,1900,200.35,3900,200.43,3000,200.44,2400,200.45,2000,200.46,4800,200.47,600
2026-07-16 09:44:04.282,NVDA,200.41,200.39,1000,200.38,1500,200.37,2800,200.36,4900,200.35,500,200.43,3500,200.44,1800,200.45,3300,200.46,3100,200.47,3200
2026-07-16 09:44:04.370,NVDA,200.4,200.38,2900,200.37,400,200.36,4300,200.35,3500,200.34,100,200.42,1500,200.43,3200,200.44,2400,200.45,4000,200.46,4500
2026-07-16 09:44:04.431,NVDA,200.39,200.37,2700,200.36,3400,200.35,3500,200.34,1600,200.33,3200,200.41,800,200.42,3200,200.43,2100,200.44,4700,200.45,1200
2026-07-16 09:44:04.502,NVDA,200.38,200.36,4800,200.35,3500,200.34,900,200.33,4600,200.32,1800,200.4,3500,200.41,4200,200.42,2300,200.43,1100,200.44,4000
2026-07-16 09:44:04.707,NVDA,200.4,200.38,4700,200.37,4200,200.36,1800,200.35,2800,200.34,4400,200.42,4800,200.43,4200,200.44,2300,200.45,4000,200.46,3200
2026-07-16 09:44:05.177,NVDA,200.4,200.38,600,200.37,1800,200.36,1200,200.35,1500,200.34,500,200.42,4100,200.43,2700,200.44,1300,200.45,2100,200.46,3800
2026-07-16 09:44:05.346,NVDA,200.4,200.38,1200,200.37,3200,200.36,4200,200.35,3900,200.34,1100,200.42,1400,200.43,4900,200.44,2400,200.45,1000,200.46,1400
2026-07-16 09:44:05.559,NVDA,200.4,200.38,1300,200.37,3800,200.36,3000,200.35,3300,200.34,2400,200.42,3800,200.43,3200,200.44,3300,200.45,3200,200.46,500
2026-07-16 09:44:05.791,NVDA,200.42,200.4,4800,200.39,4400,200.38,4200,200.37,4000,200.36,1200,200.44,4700,200.45,2400,200.46,3600,200.47,500,200.48,900
2026-07-16 09:44:06.165,NVDA,200.43,200.41,1900,200.4,4200,200.39,4900,200.38,1000,200.37,2600,200.45,1700,200.46,3100,200.47,3700,200.48,5000,200.49,1600
2026-07-16 09:44:06.265,NVDA,200.43,200.41,1700,200.4,5000,200.39,4500,200.38,100,200.37,3200,200.45,1900,200.46,1800,200.47,800,200.48,3800,200.49,4800
2026-07-16 09:44:06.375,NVDA,200.43,200.41,1600,200.4,200,200.39,3600,200.38,1200,200.37,4600,200.45,1500,200.46,1100,200.47,1200,200.48,3900,200.49,200
2026-07-16 09:44:06.728,NVDA,200.41,200.39,2600,200.38,600,200.37,4700,200.36,4600,200.35,3900,200.43,900,200.44,4500,200.45,4400,200.46,2100,200.47,2600
2026-07-16 09:44:07.010,NVDA,200.41,200.39,3700,200.38,500,200.37,1000,200.36,1800,200.35,4000,200.43,3800,200.44,1700,200.45,1100,200.46,600,200.47,1700
2026-07-16 09:44:07.411,NVDA,200.4,200.38,3800,200.37,3600,200.36,2900,200.35,2300,200.34,500,200.42,2700,200.43,3400,200.44,1400,200.45,4900,200.46,4100
2026-07-16 09:44:07.428,NVDA,200.41,200.39,300,200.38,100,200.37,2800,200.36,1000,200.35,3600,200.43,1700,200.44,4900,200.45,1100,200.46,1600,200.47,3600
2026-07-16 09:44:07.722,NVDA,200.4,200.38,400,200.37,100,200.36,600,200.35,2500,200.34,2800,200.42,100,200.43,3400,200.44,2200,200.45,4800,200.46,2100
2026-07-16 09:44:08.152,NVDA,200.38,200.36,200,200.35,2800,200.34,4600,200.33,100,200.32,4700,200.4,4700,200.41,2800,200.42,5000,200.43,1100,200.44,4300
2026-07-16 09:44:08.393,NVDA,200.37,200.35,3800,200.34,1700,200.33,1200,200.32,100,200.31,800,200.39,300,200.4,4000,200.41,3500,200.42,3700,200.43,1900
2026-07-16 09:44:08.629,NVDA,200.36,200.34,3500,200.33,1500,200.32,4500,200.31,3800,200.3,600,200.38,1300,200.39,1600,200.4,1600,200.41,2000,200.42,3400
2026-07-16 09:44:08.853,NVDA,200.34,200.32,800,200.31,4800,200.3,300,200.29,4800,200.28,4100,200.36,2100,200.37,4300,200.38,200,200.39,1700,200.4,2200
2026-07-16 09:44:09.283,NVDA,200.34,200.32,3400,200.31,3900,200.3,3400,200.29,2200,200.28,200,200.36,4900,200.37,3700,200.38,3800,200.39,500,200.4,3300
2026-07-16 09:44:09.753,NVDA,200.34,200.32,3400,200.31,700,200.3,3800,200.29,4900,200.28,4800,200.36,100,200.37,1700,200.38,2800,200.39,2100,200.4,3500
2026-07-16 09:44:09.990,NVDA,200.35,200.33,600,200.32,300,200.31,3500,200.3,4900,200.29,2400,200.37,700,200.38,800,200.39,4100,200.4,2400,200.41,2500
2026-07-16 09:44:10.067,NVDA,200.33,200.31,3800,200.3,3300,200.29,1700,200.28,3100,200.27,2900,200.35,2000,200.36,3500,200.37,1200,200.38,900,200.39,2500
2026-07-16 09:44:10.310,NVDA,200.35,200.33,1100,200.32,2400,200.31,2500,200.3,3400,200.29,400,200.37,300,200.38,4900,200.39,2000,200.4,2700,200.41,3600
2026-07-16 09:44:10.642,NVDA,200.33,200.31,4900,200.3,2300,200.29,700,200.28,1200,200.27,1100,200.35,3600,200.36,2400,200.37,3300,200.38,4600,200.39,3300
2026-07-16 09:44:11.092,NVDA,200.35,200.33,4400,200.32,3800,200.31,3500,200.3,1900,200.29,4800,200.37,2000,200.38,400,200.39,800,200.4,1000,200.41,1400
2026-07-16 09:44:11.569,NVDA,200.37,200.35,2100,200.34,600,200.33,800,200.32,2000,200.31,700,200.39,3500,200.4,1500,200.41,2600,200.42,2300,200.43,900
2026-07-16 09:44:11.813,NVDA,200.39,200.37,2100,200.36,900,200.35,1800,200.34,1900,200.33,2600,200.41,4900,200.42,3000,200.43,2900,200.44,3700,200.45,1900
2026-07-16 09:44:12.112,NVDA,200.4,200.38,100,200.37,2400,200.36,4200,200.35,4900,200.34,1200,200.42,400,200.43,4500,200.44,4900,200.45,2400,200.46,2600
2026-07-16 09:44:12.471,NVDA,200.4,200.38,4800,200.37,3700,200.36,3600,200.35,3900,200.34,900,200.42,4200,200.43,2800,200.44,4600,200.45,1100,200.46,3900
2026-07-16 09:44:12.765,NVDA,200.41,200.39,1300,200.38,2600,200.37,3300,200.36,3700,200.35,1000,200.43,3100,200.44,5000,200.45,2800,200.46,4400,200.47,800
2026-07-16 09:44:13.209,NVDA,200.41,200.39,600,200.38,3400,200.37,600,200.36,400,200.35,1300,200.43,3900,200.44,4100,200.45,2200,200.46,800,200.47,3000
2026-07-16 09:44:13.695,NVDA,200.39,200.37,1700,200.36,200,200.35,2300,200.34,600,200.33,1300,200.41,300,200.42,2800,200.43,2400,200.44,2600,200.45,1900
2026-07-16 09:44:14.080,NVDA,200.39,200.37,3700,200.36,1600,200.35,1400,200.34,3000,200.33,3400,200.41,1600,200.42,4900,200.43,4100,200.44,3100,200.45,2400
2026-07-16 09:44:14.200,NVDA,200.39,200.37,500,200.36,3600,200.35,4700,200.34,1700,200.33,3700,200.41,4800,200.42,500,200.43,300,200.44,1300,200.45,900
2026-07-16 09:44:14.304,NVDA,200.4,200.38,3100,200.37,4500,200.36,2600,200.35,4000,200.34,4500,200.42,3400,200.43,3300,200.44,4200,200.45,600,200.46,1200
2026-07-16 09:44:14.614,NVDA,200.39,200.37,2100,200.36,4900,200.35,4300,200.34,500,200.33,2000,200.41,3400,200.42,400,200.43,1200,200.44,1000,200.45,2800
2026-07-16 09:44:14.789,NVDA,200.38,200.36,500,200.35,3700,200.34,2900,200.33,200,200.32,700,200.4,100,200.41,5000,200.42,1500,200.43,900,200.44,4800
2026-07-16 09:44:15.134,NVDA,200.37,200.35,3100,200.34,1900,200.33,4400,200.32,600,200.31,2200,200.39,500,200.4,1300,200.41,200,200.42,600,200.43,2000
2026-07-16 09:44:15.245,NVDA,200.36,200.34,3800,200.33,2700,200.32,1900,200.31,3600,200.3,1300,200.38,1700,200.39,800,200.4,1500,200.41,4700,200.42,2700
2026-07-16 09:44:15.509,NVDA,200.34,200.32,2400,200.31,3700,200.3,3900,200.29,2300,200.28,1100,200.36,1300,200.37,2500,200.38,2300,200.39,1200,200.4,1600
2026-07-16 09:44:15.961,NVDA,200.33,200.31,200,200.3,4500,200.29,4200,200.28,400,200.27,4500,200.35,1100,200.36,3300,200.37,3400,200.38,2200,200.39,1600
2026-07-16 09:44:16.166,NVDA,200.34,200.32,2000,200.31,1300,200.3,400,200.29,3300,200.28,1600,200.36,3200,200.37,500,200.38,200,200.39,2900,200.4,3500
2026-07-16 09:44:16.601,NVDA,200.34,200.32,2500,200.31,2000,200.3,1700,200.29,4100,200.28,1200,200.36,3900,200.37,3100,200.38,3900,200.39,1000,200.4,500
2026-07-16 09:44:17.068,NVDA,200.32,200.3,100,200.29,1400,200.28,2500,200.27,4200,200.26,1600,200.34,2000,200.35,4000,200.36,1800,200.37,600,200.38,900
2026-07-16 09:44:17.363,NVDA,200.32,200.3,1600,200.29,3700,200.28,500,200.27,4900,200.26,2500,200.34,4800,200.35,700,200.36,2500,200.37,3300,200.38,1300
2026-07-16 09:44:17.419,NVDA,200.31,200.29,1600,200.28,4800,200.27,3700,200.26,5000,200.25,300,200.33,3300,200.34,3900,200.35,4200,200.36,4300,200.37,3800
2026-07-16 09:44:17.602,NVDA,200.32,200.3,2200,200.29,4200,200.28,3500,200.27,5000,200.26,3700,200.34,2000,200.35,4000,200.36,3500,200.37,4700,200.38,3000
2026-07-16 09:44:18.068,NVDA,200.34,200.32,900,200.31,1700,200.3,1600,200.29,3300,200.28,3900,200.36,5000,200.37,2000,200.38,1800,200.39,2100,200.4,3900
2026-07-16 09:44:18.227,NVDA,200.33,200.31,700,200.3,1500,200.29,2800,200.28,1200,200.27,300,200.35,1300,200.36,3800,200.37,2000,200.38,100,200.39,1300
2026-07-16 09:44:18.244,NVDA,200.32,200.3,1400,200.29,2200,200.28,1300,200.27,2900,200.26,1800,200.34,3200,200.35,1200,200.36,4500,200.37,1900,200.38,4700
2026-07-16 09:44:18.458,NVDA,200.3,200.28,4100,200.27,3200,200.26,4800,200.25,2100,200.24,4800,200.32,2700,200.33,3400,200.34,400,200.35,2400,200.36,1100
2026-07-16 09:44:18.707,NVDA,200.31,200.29,2500,200.28,1200,200.27,1000,200.26,4600,200.25,4400,200.33,3200,200.34,3100,200.35,2100,200.36,2400,200.37,3600
2026-07-16 09:44:18.822,NVDA,200.31,200.29,1700,200.28,2400,200.27,4700,200.26,900,200.25,3900,200.33,100,200.34,400,200.35,600,200.36,1000,200.37,400
2026-07-16 09:44:19.181,NVDA,200.31,200.29,4900,200.28,4400,200.27,1500,200.26,1200,200.25,1300,200.33,5000,200.34,1100,200.35,2800,200.36,3000,200.37,2700
2026-07-16 09:44:19.535,NVDA,200.31,200.29,4200,200.28,4800,200.27,4700,200.26,4300,200.25,3300,200.33,4300,200.34,400,200.35,3400,200.36,4200,200.37,200
2026-07-16 09:44:19.912,NVDA,200.31,200.29,900,200.28,4600,200.27,2400,200.26,700,200.25,5000,200.33,400,200.34,300,200.35,4300,200.36,4100,200.37,1000
2026-07-16 09:44:20.039,NVDA,200.3,200.28,1900,200.27,1500,200.26,500,200.25,4300,200.24,1800,200.32,1200,200.33,3900,200.34,500,200.35,4900,200.36,600
2026-07-16 09:44:20.265,NVDA,200.28,200.26,4600,200.25,4000,200.24,200,200.23,4100,200.22,4800,200.3,2700,200.31,1600,200.32,500,200.33,1000,200.34,1000
2026-07-16 09:44:20.577,NVDA,200.27,200.25,4200,200.24,3500,200.23,700,200.22,2400,200.21,600,200.29,4900,200.3,1800,200.31,2300,200.32,500,200.33,3700
2026-07-16 09:44:20.923,NVDA,200.26,200.24,2300,200.23,2300,200.22,2300,200.21,4900,200.2,4000,200.28,2100,200.29,700,200.3,4700,200.31,1000,200.32,400
2026-07-16 09:44:21.139,NVDA,200.28,200.26,4300,200.25,1800,200.24,2700,200.23,4900,200.22,3800,200.3,2500,200.31,5000,200.32,800,200.33,4700,200.34,2500
2026-07-16 09:44:21.212,NVDA,200.26,200.24,100,200.23,2600,200.22,3000,200.21,2600,200.2,3700,200.28,1800,200.29,200,200.3,4800,200.31,3100,200.32,5000
2026-07-16 09:44:21.318,NVDA,200.28,200.26,1100,200.25,1400,200.24,3000,200.23,1100,200.22,4700,200.3,1000,200.31,1300,200.32,3100,200.33,2600,200.34,1600
2026-07-16 09:44:21.388,NVDA,200.28,200.26,3700,200.25,3700,200.24,2500,200.23,3400,200.22,3700,200.3,1400,200.31,3700,200.32,4900,200.33,3500,200.34,1000
2026-07-16 09:44:21.708,NVDA,200.29,200.27,1700,200.26,4500,200.25,3700,200.24,900,200.23,700,200.31,3500,200.32,4000,200.33,4900,200.34,1800,200.35,2500
2026-07-16 09:44:21.761,NVDA,200.27,200.25,4200,200.24,2400,200.23,2100,200.22,3000,200.21,2500,200.29,2600,200.3,2400,200.31,100,200.32,3900,200.33,4800
2026-07-16 09:44:22.072,NVDA,200.29,200.27,4500,200.26,4600,200.25,3200,200.24,3700,200.23,2300,200.31,1500,200.32,800,200.33,1100,200.34,2400,200.35,2100
2026-07-16 09:44:22.121,NVDA,200.27,200.25,3400,200.24,4400,200.23,700,200.22,3800,200.21,2100,200.29,500,200.3,5000,200.31,4700,200.32,2500,200.33,1200
2026-07-16 09:44:22.162,NVDA,200.28,200.26,400,200.25,4200,200.24,3700,200.23,400,200.22,4400,200.3,3200,200.31,4400,200.32,2700,200.33,3900,200.34,1800
2026-07-16 09:44:22.442,NVDA,200.26,200.24,3700,200.23,3400,200.22,2400,200.21,2000,200.2,1400,200.28,2000,200.29,1900,200.3,3800,200.31,1700,200.32,1200
2026-07-16 09:44:22.924,NVDA,200.25,200.23,3800,200.22,400,200.21,400,200.2,3500,200.19,3600,200.27,3300,200.28,3000,200.29,900,200.3,3900,200.31,1200
2026-07-16 09:44:23.319,NVDA,200.27,200.25,4000,200.24,4400,200.23,1000,200.22,3900,200.21,2200,200.29,4800,200.3,2300,200.31,2200,200.32,600,200.33,300
2026-07-16 09:44:23.814,NVDA,200.25,200.23,2900,200.22,4900,200.21,200,200.2,1000,200.19,4100,200.27,3000,200.28,500,200.29,1300,200.3,1500,200.31,4600
2026-07-16 09:44:24.005,NVDA,200.24,200.22,2400,200.21,4300,200.2,3100,200.19,1800,200.18,2600,200.26,200,200.27,4000,200.28,4500,200.29,800,200.3,1200
2026-07-16 09:44:24.099,NVDA,200.26,200.24,3500,200.23,2500,200.22,3000,200.21,600,200.2,2000,200.28,1300,200.29,1100,200.3,200,200.31,700,200.32,4200
2026-07-16 09:44:24.382,NVDA,200.28,200.26,3300,200.25,500,200.24,1200,200.23,200,200.22,2400,200.3,2400,200.31,3900,200.32,400,200.33,100,200.34,4700
2026-07-16 09:44:24.513,NVDA,200.26,200.24,200,200.23,5000,200.22,1500,200.21,2700,200.2,3400,200.28,4500,200.29,4800,200.3,2700,200.31,4500,200.32,4800
2026-07-16 09:44:24.672,NVDA,200.24,200.22,4400,200.21,1200,200.2,1500,200.19,4800,200.18,4400,200.26,2900,200.27,2000,200.28,1400,200.29,3500,200.3,1200
2026-07-16 09:44:25.013,NVDA,200.23,200.21,200,200.2,1700,200.19,800,200.18,2200,200.17,1500,200.25,3300,200.26,2700,200.27,900,200.28,4400,200.29,4200
2026-07-16 09:44:25.228,NVDA,200.21,200.19,2500,200.18,1300,200.17,600,200.16,4300,200.15,600,200.23,3300,200.24,1100,200.25,200,200.26,3000,200.27,4700
2026-07-16 09:44:25.447,NVDA,200.19,200.17,2700,200.16,1700,200.15,3800,200.14,3600,200.13,300,200.21,3200,200.22,2700,200.23,500,200.24,300,200.25,1100
2026-07-16 09:44:25.727,NVDA,200.21,200.19,1600,200.18,4700,200.17,200,200.16,4300,200.15,4300,200.23,3800,200.24,4600,200.25,500,200.26,100,200.27,1500
2026-07-16 09:44:25.822,NVDA,200.22,200.2,300,200.19,4700,200.18,100,200.17,2700,200.16,1600,200.24,3100,200.25,2000,200.26,2400,200.27,1500,200.28,500
2026-07-16 09:44:25.969,NVDA,200.2,200.18,5000,200.17,1900,200.16,3300,200.15,600,200.14,2000,200.22,300,200.23,3200,200.24,1800,200.25,2500,200.26,1000
2026-07-16 09:44:26.332,NVDA,200.21,200.19,900,200.18,2800,200.17,4600,200.16,2300,200.15,1700,200.23,1300,200.24,2100,200.25,4600,200.26,2700,200.27,2500
2026-07-16 09:44:26.441,NVDA,200.22,200.2,3600,200.19,3800,200.18,100,200.17,1100,200.16,1200,200.24,300,200.25,1800,200.26,2700,200.27,2900,200.28,900
2026-07-16 09:44:26.789,NVDA,200.22,200.2,4000,200.19,1900,200.18,5000,200.17,4000,200.16,2600,200.24,3900,200.25,1000,200.26,5000,200.27,4500,200.28,300
2026-07-16 09:44:27.109,NVDA,200.2,200.18,3500,200.17,3200,200.16,3400,200.15,4300,200.14,1300,200.22,1600,200.23,2400,200.24,2800,200.25,2700,200.26,4600
2026-07-16 09:44:27.125,NVDA,200.2,200.18,4300,200.17,300,200.16,2700,200.15,4700,200.14,1700,200.22,3100,200.23,300,200.24,2500,200.25,5000,200.26,2000
2026-07-16 09:44:27.293,NVDA,200.18,200.16,1100,200.15,3100,200.14,2700,200.13,2900,200.12,300,200.2,4200,200.21,4800,200.22,2000,200.23,1100,200.24,4200
2026-07-16 09:44:27.650,NVDA,200.17,200.15,100,200.14,5000,200.13,3600,200.12,3300,200.11,4500,200.19,800,200.2,1900,200.21,2600,200.22,2100,200.23,2500
2026-07-16 09:44:28.102,NVDA,200.17,200.15,2700,200.14,1700,200.13,1200,200.12,2500,200.11,600,200.19,1600,200.2,2700,200.21,1000,200.22,1100,200.23,4200
2026-07-16 09:44:28.138,NVDA,200.17,200.15,4100,200.14,4600,200.13,2700,200.12,1000,200.11,1900,200.19,800,200.2,2100,200.21,3900,200.22,500,200.23,3900
2026-07-16 09:44:28.522,NVDA,200.19,200.17,4100,200.16,300,200.15,3500,200.14,3600,200.13,4600,200.21,1700,200.22,3700,200.23,1800,200.24,3100,200.25,4600
2026-07-16 09:44:28.815,NVDA,200.18,200.16,4800,200.15,1400,200.14,4500,200.13,4100,200.12,300,200.2,4700,200.21,100,200.22,4000,200.23,600,200.24,4200
2026-07-16 09:44:28.839,NVDA,200.19,200.17,3500,200.16,1300,200.15,1800,200.14,200,200.13,3400,200.21,1800,200.22,1900,200.23,3800,200.24,1500,200.25,2800
2026-07-16 09:44:29.191,NVDA,200.2,200.18,1600,200.17,2100,200.16,2400,200.15,2100,200.14,400,200.22,300,200.23,3600,200.24,4500,200.25,3200,200.26,3500
2026-07-16 09:44:29.632,NVDA,200.19,200.17,2700,200.16,1900,200.15,4500,200.14,1200,200.13,2500,200.21,600,200.22,3100,200.23,200,200.24,1500,200.25,3300
2026-07-16 09:44:30.069,NVDA,200.18,200.16,4100,200.15,2100,200.14,4000,200.13,100,200.12,2500,200.2,1000,200.21,4300,200.22,2000,200.23,3600,200.24,2300
2026-07-16 09:44:30.154,NVDA,200.17,200.15,500,200.14,4800,200.13,1100,200.12,4600,200.11,4600,200.19,4400,200.2,600,200.21,3000,200.22,3300,200.23,3300
2026-07-16 09:44:30.570,NVDA,200.18,200.16,2500,200.15,4200,200.14,4300,200.13,2500,200.12,4200,200.2,1300,200.21,4900,200.22,4600,200.23,1600,200.24,3500
2026-07-16 09:44:31.065,NVDA,200.17,200.15,2600,200.14,2500,200.13,1300,200.12,4300,200.11,2700,200.19,2700,200.2,3600,200.21,3000,200.22,1200,200.23,400
2026-07-16 09:44:31.457,NVDA,200.15,200.13,1000,200.12,4100,200.11,2100,200.1,4000,200.09,3700,200.17,3200,200.18,4200,200.19,1400,200.2,3600,200.21,1600
2026-07-16 09:44:31.578,NVDA,200.15,200.13,200,200.12,3600,200.11,800,200.1,1700,200.09,2200,200.17,800,200.18,1900,200.19,4900,200.2,4500,200.21,4500
2026-07-16 09:44:32.019,NVDA,200.13,200.11,1000,200.1,2500,200.09,4500,200.08,4700,200.07,1200,200.15,2200,200.16,2700,200.17,3000,200.18,1600,200.19,1600
2026-07-16 09:44:32.321,NVDA,200.14,200.12,4100,200.11,600,200.1,1000,200.09,300,200.08,3300,200.16,5000,200.17,1500,200.18,2000,200.19,700,200.2,4400
2026-07-16 09:44:32.785,NVDA,200.13,200.11,3900,200.1,400,200.09,1500,200.08,4400,200.07,5000,200.15,1700,200.16,500,200.17,2800,200.18,3100,200.19,2100
2026-07-16 09:44:33.241,NVDA,200.15,200.13,100,200.12,3400,200.11,2100,200.1,400,200.09,3900,200.17,5000,200.18,3400,200.19,3600,200.2,3300,200.21,1600
2026-07-16 09:44:33.602,NVDA,200.15,200.13,3600,200.12,1900,200.11,3300,200.1,1600,200.09,4900,200.17,4400,200.18,2100,200.19,3100,200.2,4800,200.21,3100
2026-07-16 09:44:33.825,NVDA,200.16,200.14,4500,200.13,2100,200.12,100,200.11,3500,200.1,900,200.18,3700,200.19,100,200.2,3300,200.21,2600,200.22,100
2026-07-16 09:44:34.162,NVDA,200.16,200.14,2900,200.13,4800,200.12,700,200.11,600,200.1,3100,200.18,2800,200.19,1900,200.2,200,200.21,4400,200.22,200
2026-07-16 09:44:34.350,NVDA,200.16,200.14,4200,200.13,4600,200.12,1500,200.11,3500,200.1,3300,200.18,3700,200.19,3400,200.2,3200,200.21,2500,200.22,4900
2026-07-16 09:44:34.427,NVDA,200.16,200.14,400,200.13,2900,200.12,3500,200.11,3500,200.1,400,200.18,1800,200.19,1700,200.2,2600,200.21,1500,200.22,4700
2026-07-16 09:44:34.894,NVDA,200.16,200.14,1300,200.13,400,200.12,3600,200.11,500,200.1,3300,200.18,1200,200.19,2600,200.2,2300,200.21,1000,200.22,600
2026-07-16 09:44:35.334,NVDA,200.15,200.13,500,200.12,100,200.11,3100,200.1,500,200.09,4300,200.17,100,200.18,2100,200.19,2100,200.2,900,200.21,2400
2026-07-16 09:44:35.619,NVDA,200.14,200.12,3400,200.11,3400,200.1,1300,200.09,1200,200.08,100,200.16,4600,200.17,3300,200.18,2200,200.19,2600,200.2,1600
2026-07-16 09:44:35.668,NVDA,200.15,200.13,5000,200.12,2100,200.11,4500,200.1,4400,200.09,4800,200.17,600,200.18,1100,200.19,700,200.2,2400,200.21,2800
2026-07-16 09:44:35.831,NVDA,200.16,200.14,1100,200.13,400,200.12,2600,200.11,4200,200.1,3800,200.18,2500,200.19,5000,200.2,900,200.21,1600,200.22,2800
2026-07-16 09:44:35.879,NVDA,200.14,200.12,4100,200.11,2300,200.1,3000,200.09,2900,200.08,4400,200.16,4100,200.17,300,200.18,3700,200.19,1700,200.2,3900
2026-07-16 09:44:36.123,NVDA,200.15,200.13,300,200.12,2300,200.11,3900,200.1,2300,200.09,1800,200.17,2500,200.18,2400,200.19,4200,200.2,2600,200.21,600
2026-07-16 09:44:36.494,NVDA,200.14,200.12,3100,200.11,4500,200.1,200,200.09,800,200.08,4400,200.16,1200,200.17,4300,200.18,200,200.19,3500,200.2,3700
2026-07-16 09:44:36.886,NVDA,200.13,200.11,3200,200.1,1700,200.09,2000,200.08,4000,200.07,100,200.15,2400,200.16,5000,200.17,3000,200.18,1000,200.19,2600
2026-07-16 09:44:37.281,NVDA,200.15,200.13,200,200.12,2500,200.11,4400,200.1,3200,200.09,4200,200.17,1800,200.18,4500,200.19,4100,200.2,500,200.21,4900
2026-07-16 09:44:37.377,NVDA,200.14,200.12,500,200.11,4500,200.1,700,200.09,3000,200.08,200,200.16,1000,200.17,4100,200.18,2700,200.19,3600,200.2,4700
2026-07-16 09:44:37.586,NVDA,200.12,200.1,4500,200.09,2000,200.08,1600,200.07,3300,200.06,5000,200.14,2400,200.15,2700,200.16,1400,200.17,3300,200.18,2600
2026-07-16 09:44:38.083,NVDA,200.1,200.08,4500,200.07,3500,200.06,300,200.05,2100,200.04,3800,200.12,3900,200.13,3300,200.14,4000,200.15,3700,200.16,4800
2026-07-16 09:44:38.448,NVDA,200.1,200.08,2700,200.07,200,200.06,1700,200.05,900,200.04,2400,200.12,1700,200.13,3200,200.14,3000,200.15,1200,200.16,4500
2026-07-16 09:44:38.762,NVDA,200.12,200.1,4800,200.09,1900,200.08,2300,200.07,3200,200.06,3600,200.14,3600,200.15,1900,200.16,500,200.17,500,200.18,2600
2026-07-16 09:44:38.952,NVDA,200.13,200.11,500,200.1,2000,200.09,3700,200.08,4600,200.07,3300,200.15,100,200.16,4500,200.17,2000,200.18,2700,200.19,2300
2026-07-16 09:44:39.112,NVDA,200.13,200.11,1600,200.1,1600,200.09,3600,200.08,900,200.07,2900,200.15,1200,200.16,2900,200.17,1800,200.18,2000,200.19,1200
2026-07-16 09:44:39.423,NVDA,200.13,200.11,4600,200.1,3200,200.09,2900,200.08,1100,200.07,2000,200.15,300,200.16,3800,200.17,3600,200.18,2300,200.19,100
2026-07-16 09:44:39.757,NVDA,200.14,200.12,1000,200.11,1100,200.1,1400,200.09,1300,200.08,700,200.16,4800,200.17,3700,200.18,1400,200.19,3600,200.2,2900
2026-07-16 09:44:39.773,NVDA,200.16,200.14,2600,200.13,700,200.12,800,200.11,500,200.1,4200,200.18,200,200.19,4200,200.2,1600,200.21,2100,200.22,3400
2026-07-16 09:44:39.795,NVDA,200.15,200.13,2100,200.12,1000,200.11,600,200.1,2300,200.09,3200,200.17,3800,200.18,4600,200.19,4100,200.2,3700,200.21,4200
2026-07-16 09:44:39.886,NVDA,200.14,200.12,1600,200.11,3000,200.1,3100,200.09,1200,200.08,2400,200.16,1900,200.17,3500,200.18,1000,200.19,3800,200.2,4800
2026-07-16 09:44:39.959,NVDA,200.12,200.1,2100,200.09,4700,200.08,4800,200.07,2200,200.06,2600,200.14,2700,200.15,3800,200.16,2400,200.17,3100,200.18,2200
2026-07-16 09:44:40.203,NVDA,200.12,200.1,4500,200.09,4800,200.08,4800,200.07,100,200.06,100,200.14,1000,200.15,600,200.16,4200,200.17,2500,200.18,1100
2026-07-16 09:44:40.685,NVDA,200.1,200.08,1800,200.07,1500,200.06,4400,200.05,1600,200.04,3900,200.12,4900,200.13,700,200.14,3300,200.15,3000,200.16,2100
2026-07-16 09:44:40.813,NVDA,200.08,200.06,2200,200.05,200,200.04,3500,200.03,1700,200.02,2000,200.1,3500,200.11,2600,200.12,600,200.13,2400,200.14,2200
2026-07-16 09:44:40.988,NVDA,200.09,200.07,1100,200.06,1700,200.05,1900,200.04,4200,200.03,2900,200.11,800,200.12,1000,200.13,600,200.14,1200,200.15,4300
2026-07-16 09:44:41.148,NVDA,200.08,200.06,1000,200.05,4100,200.04,3800,200.03,2400,200.02,200,200.1,1300,200.11,3500,200.12,3400,200.13,4500,200.14,1900
2026-07-16 09:44:41.186,NVDA,200.06,200.04,800,200.03,700,200.02,3500,200.01,3700,200.0,3500,200.08,100,200.09,500,200.1,4400,200.11,3400,200.12,3600
2026-07-16 09:44:41.341,NVDA,200.06,200.04,4700,200.03,1200,200.02,2100,200.01,4100,200.0,3600,200.08,2600,200.09,100,200.1,1300,200.11,3500,200.12,2500
2026-07-16 09:44:41.672,NVDA,200.06,200.04,3000,200.03,3600,200.02,1200,200.01,2500,200.0,2600,200.08,2000,200.09,3300,200.1,2300,200.11,4800,200.12,2200
2026-07-16 09:44:41.861,NVDA,200.07,200.05,2500,200.04,4900,200.03,2500,200.02,3500,200.01,3000,200.09,300,200.1,1000,200.11,1800,200.12,2700,200.13,4300
2026-07-16 09:44:42.069,NVDA,200.05,200.03,4300,200.02,2600,200.01,100,200.0,4800,199.99,1800,200.07,1200,200.08,4800,200.09,2300,200.1,2200,200.11,900
2026-07-16 09:44:42.357,NVDA,200.04,200.02,4200,200.01,4000,200.0,100,199.99,400,199.98,2000,200.06,4900,200.07,200,200.08,2300,200.09,4100,200.1,1700
2026-07-16 09:44:42.426,NVDA,200.05,200.03,1500,200.02,4300,200.01,700,200.0,3600,199.99,2400,200.07,300,200.08,2600,200.09,3300,200.1,700,200.11,2600
2026-07-16 09:44:42.566,NVDA,200.05,200.03,2400,200.02,4800,200.01,2200,200.0,4000,199.99,300,200.07,900,200.08,1800,200.09,3700,200.1,900,200.11,4100
2026-07-16 09:44:43.040,NVDA,200.04,200.02,1900,200.01,1100,200.0,3200,199.99,2300,199.98,2300,200.06,2000,200.07,4900,200.08,600,200.09,300,200.1,5000
2026-07-16 09:44:43.488,NVDA,200.02,200.0,4000,199.99,3200,199.98,900,199.97,1200,199.96,4900,200.04,1800,200.05,4000,200.06,2700,200.07,400,200.08,3800
2026-07-16 09:44:43.861,NVDA,200.04,200.02,3300,200.01,4800,200.0,200,199.99,100,199.98,1300,200.06,2100,200.07,1900,200.08,1200,200.09,4900,200.1,2700
2026-07-16 09:44:44.249,NVDA,200.04,200.02,4800,200.01,3000,200.0,2700,199.99,2300,199.98,600,200.06,1900,200.07,2000,200.08,4700,200.09,1700,200.1,2800
2026-07-16 09:44:44.352,NVDA,200.04,200.02,4800,200.01,4000,200.0,2400,199.99,2500,199.98,1400,200.06,1300,200.07,3400,200.08,4700,200.09,300,200.1,1700
2026-07-16 09:44:44.667,NVDA,200.03,200.01,600,200.0,1600,199.99,2700,199.98,5000,199.97,800,200.05,600,200.06,4500,200.07,1400,200.08,100,200.09,2900
2026-07-16 09:44:44.760,NVDA,200.03,200.01,300,200.0,3100,199.99,2800,199.98,3500,199.97,3700,200.05,4600,200.06,3000,200.07,3200,200.08,3800,200.09,3400
2026-07-16 09:44:44.887,NVDA,200.01,199.99,4200,199.98,4100,199.97,1100,199.96,2200,199.95,200,200.03,1500,200.04,2200,200.05,2700,200.06,2400,200.07,600
2026-07-16 09:44:45.228,NVDA,199.99,199.97,100,199.96,3800,199.95,1900,199.94,2000,199.93,600,200.01,600,200.02,3500,200.03,1900,200.04,2100,200.05,2600
2026-07-16 09:44:45.452,NVDA,199.97,199.95,1100,199.94,2200,199.93,2800,199.92,1000,199.91,3400,199.99,3200,200.0,5000,200.01,1700,200.02,3100,200.03,1400
2026-07-16 09:44:45.779,NVDA,199.95,199.93,2400,199.92,4700,199.91,2500,199.9,1100,199.89,1400,199.97,2400,199.98,3600,199.99,3100,200.0,4700,200.01,800
2026-07-16 09:44:46.187,NVDA,199.93,199.91,3000,199.9,2800,199.89,4900,199.88,1900,199.87,3800,199.95,3300,199.96,1300,199.97,4200,199.98,3900,199.99,2100
2026-07-16 09:44:46.639,NVDA,199.92,199.9,3400,199.89,800,199.88,400,199.87,4300,199.86,3800,199.94,2000,199.95,3400,199.96,2400,199.97,4600,199.98,2400
2026-07-16 09:44:46.940,NVDA,199.9,199.88,4300,199.87,500,199.86,2700,199.85,600,199.84,1100,199.92,1100,199.93,4000,199.94,3900,199.95,3500,199.96,2800
2026-07-16 09:44:47.260,NVDA,199.9,199.88,4500,199.87,4200,199.86,800,199.85,900,199.84,4300,199.92,4900,199.93,1200,199.94,4400,199.95,3900,199.96,3900
2026-07-16 09:44:47.466,NVDA,199.89,199.87,1200,199.86,1600,199.85,100,199.84,1900,199.83,4200,199.91,4900,199.92,3300,199.93,2600,199.94,3000,199.95,800
2026-07-16 09:44:47.918,NVDA,199.89,199.87,1200,199.86,3500,199.85,3600,199.84,3400,199.83,4000,199.91,4700,199.92,800,199.93,4300,199.94,700,199.95,1500
2026-07-16 09:44:48.101,NVDA,199.88,199.86,4000,199.85,1800,199.84,2700,199.83,3000,199.82,4700,199.9,2800,199.91,900,199.92,4200,199.93,400,199.94,1200
2026-07-16 09:44:48.539,NVDA,199.88,199.86,2200,199.85,4500,199.84,4400,199.83,4200,199.82,500,199.9,1100,199.91,2700,199.92,1400,199.93,1900,199.94,2400
2026-07-16 09:44:48.718,NVDA,199.86,199.84,4300,199.83,5000,199.82,3300,199.81,3700,199.8,3000,199.88,2200,199.89,1300,199.9,4500,199.91,700,199.92,4200
2026-07-16 09:44:48.791,NVDA,199.86,199.84,4200,199.83,700,199.82,800,199.81,3100,199.8,4900,199.88,4400,199.89,300,199.9,500,199.91,2700,199.92,5000
2026-07-16 09:44:49.271,NVDA,199.84,199.82,100,199.81,100,199.8,1700,199.79,5000,199.78,2400,199.86,2000,199.87,100,199.88,3900,199.89,1300,199.9,900
2026-07-16 09:44:49.335,NVDA,199.82,199.8,3500,199.79,3700,199.78,1300,199.77,2600,199.76,600,199.84,300,199.85,3700,199.86,4800,199.87,900,199.88,3200
2026-07-16 09:44:49.679,NVDA,199.81,199.79,4400,199.78,2700,199.77,2300,199.76,2000,199.75,4600,199.83,4400,199.84,3400,199.85,4900,199.86,3400,199.87,900
2026-07-16 09:44:49.942,NVDA,199.81,199.79,100,199.78,4800,199.77,3600,199.76,4300,199.75,4300,199.83,3100,199.84,2800,199.85,600,199.86,2000,199.87,800
2026-07-16 09:44:50.406,NVDA,199.79,199.77,1100,199.76,2000,199.75,3800,199.74,3500,199.73,2400,199.81,4800,199.82,4200,199.83,4000,199.84,1200,199.85,2400
2026-07-16 09:44:50.691,NVDA,199.81,199.79,3900,199.78,1900,199.77,500,199.76,3500,199.75,700,199.83,3700,199.84,4000,199.85,900,199.86,2700,199.87,200
2026-07-16 09:44:51.127,NVDA,199.82,199.8,200,199.79,3000,199.78,100,199.77,2400,199.76,4900,199.84,300,199.85,2300,199.86,100,199.87,500,199.88,4100
2026-07-16 09:44:51.541,NVDA,199.82,199.8,1300,199.79,700,199.78,700,199.77,3400,199.76,3300,199.84,3400,199.85,3700,199.86,2900,199.87,4100,199.88,3200
2026-07-16 09:44:51.969,NVDA,199.84,199.82,2900,199.81,3400,199.8,2300,199.79,3200,199.78,400,199.86,3200,199.87,4400,199.88,3700,199.89,3300,199.9,900
2026-07-16 09:44:52.254,NVDA,199.84,199.82,3300,199.81,3600,199.8,3000,199.79,800,199.78,3000,199.86,2200,199.87,4400,199.88,1600,199.89,2900,199.9,3200
2026-07-16 09:44:52.708,NVDA,199.85,199.83,1400,199.82,300,199.81,800,199.8,3100,199.79,4900,199.87,3000,199.88,600,199.89,2800,199.9,4000,199.91,800
2026-07-16 09:44:52.894,NVDA,199.83,199.81,1300,199.8,2700,199.79,4400,199.78,3800,199.77,3600,199.85,200,199.86,4700,199.87,400,199.88,2400,199.89,3400
2026-07-16 09:44:53.222,NVDA,199.81,199.79,2500,199.78,2200,199.77,700,199.76,2600,199.75,2000,199.83,2700,199.84,3400,199.85,400,199.86,2500,199.87,900
2026-07-16 09:44:53.694,NVDA,199.82,199.8,4100,199.79,1100,199.78,2800,199.77,2300,199.76,2200,199.84,2700,199.85,400,199.86,1000,199.87,500,199.88,800
2026-07-16 09:44:53.876,NVDA,199.8,199.78,3000,199.77,2300,199.76,4200,199.75,3500,199.74,5000,199.82,200,199.83,3200,199.84,600,199.85,2500,199.86,800
2026-07-16 09:44:53.987,NVDA,199.82,199.8,800,199.79,3300,199.78,2100,199.77,1000,199.76,1100,199.84,500,199.85,3500,199.86,4200,199.87,3600,199.88,600
2026-07-16 09:44:54.445,NVDA,199.81,199.79,4900,199.78,3400,199.77,2400,199.76,1900,199.75,1700,199.83,5000,199.84,4500,199.85,500,199.86,2200,199.87,2300
2026-07-16 09:44:54.635,NVDA,199.82,199.8,800,199.79,1600,199.78,500,199.77,5000,199.76,1700,199.84,3500,199.85,3600,199.86,3800,199.87,1300,199.88,2400
2026-07-16 09:44:54.883,NVDA,199.84,199.82,3600,199.81,3000,199.8,3100,199.79,2400,199.78,3000,199.86,4400,199.87,400,199.88,500,199.89,1300,199.9,2000
2026-07-16 09:44:55.147,NVDA,199.84,199.82,4300,199.81,1700,199.8,2200,199.79,1300,199.78,900,199.86,4000,199.87,4500,199.88,3900,199.89,1300,199.9,2100
2026-07-16 09:44:55.514,NVDA,199.85,199.83,500,199.82,2700,199.81,2300,199.8,3800,199.79,3900,199.87,3600,199.88,100,199.89,400,199.9,2500,199.91,1300
2026-07-16 09:44:55.937,NVDA,199.85,199.83,4000,199.82,900,199.81,4400,199.8,1900,199.79,2100,199.87,1900,199.88,900,199.89,1100,199.9,300,199.91,600
2026-07-16 09:44:56.165,NVDA,199.86,199.84,800,199.83,4300,199.82,5000,199.81,2100,199.8,3700,199.88,4600,199.89,4700,199.9,1400,199.91,4900,199.92,700
2026-07-16 09:44:56.247,NVDA,199.84,199.82,2500,199.81,3300,199.8,4600,199.79,200,199.78,1500,199.86,3200,199.87,300,199.88,4000,199.89,1800,199.9,1000
2026-07-16 09:44:56.502,NVDA,199.83,199.81,3700,199.8,2900,199.79,3000,199.78,3400,199.77,1600,199.85,300,199.86,400,199.87,2700,199.88,2500,199.89,1700
2026-07-16 09:44:56.797,NVDA,199.82,199.8,1300,199.79,3700,199.78,1100,199.77,4200,199.76,1900,199.84,3000,199.85,3600,199.86,3700,199.87,300,199.88,2400
2026-07-16 09:44:57.113,NVDA,199.8,199.78,2300,199.77,3500,199.76,4600,199.75,2000,199.74,1100,199.82,500,199.83,2500,199.84,3700,199.85,2600,199.86,1000
2026-07-16 09:44:57.419,NVDA,199.79,199.77,3000,199.76,4700,199.75,2400,199.74,800,199.73,1600,199.81,500,199.82,1200,199.83,4500,199.84,700,199.85,2300
2026-07-16 09:44:57.459,NVDA,199.8,199.78,1900,199.77,4700,199.76,3500,199.75,4300,199.74,4400,199.82,400,199.83,1800,199.84,4500,199.85,1000,199.86,1600
2026-07-16 09:44:57.603,NVDA,199.82,199.8,2600,199.79,100,199.78,4400,199.77,2100,199.76,2600,199.84,4400,199.85,900,199.86,400,199.87,600,199.88,3300
2026-07-16 09:44:57.729,NVDA,199.8,199.78,5000,199.77,2200,199.76,2100,199.75,1200,199.74,900,199.82,1400,199.83,2900,199.84,4700,199.85,4400,199.86,3200
2026-07-16 09:44:57.859,NVDA,199.78,199.76,2400,199.75,2400,199.74,2300,199.73,4900,199.72,1300,199.8,1900,199.81,800,199.82,2500,199.83,3500,199.84,100
2026-07-16 09:44:57.963,NVDA,199.77,199.75,800,199.74,1900,199.73,1500,199.72,3800,199.71,2300,199.79,3700,199.8,1700,199.81,2800,199.82,2900,199.83,3600
2026-07-16 09:44:58.035,NVDA,199.76,199.74,3400,199.73,1800,199.72,900,199.71,1000,199.7,2000,199.78,4600,199.79,700,199.8,2400,199.81,2300,199.82,1500
2026-07-16 09:44:58.386,NVDA,199.74,199.72,700,199.71,1800,199.7,2700,199.69,200,199.68,3200,199.76,3700,199.77,800,199.78,2000,199.79,2200,199.8,4600
2026-07-16 09:44:58.820,NVDA,199.76,199.74,1400,199.73,4400,199.72,3700,199.71,700,199.7,2500,199.78,2900,199.79,1400,199.8,4700,199.81,2000,199.82,1100
2026-07-16 09:44:58.889,NVDA,199.77,199.75,600,199.74,2900,199.73,3000,199.72,1700,199.71,4500,199.79,200,199.8,500,199.81,1300,199.82,100,199.83,3500
2026-07-16 09:44:59.133,NVDA,199.79,199.77,600,199.76,3800,199.75,4100,199.74,3700,199.73,2700,199.81,600,199.82,400,199.83,5000,199.84,100,199.85,1600
2026-07-16 09:44:59.361,NVDA,199.81,199.79,4500,199.78,4600,199.77,1500,199.76,5000,199.75,3400,199.83,1800,199.84,2300,199.85,900,199.86,3700,199.87,4500
2026-07-16 09:44:59.766,NVDA,199.83,199.81,2900,199.8,1100,199.79,2100,199.78,2400,199.77,3700,199.85,2100,199.86,3100,199.87,1600,199.88,4400,199.89,1200
2026-07-16 09:45:00.120,NVDA,199.82,199.8,2200,199.79,3500,199.78,2300,199.77,3000,199.76,2300,199.84,3200,199.85,3500,199.86,4000,199.87,300,199.88,4000
2026-07-16 09:45:00.382,NVDA,199.83,199.81,1600,199.8,2400,199.79,1800,199.78,200,199.77,4600,199.85,400,199.86,500,199.87,400,199.88,4300,199.89,2300
2026-07-16 09:45:00.767,NVDA,199.84,199.82,1700,199.81,700,199.8,4900,199.79,1800,199.78,2500,199.86,2400,199.87,1400,199.88,3800,199.89,3200,199.9,2700
2026-07-16 09:45:01.097,NVDA,199.82,199.8,3200,199.79,4300,199.78,800,199.77,300,199.76,4200,199.84,4000,199.85,2400,199.86,2100,199.87,3300,199.88,700
2026-07-16 09:45:01.137,NVDA,199.83,199.81,4000,199.8,2700,199.79,2000,199.78,1100,199.77,4700,199.85,3300,199.86,2400,199.87,1500,199.88,1400,199.89,1700
2026-07-16 09:45:01.333,NVDA,199.81,199.79,1700,199.78,4500,199.77,1400,199.76,3700,199.75,1300,199.83,4000,199.84,2000,199.85,400,199.86,2400,199.87,1800
2026-07-16 09:45:01.606,NVDA,199.83,199.81,2900,199.8,3400,199.79,200,199.78,2800,199.77,4100,199.85,4700,199.86,800,199.87,3100,199.88,3200,199.89,3600
2026-07-16 09:45:01.631,NVDA,199.82,199.8,2800,199.79,3400,199.78,4700,199.77,3900,199.76,200,199.84,2700,199.85,1100,199.86,1800,199.87,4900,199.88,1400
2026-07-16 09:45:01.869,NVDA,199.83,199.81,1200,199.8,700,199.79,2900,199.78,1000,199.77,3100,199.85,2800,199.86,300,199.87,100,199.88,3800,199.89,2700
2026-07-16 09:45:01.935,NVDA,199.84,199.82,2600,199.81,300,199.8,3200,199.79,4200,199.78,4200,199.86,4200,199.87,2400,199.88,1500,199.89,2600,199.9,4400
2026-07-16 09:45:02.095,NVDA,199.82,199.8,700,199.79,800,199.78,2800,199.77,500,199.76,4600,199.84,3100,199.85,500,199.86,600,199.87,1500,199.88,300
2026-07-16 09:45:02.324,NVDA,199.81,199.79,4000,199.78,400,199.77,3200,199.76,1400,199.75,3200,199.83,3300,199.84,1300,199.85,1200,199.86,1600,199.87,2600
2026-07-16 09:45:02.747,NVDA,199.8,199.78,1500,199.77,500,199.76,700,199.75,3300,199.74,2100,199.82,1800,199.83,900,199.84,2100,199.85,300,199.86,3100
2026-07-16 09:45:03.029,NVDA,199.8,199.78,4000,199.77,4200,199.76,2500,199.75,1300,199.74,3800,199.82,500,199.83,4600,199.84,800,199.85,3100,199.86,2800
2026-07-16 09:45:03.462,NVDA,199.79,199.77,2500,199.76,300,199.75,2200,199.74,100,199.73,4100,199.81,3400,199.82,3300,199.83,4600,199.84,1300,199.85,100
2026-07-16 09:45:03.888,NVDA,199.77,199.75,4500,199.74,2200,199.73,1100,199.72,2000,199.71,2100,199.79,900,199.8,2400,199.81,500,199.82,4600,199.83,1200
2026-07-16 09:45:03.974,NVDA,199.78,199.76,2200,199.75,1900,199.74,800,199.73,4300,199.72,3400,199.8,900,199.81,2100,199.82,4500,199.83,4200,199.84,3900
2026-07-16 09:45:03.991,NVDA,199.8,199.78,4000,199.77,1600,199.76,3200,199.75,3800,199.74,3100,199.82,2600,199.83,3600,199.84,4000,199.85,200,199.86,3500
2026-07-16 09:45:04.161,NVDA,199.81,199.79,1400,199.78,3700,199.77,3500,199.76,2700,199.75,2100,199.83,1900,199.84,900,199.85,4400,199.86,3300,199.87,4100
2026-07-16 09:45:04.576,NVDA,199.82,199.8,3000,199.79,2500,199.78,100,199.77,2100,199.76,4600,199.84,400,199.85,2800,199.86,3400,199.87,3800,199.88,3000
2026-07-16 09:45:04.936,NVDA,199.8,199.78,1500,199.77,3700,199.76,800,199.75,4800,199.74,3400,199.82,4600,199.83,4400,199.84,2800,199.85,4900,199.86,2100
2026-07-16 09:45:05.027,NVDA,199.8,199.78,2300,199.77,3100,199.76,2400,199.75,600,199.74,4800,199.82,600,199.83,1400,199.84,3000,199.85,4400,199.86,3800
2026-07-16 09:45:05.079,NVDA,199.82,199.8,2000,199.79,1700,199.78,2700,199.77,2300,199.76,2000,199.84,3200,199.85,4800,199.86,3300,199.87,4900,199.88,600
2026-07-16 09:45:05.213,NVDA,199.8,199.78,1100,199.77,2600,199.76,2200,199.75,2800,199.74,4400,199.82,500,199.83,600,199.84,400,199.85,4600,199.86,3100
2026-07-16 09:45:05.534,NVDA,199.79,199.77,3300,199.76,1000,199.75,4200,199.74,3300,199.73,4900,199.81,300,199.82,3900,199.83,900,199.84,4500,199.85,1700
2026-07-16 09:45:05.637,NVDA,199.81,199.79,3500,199.78,4500,199.77,3900,199.76,2600,199.75,4500,199.83,3700,199.84,3800,199.85,300,199.86,100,199.87,3000
2026-07-16 09:45:05.688,NVDA,199.79,199.77,2100,199.76,4600,199.75,1200,199.74,100,199.73,300,199.81,4900,199.82,1600,199.83,800,199.84,2500,199.85,4500
2026-07-16 09:45:05.996,NVDA,199.77,199.75,700,199.74,2700,199.73,4100,199.72,3100,199.71,1900,199.79,1300,199.8,300,199.81,600,199.82,2800,199.83,4200
2026-07-16 09:45:06.277,NVDA,199.75,199.73,2000,199.72,3600,199.71,4100,199.7,1700,199.69,2300,199.77,4200,199.78,4300,199.79,2200,199.8,3900,199.81,2600
2026-07-16 09:45:06.393,NVDA,199.75,199.73,2600,199.72,4700,199.71,1700,199.7,2100,199.69,4500,199.77,4100,199.78,4100,199.79,4400,199.8,900,199.81,1300
2026-07-16 09:45:06.521,NVDA,199.77,199.75,4700,199.74,5000,199.73,1300,199.72,4000,199.71,4200,199.79,3900,199.8,3300,199.81,4800,199.82,1900,199.83,4000
2026-07-16 09:45:06.540,NVDA,199.76,199.74,4700,199.73,3200,199.72,3100,199.71,2600,199.7,4800,199.78,3400,199.79,4800,199.8,1500,199.81,2800,199.82,4600
2026-07-16 09:45:06.651,NVDA,199.75,199.73,2500,199.72,2400,199.71,2000,199.7,3100,199.69,1400,199.77,1500,199.78,4000,199.79,1700,199.8,200,199.81,3100
2026-07-16 09:45:06.949,NVDA,199.73,199.71,900,199.7,2500,199.69,2300,199.68,1300,199.67,4900,199.75,500,199.76,2300,199.77,4600,199.78,2600,199.79,900
2026-07-16 09:45:07.438,NVDA,199.75,199.73,2600,199.72,3600,199.71,1600,199.7,1500,199.69,800,199.77,200,199.78,2900,199.79,3000,199.8,4600,199.81,4900
2026-07-16 09:45:07.821,NVDA,199.75,199.73,4600,199.72,2700,199.71,3900,199.7,2300,199.69,3600,199.77,3900,199.78,1500,199.79,4800,199.8,1100,199.81,4900
2026-07-16 09:45:08.298,NVDA,199.77,199.75,2800,199.74,5000,199.73,3100,199.72,1200,199.71,300,199.79,4100,199.8,2500,199.81,4500,199.82,4300,199.83,500
2026-07-16 09:45:08.446,NVDA,199.79,199.77,3100,199.76,2300,199.75,4500,199.74,2700,199.73,1000,199.81,4400,199.82,1400,199.83,4500,199.84,500,199.85,2200
2026-07-16 09:45:08.573,NVDA,199.8,199.78,2600,199.77,4500,199.76,1000,199.75,3700,199.74,900,199.82,4900,199.83,3200,199.84,1300,199.85,600,199.86,1800
2026-07-16 09:45:08.808,NVDA,199.82,199.8,2000,199.79,4800,199.78,4800,199.77,900,199.76,2400,199.84,5000,199.85,600,199.86,2300,199.87,4400,199.88,1600
2026-07-16 09:45:08.990,NVDA,199.8,199.78,1700,199.77,3500,199.76,1100,199.75,2600,199.74,4800,199.82,3300,199.83,2200,199.84,4100,199.85,1700,199.86,4200
2026-07-16 09:45:09.118,NVDA,199.8,199.78,3100,199.77,900,199.76,1100,199.75,1200,199.74,2100,199.82,2500,199.83,3700,199.84,1100,199.85,600,199.86,3900
2026-07-16 09:45:09.279,NVDA,199.79,199.77,1000,199.76,3900,199.75,5000,199.74,4100,199.73,4700,199.81,400,199.82,1200,199.83,4700,199.84,3600,199.85,2000
2026-07-16 09:45:09.405,NVDA,199.78,199.76,1800,199.75,1000,199.74,1300,199.73,3900,199.72,1200,199.8,3700,199.81,3900,199.82,4900,199.83,300,199.84,1500
2026-07-16 09:45:09.624,NVDA,199.76,199.74,2400,199.73,900,199.72,2500,199.71,4500,199.7,3800,199.78,3800,199.79,1400,199.8,3100,199.81,1600,199.82,1800
2026-07-16 09:45:10.032,NVDA,199.75,199.73,1700,199.72,4600,199.71,800,199.7,700,199.69,4900,199.77,4900,199.78,400,199.79,2200,199.8,1400,199.81,300
2026-07-16 09:45:10.258,NVDA,199.73,199.71,1100,199.7,1000,199.69,2500,199.68,2600,199.67,100,199.75,2500,199.76,2600,199.77,2900,199.78,4100,199.79,4200
2026-07-16 09:45:10.426,NVDA,199.71,199.69,4000,199.68,4800,199.67,1800,199.66,4700,199.65,2400,199.73,4600,199.74,3800,199.75,1200,199.76,3300,199.77,2000
2026-07-16 09:45:10.716,NVDA,199.69,199.67,2400,199.66,1100,199.65,4300,199.64,1000,199.63,5000,199.71,300,199.72,3900,199.73,4600,199.74,3900,199.75,500
2026-07-16 09:45:10.863,NVDA,199.69,199.67,700,199.66,3200,199.65,300,199.64,4100,199.63,1100,199.71,300,199.72,4200,199.73,3200,199.74,3100,199.75,100
2026-07-16 09:45:10.894,NVDA,199.67,199.65,3500,199.64,500,199.63,300,199.62,2500,199.61,3500,199.69,4500,199.7,3400,199.71,4800,199.72,900,199.73,300
2026-07-16 09:45:11.341,NVDA,199.69,199.67,1600,199.66,3800,199.65,3900,199.64,400,199.63,3900,199.71,700,199.72,3500,199.73,1900,199.74,2200,199.75,3200
2026-07-16 09:45:11.623,NVDA,199.71,199.69,2100,199.68,300,199.67,3000,199.66,3900,199.65,3800,199.73,4900,199.74,3500,199.75,1100,199.76,2900,199.77,5000
2026-07-16 09:45:12.120,NVDA,199.69,199.67,3600,199.66,100,199.65,4700,199.64,600,199.63,4400,199.71,1900,199.72,4900,199.73,3000,199.74,1900,199.75,4000
2026-07-16 09:45:12.150,NVDA,199.67,199.65,1400,199.64,3500,199.63,5000,199.62,3800,199.61,800,199.69,4300,199.7,3200,199.71,3600,199.72,2000,199.73,2500
2026-07-16 09:45:12.566,NVDA,199.66,199.64,3200,199.63,2100,199.62,600,199.61,4300,199.6,700,199.68,2800,199.69,1700,199.7,4100,199.71,4300,199.72,1000
2026-07-16 09:45:12.805,NVDA,199.68,199.66,200,199.65,600,199.64,4300,199.63,2800,199.62,2900,199.7,4400,199.71,700,199.72,4200,199.73,2900,199.74,4900
2026-07-16 09:45:13.004,NVDA,199.67,199.65,4700,199.64,4600,199.63,2800,199.62,1600,199.61,1500,199.69,2500,199.7,5000,199.71,2000,199.72,200,199.73,3700
2026-07-16 09:45:13.208,NVDA,199.67,199.65,2600,199.64,200,199.63,600,199.62,2400,199.61,4400,199.69,4900,199.7,2500,199.71,1500,199.72,4200,199.73,500
2026-07-16 09:45:13.610,NVDA,199.69,199.67,3600,199.66,4200,199.65,4700,199.64,1600,199.63,2900,199.71,3700,199.72,4500,199.73,200,199.74,900,199.75,1000
2026-07-16 09:45:13.740,NVDA,199.7,199.68,2800,199.67,2300,199.66,400,199.65,3900,199.64,1300,199.72,1800,199.73,2200,199.74,300,199.75,3700,199.76,2100
2026-07-16 09:45:14.164,NVDA,199.7,199.68,400,199.67,1400,199.66,700,199.65,1400,199.64,100,199.72,2700,199.73,2900,199.74,1900,199.75,3600,199.76,2900
2026-07-16 09:45:14.265,NVDA,199.72,199.7,3800,199.69,2900,199.68,4700,199.67,500,199.66,2900,199.74,1100,199.75,2100,199.76,800,199.77,4400,199.78,600
2026-07-16 09:45:14.394,NVDA,199.73,199.71,100,199.7,3300,199.69,3300,199.68,2600,199.67,4100,199.75,1800,199.76,100,199.77,1700,199.78,4200,199.79,4200
2026-07-16 09:45:14.612,NVDA,199.73,199.71,4500,199.7,3500,199.69,2000,199.68,500,199.67,3600,199.75,300,199.76,2600,199.77,1900,199.78,4600,199.79,300
2026-07-16 09:45:14.709,NVDA,199.73,199.71,4700,199.7,300,199.69,1400,199.68,400,199.67,1500,199.75,2600,199.76,2000,199.77,300,199.78,1300,199.79,2700
2026-07-16 09:45:15.147,NVDA,199.72,199.7,300,199.69,2800,199.68,400,199.67,1000,199.66,3200,199.74,2400,199.75,2600,199.76,2400,199.77,4900,199.78,4500
2026-07-16 09:45:15.240,NVDA,199.72,199.7,4100,199.69,1500,199.68,100,199.67,4600,199.66,1300,199.74,100,199.75,2000,199.76,2000,199.77,2900,199.78,4600
2026-07-16 09:45:15.526,NVDA,199.71,199.69,3600,199.68,100,199.67,3800,199.66,300,199.65,3600,199.73,3800,199.74,2700,199.75,3600,199.76,4100,199.77,2000
2026-07-16 09:45:15.794,NVDA,199.73,199.71,4700,199.7,4200,199.69,2200,199.68,4600,199.67,3200,199.75,2400,199.76,3000,199.77,3200,199.78,2900,199.79,2900
2026-07-16 09:45:16.265,NVDA,199.72,199.7,4800,199.69,4000,199.68,400,199.67,2900,199.66,1400,199.74,1500,199.75,800,199.76,1200,199.77,4500,199.78,3000
2026-07-16 09:45:16.731,NVDA,199.74,199.72,300,199.71,2200,199.7,2100,199.69,1100,199.68,3200,199.76,4300,199.77,4300,199.78,4300,199.79,300,199.8,4800
2026-07-16 09:45:17.203,NVDA,199.74,199.72,700,199.71,3500,199.7,3500,199.69,4500,199.68,2600,199.76,4700,199.77,600,199.78,4500,199.79,1600,199.8,100
2026-07-16 09:45:17.475,NVDA,199.74,199.72,2800,199.71,3700,199.7,1300,199.69,1700,199.68,200,199.76,2100,199.77,3300,199.78,1700,199.79,2000,199.8,1500
2026-07-16 09:45:17.770,NVDA,199.73,199.71,1500,199.7,700,199.69,2500,199.68,2500,199.67,3700,199.75,600,199.76,1500,199.77,100,199.78,2100,199.79,1500
2026-07-16 09:45:17.906,NVDA,199.72,199.7,1800,199.69,4900,199.68,1500,199.67,2100,199.66,4100,199.74,1300,199.75,1100,199.76,1600,199.77,4300,199.78,1500
2026-07-16 09:45:18.084,NVDA,199.72,199.7,400,199.69,3700,199.68,4500,199.67,1100,199.66,5000,199.74,3300,199.75,1400,199.76,1400,199.77,200,199.78,4100
2026-07-16 09:45:18.323,NVDA,199.7,199.68,1700,199.67,4000,199.66,3300,199.65,1700,199.64,4500,199.72,4400,199.73,1800,199.74,2100,199.75,3200,199.76,400
2026-07-16 09:45:18.693,NVDA,199.7,199.68,2600,199.67,2200,199.66,4700,199.65,4300,199.64,4100,199.72,1800,199.73,3100,199.74,4200,199.75,5000,199.76,100
2026-07-16 09:45:18.770,NVDA,199.7,199.68,2800,199.67,4900,199.66,1300,199.65,2800,199.64,4200,199.72,3300,199.73,1200,199.74,3000,199.75,1600,199.76,100
2026-07-16 09:45:18.863,NVDA,199.68,199.66,1700,199.65,500,199.64,2600,199.63,800,199.62,100,199.7,1000,199.71,100,199.72,3000,199.73,4600,199.74,3600
2026-07-16 09:45:19.167,NVDA,199.66,199.64,3000,199.63,3700,199.62,1700,199.61,2200,199.6,2700,199.68,2500,199.69,1700,199.7,4800,199.71,100,199.72,5000
2026-07-16 09:45:19.313,NVDA,199.65,199.63,800,199.62,1400,199.61,1500,199.6,3900,199.59,2300,199.67,1600,199.68,3900,199.69,2500,199.7,4900,199.71,3400
2026-07-16 09:45:19.813,NVDA,199.67,199.65,1700,199.64,2400,199.63,300,199.62,3400,199.61,4300,199.69,1900,199.7,4600,199.71,4500,199.72,3400,199.73,2700
2026-07-16 09:45:20.061,NVDA,199.69,199.67,1100,199.66,3500,199.65,2400,199.64,2900,199.63,1100,199.71,2600,199.72,2100,199.73,700,199.74,3800,199.75,300
2026-07-16 09:45:20.262,NVDA,199.7,199.68,400,199.67,200,199.66,1000,199.65,1200,199.64,4800,199.72,2600,199.73,1400,199.74,4300,199.75,1000,199.76,3700
2026-07-16 09:45:20.564,NVDA,199.69,199.67,3000,199.66,1200,199.65,800,199.64,1500,199.63,1300,199.71,1700,199.72,3000,199.73,1300,199.74,200,199.75,2100
2026-07-16 09:45:20.643,NVDA,199.68,199.66,200,199.65,600,199.64,2600,199.63,3200,199.62,3700,199.7,4400,199.71,2100,199.72,5000,199.73,2900,199.74,3400
2026-07-16 09:45:20.774,NVDA,199.67,199.65,4500,199.64,1400,199.63,2200,199.62,2500,199.61,3000,199.69,4700,199.7,4200,199.71,1200,199.72,2200,199.73,4000
2026-07-16 09:45:21.040,NVDA,199.66,199.64,4900,199.63,4100,199.62,2200,199.61,4500,199.6,1500,199.68,3100,199.69,200,199.7,4900,199.71,4500,199.72,1300
2026-07-16 09:45:21.063,NVDA,199.67,199.65,4200,199.64,600,199.63,600,199.62,300,199.61,900,199.69,2000,199.7,4700,199.71,1000,199.72,4900,199.73,4100
2026-07-16 09:45:21.465,NVDA,199.65,199.63,700,199.62,1800,199.61,2400,199.6,700,199.59,1600,199.67,2000,199.68,800,199.69,2900,199.7,1600,199.71,4900
2026-07-16 09:45:21.550,NVDA,199.67,199.65,1900,199.64,1200,199.63,2400,199.62,1400,199.61,3400,199.69,1700,199.7,3600,199.71,3700,199.72,2700,199.73,1600
2026-07-16 09:45:21.876,NVDA,199.68,199.66,3000,199.65,4400,199.64,500,199.63,3200,199.62,3700,199.7,2800,199.71,200,199.72,4800,199.73,600,199.74,4500
2026-07-16 09:45:22.351,NVDA,199.66,199.64,1700,199.63,1900,199.62,3700,199.61,3800,199.6,4000,199.68,500,199.69,1700,199.7,2500,199.71,400,199.72,1300
2026-07-16 09:45:22.632,NVDA,199.66,199.64,4600,199.63,3300,199.62,700,199.61,200,199.6,3800,199.68,5000,199.69,4000,199.7,3900,199.71,4200,199.72,4900
2026-07-16 09:45:22.693,NVDA,199.67,199.65,300,199.64,2900,199.63,3700,199.62,2500,199.61,700,199.69,3800,199.7,4600,199.71,700,199.72,1300,199.73,2100
2026-07-16 09:45:22.842,NVDA,199.66,199.64,2700,199.63,4100,199.62,1600,199.61,700,199.6,100,199.68,4700,199.69,2500,199.7,1900,199.71,1500,199.72,2100
2026-07-16 09:45:23.252,NVDA,199.64,199.62,3200,199.61,600,199.6,3900,199.59,2100,199.58,3200,199.66,1000,199.67,2200,199.68,4700,199.69,1900,199.7,4900
2026-07-16 09:45:23.270,NVDA,199.64,199.62,3800,199.61,3400,199.6,1100,199.59,2000,199.58,1300,199.66,2800,199.67,4300,199.68,4300,199.69,3400,199.7,4500
2026-07-16 09:45:23.393,NVDA,199.63,199.61,2900,199.6,2200,199.59,3600,199.58,3000,199.57,700,199.65,1800,199.66,3000,199.67,5000,199.68,3700,199.69,4600
2026-07-16 09:45:23.702,NVDA,199.61,199.59,1400,199.58,1700,199.57,2300,199.56,4500,199.55,400,199.63,900,199.64,900,199.65,100,199.66,4200,199.67,5000
2026-07-16 09:45:23.758,NVDA,199.59,199.57,800,199.56,2600,199.55,3700,199.54,2800,199.53,2200,199.61,3700,199.62,4000,199.63,2500,199.64,4600,199.65,4700
2026-07-16 09:45:23.823,NVDA,199.61,199.59,2700,199.58,4600,199.57,1500,199.56,4700,199.55,400,199.63,3700,199.64,400,199.65,3900,199.66,3300,199.67,400
2026-07-16 09:45:23.850,NVDA,199.6,199.58,3600,199.57,700,199.56,1400,199.55,3900,199.54,2500,199.62,3800,199.63,3300,199.64,2300,199.65,1300,199.66,4300
2026-07-16 09:45:24.249,NVDA,199.62,199.6,1400,199.59,2000,199.58,1900,199.57,2600,199.56,2100,199.64,4300,199.65,4400,199.66,4800,199.67,1000,199.68,1700
2026-07-16 09:45:24.462,NVDA,199.63,199.61,1800,199.6,2800,199.59,2100,199.58,2600,199.57,3700,199.65,3200,199.66,4300,199.67,4300,199.68,800,199.69,200
2026-07-16 09:45:24.602,NVDA,199.61,199.59,3800,199.58,3800,199.57,3700,199.56,1700,199.55,1400,199.63,2600,199.64,1000,199.65,1900,199.66,500,199.67,400
2026-07-16 09:45:24.861,NVDA,199.59,199.57,4600,199.56,800,199.55,4700,199.54,400,199.53,2400,199.61,3800,199.62,1100,199.63,2900,199.64,4000,199.65,1200
2026-07-16 09:45:25.302,NVDA,199.61,199.59,2400,199.58,2200,199.57,2100,199.56,1700,199.55,500,199.63,2900,199.64,200,199.65,4000,199.66,4700,199.67,1300
2026-07-16 09:45:25.418,NVDA,199.59,199.57,4500,199.56,800,199.55,4600,199.54,1900,199.53,3400,199.61,2000,199.62,2200,199.63,2900,199.64,700,199.65,1500
2026-07-16 09:45:25.593,NVDA,199.59,199.57,1800,199.56,2800,199.55,700,199.54,1800,199.53,2800,199.61,2000,199.62,600,199.63,3800,199.64,3900,199.65,4200
2026-07-16 09:45:26.055,NVDA,199.59,199.57,4400,199.56,4100,199.55,1400,199.54,3400,199.53,400,199.61,4300,199.62,3800,199.63,3500,199.64,2800,199.65,700
2026-07-16 09:45:26.124,NVDA,199.59,199.57,3500,199.56,2900,199.55,200,199.54,3800,199.53,100,199.61,1200,199.62,2800,199.63,2400,199.64,1900,199.65,4900
2026-07-16 09:45:26.335,NVDA,199.59,199.57,3100,199.56,4600,199.55,200,199.54,2800,199.53,2400,199.61,4300,199.62,4100,199.63,3100,199.64,1900,199.65,4600
2026-07-16 09:45:26.648,NVDA,199.57,199.55,1700,199.54,1100,199.53,4000,199.52,1400,199.51,100,199.59,1800,199.6,1000,199.61,800,199.62,3800,199.63,1700
2026-07-16 09:45:27.093,NVDA,199.58,199.56,200,199.55,4600,199.54,4200,199.53,4800,199.52,3100,199.6,2100,199.61,300,199.62,2100,199.63,2600,199.64,900
2026-07-16 09:45:27.133,NVDA,199.58,199.56,3300,199.55,4000,199.54,3200,199.53,1900,199.52,2200,199.6,700,199.61,1900,199.62,1800,199.63,4800,199.64,2000
2026-07-16 09:45:27.584,NVDA,199.58,199.56,1700,199.55,2100,199.54,2700,199.53,1700,199.52,1400,199.6,4200,199.61,1300,199.62,2500,199.63,2000,199.64,3300
2026-07-16 09:45:27.895,NVDA,199.6,199.58,4200,199.57,100,199.56,2900,199.55,1000,199.54,4200,199.62,1500,199.63,2800,199.64,2200,199.65,2800,199.66,3000
2026-07-16 09:45:27.970,NVDA,199.59,199.57,3000,199.56,1100,199.55,3300,199.54,1900,199.53,1200,199.61,3200,199.62,1300,199.63,400,199.64,1800,199.65,1000
2026-07-16 09:45:27.980,NVDA,199.57,199.55,100,199.54,2300,199.53,1400,199.52,3900,199.51,3900,199.59,1000,199.6,1300,199.61,3900,199.62,1500,199.63,400
2026-07-16 09:45:28.199,NVDA,199.59,199.57,2700,199.56,2100,199.55,4300,199.54,3100,199.53,4900,199.61,1000,199.62,3700,199.63,200,199.64,4100,199.65,2200
2026-07-16 09:45:28.262,NVDA,199.59,199.57,1900,199.56,4800,199.55,2500,199.54,4200,199.53,2400,199.61,1800,199.62,1300,199.63,2600,199.64,2500,199.65,4800
2026-07-16 09:45:28.652,NVDA,199.58,199.56,1900,199.55,600,199.54,500,199.53,2400,199.52,2200,199.6,1800,199.61,3100,199.62,3700,199.63,5000,199.64,4500
2026-07-16 09:45:29.115,NVDA,199.6,199.58,800,199.57,100,199.56,4700,199.55,100,199.54,700,199.62,2200,199.63,4500,199.64,600,199.65,4100,199.66,4300
2026-07-16 09:45:29.365,NVDA,199.6,199.58,1900,199.57,3800,199.56,4500,199.55,500,199.54,2500,199.62,3000,199.63,1700,199.64,3900,199.65,1700,199.66,300
2026-07-16 09:45:29.850,NVDA,199.58,199.56,1700,199.55,2200,199.54,1400,199.53,3100,199.52,3300,199.6,3400,199.61,4300,199.62,1700,199.63,2100,199.64,300
2026-07-16 09:45:30.113,NVDA,199.59,199.57,3900,199.56,3100,199.55,1000,199.54,3900,199.53,200,199.61,4000,199.62,1600,199.63,2500,199.64,3000,199.65,1800
2026-07-16 09:45:30.341,NVDA,199.58,199.56,2000,199.55,4600,199.54,100,199.53,2800,199.52,4800,199.6,4900,199.61,2100,199.62,2800,199.63,2300,199.64,2700
2026-07-16 09:45:30.793,NVDA,199.59,199.57,600,199.56,2900,199.55,200,199.54,4000,199.53,4200,199.61,3700,199.62,3300,199.63,2400,199.64,4900,199.65,2900
2026-07-16 09:45:30.899,NVDA,199.61,199.59,3800,199.58,2800,199.57,3000,199.56,3900,199.55,2700,199.63,3300,199.64,1300,199.65,1500,199.66,4300,199.67,700
2026-07-16 09:45:31.067,NVDA,199.62,199.6,400,199.59,1000,199.58,1500,199.57,1600,199.56,800,199.64,4900,199.65,2900,199.66,800,199.67,5000,199.68,3700
2026-07-16 09:45:31.502,NVDA,199.61,199.59,2200,199.58,4600,199.57,4900,199.56,700,199.55,3800,199.63,2200,199.64,2900,199.65,1600,199.66,2900,199.67,2100
2026-07-16 09:45:31.829,NVDA,199.59,199.57,2800,199.56,3800,199.55,4300,199.54,2700,199.53,3000,199.61,200,199.62,2800,199.63,4600,199.64,300,199.65,1000
2026-07-16 09:45:32.302,NVDA,199.61,199.59,2700,199.58,3500,199.57,3500,199.56,4200,199.55,3600,199.63,700,199.64,700,199.65,500,199.66,3900,199.67,300
2026-07-16 09:45:32.609,NVDA,199.63,199.61,2000,199.6,600,199.59,4800,199.58,5000,199.57,1800,199.65,4500,199.66,100,199.67,800,199.68,2700,199.69,3900
2026-07-16 09:45:32.713,NVDA,199.61,199.59,3100,199.58,3200,199.57,400,199.56,4600,199.55,100,199.63,2600,199.64,1600,199.65,400,199.66,1600,199.67,3600
2026-07-16 09:45:33.029,NVDA,199.61,199.59,2100,199.58,4900,199.57,2900,199.56,600,199.55,4200,199.63,900,199.64,4800,199.65,2600,199.66,1800,199.67,3500
2026-07-16 09:45:33.165,NVDA,199.62,199.6,3200,199.59,2200,199.58,3800,199.57,500,199.56,4300,199.64,3100,199.65,3600,199.66,3600,199.67,1700,199.68,700
2026-07-16 09:45:33.226,NVDA,199.63,199.61,2800,199.6,2200,199.59,2800,199.58,4900,199.57,1200,199.65,2800,199.66,4200,199.67,4900,199.68,4800,199.69,3900
2026-07-16 09:45:33.586,NVDA,199.63,199.61,1200,199.6,2400,199.59,4000,199.58,3200,199.57,1700,199.65,1000,199.66,4700,199.67,100,199.68,3100,199.69,4500
2026-07-16 09:45:34.071,NVDA,199.63,199.61,4900,199.6,1100,199.59,3500,199.58,200,199.57,3600,199.65,1200,199.66,4400,199.67,3000,199.68,3900,199.69,2300
2026-07-16 09:45:34.413,NVDA,199.61,199.59,500,199.58,3200,199.57,600,199.56,1000,199.55,600,199.63,1600,199.64,1200,199.65,4600,199.66,3100,199.67,2200
2026-07-16 09:45:34.596,NVDA,199.59,199.57,2300,199.56,1300,199.55,4900,199.54,4100,199.53,900,199.61,2900,199.62,1800,199.63,1400,199.64,1300,199.65,1500
2026-07-16 09:45:35.075,NVDA,199.59,199.57,300,199.56,3200,199.55,3800,199.54,1900,199.53,4400,199.61,4000,199.62,1500,199.63,2100,199.64,900,199.65,2800
2026-07-16 09:45:35.113,NVDA,199.57,199.55,3000,199.54,1200,199.53,4000,199.52,4600,199.51,200,199.59,1600,199.6,2900,199.61,4700,199.62,4600,199.63,2900
2026-07-16 09:45:35.319,NVDA,199.57,199.55,1200,199.54,800,199.53,2000,199.52,1700,199.51,4800,199.59,1100,199.6,1600,199.61,4800,199.62,2700,199.63,4800
2026-07-16 09:45:35.670,NVDA,199.59,199.57,2300,199.56,1900,199.55,2900,199.54,4700,199.53,4000,199.61,1200,199.62,1700,199.63,3000,199.64,4000,199.65,3900
2026-07-16 09:45:35.991,NVDA,199.6,199.58,2500,199.57,2400,199.56,1800,199.55,900,199.54,400,199.62,3200,199.63,2900,199.64,300,199.65,4100,199.66,3600
2026-07-16 09:45:36.010,NVDA,199.58,199.56,1600,199.55,2000,199.54,1300,199.53,3300,199.52,4100,199.6,1800,199.61,3300,199.62,5000,199.63,1800,199.64,2000
2026-07-16 09:45:36.034,NVDA,199.57,199.55,4900,199.54,5000,199.53,1200,199.52,2000,199.51,4200,199.59,3100,199.6,2600,199.61,2900,199.62,5000,199.63,1800
2026-07-16 09:45:36.202,NVDA,199.59,199.57,3300,199.56,4900,199.55,4000,199.54,300,199.53,500,199.61,3200,199.62,1400,199.63,3600,199.64,4300,199.65,3200
2026-07-16 09:45:36.417,NVDA,199.58,199.56,3200,199.55,3700,199.54,3500,199.53,3900,199.52,3500,199.6,2600,199.61,1200,199.62,3400,199.63,1700,199.64,3800
2026-07-16 09:45:36.642,NVDA,199.56,199.54,3300,199.53,4000,199.52,3900,199.51,3500,199.5,2700,199.58,1500,199.59,3400,199.6,2500,199.61,1900,199.62,1800
2026-07-16 09:45:36.739,NVDA,199.54,199.52,1300,199.51,4500,199.5,3000,199.49,4300,199.48,2700,199.56,4200,199.57,3500,199.58,2700,199.59,2600,199.6,4500
2026-07-16 09:45:37.229,NVDA,199.53,199.51,1600,199.5,2700,199.49,3300,199.48,2600,199.47,3100,199.55,700,199.56,3900,199.57,1800,199.58,4700,199.59,4500
2026-07-16 09:45:37.453,NVDA,199.55,199.53,400,199.52,1600,199.51,4500,199.5,4100,199.49,1100,199.57,1900,199.58,1300,199.59,2100,199.6,3600,199.61,3700
2026-07-16 09:45:37.807,NVDA,199.57,199.55,1800,199.54,700,199.53,3100,199.52,4800,199.51,4100,199.59,4100,199.6,1800,199.61,500,199.62,4900,199.63,3600
2026-07-16 09:45:38.278,NVDA,199.59,199.57,2700,199.56,2800,199.55,4700,199.54,2700,199.53,3600,199.61,4200,199.62,1400,199.63,1800,199.64,2400,199.65,2100
2026-07-16 09:45:38.684,NVDA,199.6,199.58,4800,199.57,3200,199.56,2300,199.55,1700,199.54,600,199.62,3700,199.63,4100,199.64,3100,199.65,4900,199.66,3900
2026-07-16 09:45:38.830,NVDA,199.59,199.57,2400,199.56,1700,199.55,900,199.54,2200,199.53,3800,199.61,2600,199.62,300,199.63,3900,199.64,2600,199.65,3000
2026-07-16 09:45:38.924,NVDA,199.61,199.59,1500,199.58,2300,199.57,2100,199.56,3700,199.55,3600,199.63,4000,199.64,2300,199.65,2400,199.66,2700,199.67,4200
2026-07-16 09:45:38.986,NVDA,199.59,199.57,2900,199.56,900,199.55,4900,199.54,3400,199.53,3400,199.61,1900,199.62,4900,199.63,5000,199.64,2100,199.65,1400
2026-07-16 09:45:39.041,NVDA,199.57,199.55,1400,199.54,4200,199.53,3000,199.52,1700,199.51,800,199.59,100,199.6,3200,199.61,1500,199.62,2500,199.63,2800
2026-07-16 09:45:39.451,NVDA,199.57,199.55,200,199.54,3500,199.53,1000,199.52,4800,199.51,2300,199.59,4900,199.6,700,199.61,1600,199.62,2500,199.63,4200
2026-07-16 09:45:39.641,NVDA,199.59,199.57,3400,199.56,500,199.55,4500,199.54,3700,199.53,1900,199.61,2300,199.62,1000,199.63,1400,199.64,4600,199.65,1900
2026-07-16 09:45:39.661,NVDA,199.57,199.55,4000,199.54,1100,199.53,3800,199.52,2000,199.51,3400,199.59,2300,199.6,2200,199.61,300,199.62,5000,199.63,4000
2026-07-16 09:45:39.820,NVDA,199.57,199.55,2900,199.54,4600,199.53,1400,199.52,2500,199.51,4500,199.59,2000,199.6,1400,199.61,4200,199.62,1200,199.63,2300
2026-07-16 09:45:39.977,NVDA,199.55,199.53,100,199.52,2700,199.51,3700,199.5,4700,199.49,3800,199.57,5000,199.58,3000,199.59,300,199.6,1000,199.61,3200
2026-07-16 09:45:40.165,NVDA,199.55,199.53,4200,199.52,100,199.51,3300,199.5,400,199.49,2400,199.57,1600,199.58,200,199.59,4900,199.6,4600,199.61,2600
2026-07-16 09:45:40.240,NVDA,199.53,199.51,2000,199.5,2100,199.49,1200,199.48,2700,199.47,1600,199.55,900,199.56,4500,199.57,3100,199.58,1600,199.59,2800
2026-07-16 09:45:40.398,NVDA,199.51,199.49,2200,199.48,2000,199.47,1200,199.46,2400,199.45,500,199.53,100,199.54,1800,199.55,1800,199.56,3500,199.57,3100
2026-07-16 09:45:40.703,NVDA,199.49,199.47,900,199.46,4000,199.45,1000,199.44,3500,199.43,1900,199.51,1800,199.52,2700,199.53,1300,199.54,1500,199.55,1800
2026-07-16 09:45:40.767,NVDA,199.5,199.48,2700,199.47,3800,199.46,4100,199.45,4700,199.44,100,199.52,3400,199.53,1800,199.54,3800,199.55,2800,199.56,2400
2026-07-16 09:45:40.892,NVDA,199.51,199.49,1900,199.48,200,199.47,3300,199.46,200,199.45,300,199.53,3800,199.54,3900,199.55,2700,199.56,2100,199.57,4700
2026-07-16 09:45:41.286,NVDA,199.49,199.47,1700,199.46,3000,199.45,1400,199.44,1500,199.43,3500,199.51,2000,199.52,4800,199.53,4300,199.54,2800,199.55,3200
2026-07-16 09:45:41.566,NVDA,199.47,199.45,3000,199.44,1300,199.43,4200,199.42,2300,199.41,1100,199.49,2100,199.5,4200,199.51,3400,199.52,4000,199.53,4800
2026-07-16 09:45:41.715,NVDA,199.49,199.47,3300,199.46,2300,199.45,900,199.44,2000,199.43,1400,199.51,3100,199.52,1600,199.53,500,199.54,3400,199.55,3400
2026-07-16 09:45:42.211,NVDA,199.48,199.46,3900,199.45,4700,199.44,4600,199.43,3200,199.42,2000,199.5,3400,199.51,1200,199.52,2400,199.53,400,199.54,600
2026-07-16 09:45:42.621,NVDA,199.5,199.48,2500,199.47,4700,199.46,2800,199.45,4600,199.44,2100,199.52,2400,199.53,1100,199.54,100,199.55,3300,199.56,1700
2026-07-16 09:45:42.911,NVDA,199.51,199.49,2500,199.48,1100,199.47,4200,199.46,2000,199.45,4500,199.53,3900,199.54,100,199.55,3500,199.56,3600,199.57,4800
2026-07-16 09:45:43.077,NVDA,199.53,199.51,3500,199.5,1900,199.49,2800,199.48,1700,199.47,2900,199.55,3800,199.56,4600,199.57,3300,199.58,2000,199.59,3100
2026-07-16 09:45:43.164,NVDA,199.53,199.51,2600,199.5,1200,199.49,900,199.48,1700,199.47,1900,199.55,1500,199.56,2300,199.57,1300,199.58,800,199.59,2400
2026-07-16 09:45:43.431,NVDA,199.53,199.51,1100,199.5,4400,199.49,4400,199.48,500,199.47,300,199.55,3700,199.56,5000,199.57,1500,199.58,2200,199.59,200
2026-07-16 09:45:43.496,NVDA,199.54,199.52,2400,199.51,100,199.5,600,199.49,1900,199.48,2500,199.56,4500,199.57,4900,199.58,2900,199.59,3100,199.6,3500
2026-07-16 09:45:43.789,NVDA,199.52,199.5,4400,199.49,2400,199.48,3300,199.47,3700,199.46,2500,199.54,2800,199.55,1400,199.56,3400,199.57,3200,199.58,600
2026-07-16 09:45:44.274,NVDA,199.54,199.52,3500,199.51,3400,199.5,1400,199.49,200,199.48,3400,199.56,1500,199.57,800,199.58,2900,199.59,3300,199.6,3100
2026-07-16 09:45:44.390,NVDA,199.54,199.52,700,199.51,100,199.5,4600,199.49,1100,199.48,4500,199.56,4600,199.57,4900,199.58,3200,199.59,1200,199.6,1600
2026-07-16 09:45:44.754,NVDA,199.52,199.5,1300,199.49,700,199.48,4700,199.47,3700,199.46,1200,199.54,2100,199.55,2400,199.56,2500,199.57,100,199.58,4300
2026-07-16 09:45:44.871,NVDA,199.53,199.51,600,199.5,4300,199.49,3400,199.48,1500,199.47,3800,199.55,1500,199.56,1500,199.57,1700,199.58,900,199.59,1900
2026-07-16 09:45:44.910,NVDA,199.51,199.49,4100,199.48,1800,199.47,2900,199.46,2300,199.45,4300,199.53,1000,199.54,1000,199.55,3100,199.56,1200,199.57,2000
2026-07-16 09:45:45.034,NVDA,199.5,199.48,1500,199.47,4200,199.46,4100,199.45,4100,199.44,4300,199.52,3000,199.53,3600,199.54,4300,199.55,2200,199.56,3900
2026-07-16 09:45:45.076,NVDA,199.5,199.48,2900,199.47,1200,199.46,3100,199.45,2200,199.44,900,199.52,300,199.53,5000,199.54,3700,199.55,3200,199.56,500
2026-07-16 09:45:45.529,NVDA,199.5,199.48,4900,199.47,200,199.46,4300,199.45,1000,199.44,2900,199.52,3700,199.53,4200,199.54,3400,199.55,3400,199.56,4100
2026-07-16 09:45:45.648,NVDA,199.5,199.48,1500,199.47,3900,199.46,3100,199.45,900,199.44,300,199.52,600,199.53,4400,199.54,4900,199.55,3600,199.56,1100
2026-07-16 09:45:45.658,NVDA,199.49,199.47,2600,199.46,2300,199.45,4200,199.44,3200,199.43,700,199.51,2700,199.52,100,199.53,4400,199.54,1600,199.55,2500
2026-07-16 09:45:45.831,NVDA,199.51,199.49,1000,199.48,2000,199.47,2900,199.46,2700,199.45,900,199.53,2300,199.54,2900,199.55,4000,199.56,3400,199.57,1800
2026-07-16 09:45:46.250,NVDA,199.52,199.5,4800,199.49,1200,199.48,500,199.47,1300,199.46,2900,199.54,2100,199.55,4300,199.56,2100,199.57,4800,199.58,1100
2026-07-16 09:45:46.479,NVDA,199.54,199.52,800,199.51,1600,199.5,3000,199.49,3800,199.48,400,199.56,5000,199.57,2300,199.58,2300,199.59,300,199.6,1000
2026-07-16 09:45:46.557,NVDA,199.54,199.52,1000,199.51,4000,199.5,200,199.49,3000,199.48,2200,199.56,3000,199.57,2100,199.58,900,199.59,4400,199.6,500
2026-07-16 09:45:46.658,NVDA,199.53,199.51,3900,199.5,600,199.49,1800,199.48,3800,199.47,3600,199.55,4600,199.56,600,199.57,3800,199.58,4200,199.59,300
2026-07-16 09:45:46.764,NVDA,199.53,199.51,100,199.5,200,199.49,2000,199.48,900,199.47,600,199.55,3100,199.56,2600,199.57,1200,199.58,3000,199.59,1800
2026-07-16 09:45:47.120,NVDA,199.51,199.49,2100,199.48,1900,199.47,2800,199.46,3900,199.45,3400,199.53,2000,199.54,2700,199.55,400,199.56,1500,199.57,400
2026-07-16 09:45:47.499,NVDA,199.53,199.51,3800,199.5,2800,199.49,5000,199.48,800,199.47,900,199.55,2900,199.56,200,199.57,1100,199.58,2800,199.59,2100
2026-07-16 09:45:47.583,NVDA,199.51,199.49,2100,199.48,200,199.47,200,199.46,4500,199.45,1500,199.53,1800,199.54,2600,199.55,4500,199.56,3500,199.57,4700
2026-07-16 09:45:47.886,NVDA,199.51,199.49,500,199.48,4500,199.47,2400,199.46,1000,199.45,900,199.53,900,199.54,1200,199.55,800,199.56,2400,199.57,3800
2026-07-16 09:45:48.231,NVDA,199.52,199.5,2700,199.49,3300,199.48,300,199.47,3900,199.46,4500,199.54,2400,199.55,4700,199.56,600,199.57,3900,199.58,1500
2026-07-16 09:45:48.419,NVDA,199.51,199.49,4300,199.48,3100,199.47,1800,199.46,400,199.45,600,199.53,4700,199.54,100,199.55,4800,199.56,4200,199.57,3200
2026-07-16 09:45:48.463,NVDA,199.52,199.5,4700,199.49,3100,199.48,4900,199.47,4000,199.46,3500,199.54,4200,199.55,4600,199.56,1500,199.57,3300,199.58,2300
2026-07-16 09:45:48.500,NVDA,199.52,199.5,1500,199.49,4800,199.48,2300,199.47,100,199.46,800,199.54,100,199.55,4200,199.56,400,199.57,300,199.58,3900
2026-07-16 09:45:48.878,NVDA,199.54,199.52,1700,199.51,600,199.5,2100,199.49,4100,199.48,300,199.56,3900,199.57,2700,199.58,1300,199.59,2000,199.6,2200
2026-07-16 09:45:49.350,NVDA,199.56,199.54,3300,199.53,600,199.52,2200,199.51,4900,199.5,1200,199.58,4700,199.59,2400,199.6,2200,199.61,1400,199.62,1300
2026-07-16 09:45:49.792,NVDA,199.57,199.55,4300,199.54,2900,199.53,4900,199.52,3100,199.51,1800,199.59,600,199.6,4300,199.61,2600,199.62,2200,199.63,1600
2026-07-16 09:45:50.243,NVDA,199.55,199.53,2600,199.52,1100,199.51,3600,199.5,900,199.49,2800,199.57,5000,199.58,3100,199.59,2600,199.6,1200,199.61,4100
2026-07-16 09:45:50.719,NVDA,199.55,199.53,100,199.52,4200,199.51,3100,199.5,4900,199.49,1300,199.57,300,199.58,1100,199.59,200,199.6,4000,199.61,800
2026-07-16 09:45:51.124,NVDA,199.53,199.51,600,199.5,4200,199.49,500,199.48,4500,199.47,4300,199.55,4200,199.56,4500,199.57,900,199.58,1700,199.59,1200
2026-07-16 09:45:51.140,NVDA,199.53,199.51,2200,199.5,4500,199.49,4200,199.48,4200,199.47,3300,199.55,3600,199.56,2300,199.57,1800,199.58,2300,199.59,1900
2026-07-16 09:45:51.526,NVDA,199.53,199.51,2800,199.5,3100,199.49,4100,199.48,4400,199.47,4000,199.55,2500,199.56,1400,199.57,2500,199.58,1300,199.59,3000
2026-07-16 09:45:51.979,NVDA,199.54,199.52,4400,199.51,2100,199.5,3200,199.49,2400,199.48,1400,199.56,3400,199.57,4700,199.58,2200,199.59,1100,199.6,2700
2026-07-16 09:45:52.072,NVDA,199.52,199.5,3800,199.49,2000,199.48,4100,199.47,3400,199.46,2900,199.54,2000,199.55,2000,199.56,2600,199.57,1500,199.58,3800
2026-07-16 09:45:52.164,NVDA,199.52,199.5,4800,199.49,4700,199.48,2100,199.47,2400,199.46,4700,199.54,4000,199.55,1500,199.56,4700,199.57,2100,199.58,4100
2026-07-16 09:45:52.427,NVDA,199.51,199.49,2000,199.48,1200,199.47,3900,199.46,1200,199.45,200,199.53,3800,199.54,100,199.55,4400,199.56,3300,199.57,3400
2026-07-16 09:45:52.666,NVDA,199.53,199.51,4800,199.5,2500,199.49,4900,199.48,2800,199.47,5000,199.55,3700,199.56,1000,199.57,1700,199.58,4000,199.59,500
2026-07-16 09:45:52.764,NVDA,199.52,199.5,1200,199.49,3500,199.48,4300,199.47,900,199.46,3000,199.54,700,199.55,4200,199.56,4700,199.57,2100,199.58,4500
2026-07-16 09:45:53.104,NVDA,199.53,199.51,4900,199.5,500,199.49,1600,199.48,1500,199.47,4400,199.55,4200,199.56,2100,199.57,2000,199.58,5000,199.59,3700
2026-07-16 09:45:53.549,NVDA,199.53,199.51,4900,199.5,3500,199.49,1800,199.48,700,199.47,3900,199.55,2400,199.56,2000,199.57,400,199.58,2800,199.59,100
2026-07-16 09:45:53.586,NVDA,199.53,199.51,4900,199.5,1300,199.49,2800,199.48,400,199.47,1000,199.55,2900,199.56,3400,199.57,2100,199.58,2800,199.59,3700
2026-07-16 09:45:53.769,NVDA,199.53,199.51,800,199.5,4400,199.49,1400,199.48,800,199.47,4500,199.55,3600,199.56,2400,199.57,800,199.58,2500,199.59,1400
2026-07-16 09:45:54.155,NVDA,199.52,199.5,1300,199.49,800,199.48,3800,199.47,700,199.46,4600,199.54,100,199.55,3900,199.56,2800,199.57,4800,199.58,1700
2026-07-16 09:45:54.599,NVDA,199.53,199.51,3800,199.5,4200,199.49,4800,199.48,3900,199.47,4200,199.55,4800,199.56,4800,199.57,3900,199.58,2700,199.59,4400
2026-07-16 09:45:54.804,NVDA,199.52,199.5,2300,199.49,4300,199.48,2000,199.47,400,199.46,200,199.54,100,199.55,2400,199.56,500,199.57,2600,199.58,700
2026-07-16 09:45:54.843,NVDA,199.52,199.5,2900,199.49,4000,199.48,3100,199.47,2700,199.46,3100,199.54,2000,199.55,600,199.56,2500,199.57,100,199.58,1500
2026-07-16 09:45:54.984,NVDA,199.54,199.52,600,199.51,4100,199.5,4200,199.49,1700,199.48,500,199.56,2000,199.57,3400,199.58,600,199.59,4000,199.6,4500
2026-07-16 09:45:55.251,NVDA,199.53,199.51,1000,199.5,5000,199.49,1800,199.48,3200,199.47,1100,199.55,5000,199.56,3000,199.57,500,199.58,600,199.59,3200
2026-07-16 09:45:55.348,NVDA,199.54,199.52,4800,199.51,3900,199.5,2100,199.49,2300,199.48,900,199.56,3700,199.57,4400,199.58,1000,199.59,1100,199.6,100
2026-07-16 09:45:55.388,NVDA,199.56,199.54,2300,199.53,5000,199.52,1600,199.51,1600,199.5,2700,199.58,700,199.59,1900,199.6,2700,199.61,400,199.62,2500
2026-07-16 09:45:55.684,NVDA,199.58,199.56,2900,199.55,1300,199.54,3200,199.53,3600,199.52,1300,199.6,2700,199.61,1100,199.62,2900,199.63,2600,199.64,2600
2026-07-16 09:45:55.930,NVDA,199.56,199.54,5000,199.53,4400,199.52,700,199.51,3700,199.5,800,199.58,1500,199.59,4400,199.6,2800,199.61,4300,199.62,3200
2026-07-16 09:45:56.020,NVDA,199.54,199.52,2500,199.51,2200,199.5,3400,199.49,1800,199.48,1200,199.56,4900,199.57,3800,199.58,2600,199.59,2900,199.6,4000
2026-07-16 09:45:56.357,NVDA,199.53,199.51,4200,199.5,1300,199.49,1000,199.48,4100,199.47,1700,199.55,4500,199.56,3500,199.57,4400,199.58,4800,199.59,3600
2026-07-16 09:45:56.740,NVDA,199.53,199.51,3400,199.5,3400,199.49,1900,199.48,700,199.47,2000,199.55,4000,199.56,1400,199.57,4500,199.58,300,199.59,900
2026-07-16 09:45:56.882,NVDA,199.52,199.5,1800,199.49,1200,199.48,100,199.47,3400,199.46,4500,199.54,2900,199.55,3600,199.56,4400,199.57,4000,199.58,4300
2026-07-16 09:45:57.234,NVDA,199.5,199.48,1200,199.47,4600,199.46,1300,199.45,3500,199.44,4200,199.52,4900,199.53,2400,199.54,3400,199.55,4000,199.56,3800
2026-07-16 09:45:57.732,NVDA,199.52,199.5,600,199.49,4700,199.48,300,199.47,100,199.46,5000,199.54,3800,199.55,3000,199.56,4000,199.57,3900,199.58,3700
2026-07-16 09:45:58.044,NVDA,199.5,199.48,3800,199.47,5000,199.46,3000,199.45,5000,199.44,200,199.52,200,199.53,4500,199.54,4500,199.55,4700,199.56,2700
2026-07-16 09:45:58.178,NVDA,199.5,199.48,2500,199.47,3200,199.46,3900,199.45,4000,199.44,2500,199.52,4700,199.53,500,199.54,4100,199.55,4100,199.56,2700
2026-07-16 09:45:58.593,NVDA,199.49,199.47,1000,199.46,2900,199.45,1900,199.44,4100,199.43,2300,199.51,2600,199.52,2200,199.53,4000,199.54,1700,199.55,3200
2026-07-16 09:45:59.035,NVDA,199.5,199.48,500,199.47,4900,199.46,3100,199.45,1900,199.44,2200,199.52,4900,199.53,2700,199.54,2600,199.55,1900,199.56,1700
2026-07-16 09:45:59.249,NVDA,199.52,199.5,5000,199.49,1800,199.48,300,199.47,800,199.46,1200,199.54,400,199.55,2100,199.56,100,199.57,3100,199.58,3100
2026-07-16 09:45:59.454,NVDA,199.5,199.48,4400,199.47,4800,199.46,4600,199.45,1400,199.44,2700,199.52,2000,199.53,2700,199.54,1300,199.55,3400,199.56,1900
2026-07-16 09:45:59.832,NVDA,199.52,199.5,1000,199.49,2300,199.48,1600,199.47,4700,199.46,1600,199.54,2300,199.55,1700,199.56,1700,199.57,3400,199.58,600
2026-07-16 09:46:00.217,NVDA,199.52,199.5,1200,199.49,1700,199.48,4000,199.47,3000,199.46,3900,199.54,1200,199.55,100,199.56,2800,199.57,400,199.58,4900
2026-07-16 09:46:00.635,NVDA,199.51,199.49,1800,199.48,3400,199.47,3900,199.46,400,199.45,4700,199.53,2600,199.54,2900,199.55,2200,199.56,600,199.57,500
2026-07-16 09:46:00.998,NVDA,199.5,199.48,600,199.47,1400,199.46,3100,199.45,500,199.44,4600,199.52,3100,199.53,2800,199.54,1100,199.55,2500,199.56,100
2026-07-16 09:46:01.302,NVDA,199.48,199.46,4600,199.45,700,199.44,900,199.43,1500,199.42,1000,199.5,3700,199.51,3300,199.52,4600,199.53,400,199.54,4800
2026-07-16 09:46:01.328,NVDA,199.47,199.45,1500,199.44,1700,199.43,4800,199.42,5000,199.41,3800,199.49,400,199.5,3400,199.51,3300,199.52,3800,199.53,400
2026-07-16 09:46:01.380,NVDA,199.49,199.47,1700,199.46,1700,199.45,3600,199.44,3900,199.43,2700,199.51,3000,199.52,3200,199.53,4000,199.54,700,199.55,4400
2026-07-16 09:46:01.862,NVDA,199.51,199.49,2500,199.48,1800,199.47,3000,199.46,4500,199.45,2900,199.53,1100,199.54,300,199.55,4400,199.56,1500,199.57,3000
2026-07-16 09:46:02.111,NVDA,199.5,199.48,2700,199.47,3600,199.46,3100,199.45,4000,199.44,2000,199.52,1400,199.53,900,199.54,500,199.55,5000,199.56,800
2026-07-16 09:46:02.418,NVDA,199.49,199.47,500,199.46,1500,199.45,1500,199.44,4200,199.43,1200,199.51,3100,199.52,3600,199.53,3800,199.54,4200,199.55,2400
2026-07-16 09:46:02.866,NVDA,199.48,199.46,1900,199.45,3500,199.44,3900,199.43,2000,199.42,1700,199.5,3300,199.51,200,199.52,1900,199.53,3000,199.54,900
2026-07-16 09:46:02.980,NVDA,199.48,199.46,2000,199.45,200,199.44,600,199.43,800,199.42,400,199.5,4600,199.51,900,199.52,2300,199.53,4900,199.54,1400
2026-07-16 09:46:03.120,NVDA,199.5,199.48,3100,199.47,3000,199.46,1600,199.45,2700,199.44,3900,199.52,800,199.53,1100,199.54,400,199.55,1500,199.56,3500
2026-07-16 09:46:03.375,NVDA,199.49,199.47,3900,199.46,3000,199.45,5000,199.44,1100,199.43,1000,199.51,3700,199.52,4200,199.53,4300,199.54,1600,199.55,1500
2026-07-16 09:46:03.553,NVDA,199.5,199.48,2000,199.47,700,199.46,800,199.45,2100,199.44,1900,199.52,500,199.53,3600,199.54,1300,199.55,1900,199.56,3500
2026-07-16 09:46:03.847,NVDA,199.48,199.46,1100,199.45,1100,199.44,2400,199.43,1600,199.42,1700,199.5,3000,199.51,3500,199.52,1000,199.53,1100,199.54,2000
2026-07-16 09:46:04.026,NVDA,199.49,199.47,1700,199.46,2900,199.45,3000,199.44,2800,199.43,2600,199.51,2800,199.52,2200,199.53,3400,199.54,2700,199.55,3800
2026-07-16 09:46:04.130,NVDA,199.5,199.48,3200,199.47,2600,199.46,200,199.45,1400,199.44,900,199.52,1600,199.53,1200,199.54,4800,199.55,4500,199.56,3300
2026-07-16 09:46:04.602,NVDA,199.51,199.49,800,199.48,4100,199.47,2400,199.46,900,199.45,2000,199.53,4400,199.54,2500,199.55,3000,199.56,4400,199.57,3400
2026-07-16 09:46:04.789,NVDA,199.51,199.49,4800,199.48,4100,199.47,4500,199.46,4000,199.45,3600,199.53,3900,199.54,2600,199.55,3700,199.56,4200,199.57,100
2026-07-16 09:46:05.204,NVDA,199.52,199.5,2300,199.49,4300,199.48,4700,199.47,1900,199.46,2300,199.54,2900,199.55,2100,199.56,3600,199.57,4100,199.58,2100
2026-07-16 09:46:05.542,NVDA,199.52,199.5,600,199.49,2700,199.48,1700,199.47,4700,199.46,400,199.54,1700,199.55,500,199.56,3700,199.57,800,199.58,2500
2026-07-16 09:46:06.023,NVDA,199.53,199.51,2900,199.5,3300,199.49,4900,199.48,4700,199.47,2600,199.55,5000,199.56,3700,199.57,1500,199.58,1300,199.59,3500
2026-07-16 09:46:06.499,NVDA,199.51,199.49,900,199.48,3300,199.47,1700,199.46,2300,199.45,2700,199.53,3900,199.54,2800,199.55,3500,199.56,4600,199.57,100
2026-07-16 09:46:06.941,NVDA,199.53,199.51,800,199.5,2400,199.49,1600,199.48,600,199.47,4700,199.55,5000,199.56,4600,199.57,900,199.58,3500,199.59,3900
2026-07-16 09:46:07.409,NVDA,199.55,199.53,3700,199.52,4300,199.51,4600,199.5,4200,199.49,4700,199.57,3000,199.58,4900,199.59,1100,199.6,2200,199.61,2400
2026-07-16 09:46:07.494,NVDA,199.56,199.54,4200,199.53,2200,199.52,1500,199.51,4800,199.5,1200,199.58,3100,199.59,4300,199.6,4500,199.61,400,199.62,1200
2026-07-16 09:46:07.720,NVDA,199.54,199.52,1200,199.51,4900,199.5,700,199.49,1600,199.48,3500,199.56,100,199.57,2100,199.58,600,199.59,1000,199.6,1100
2026-07-16 09:46:08.220,NVDA,199.54,199.52,3400,199.51,800,199.5,4400,199.49,500,199.48,2000,199.56,1500,199.57,3600,199.58,3600,199.59,2000,199.6,2800
2026-07-16 09:46:08.399,NVDA,199.55,199.53,5000,199.52,400,199.51,4100,199.5,2100,199.49,1300,199.57,200,199.58,1500,199.59,3000,199.6,2100,199.61,400
2026-07-16 09:46:08.740,NVDA,199.56,199.54,700,199.53,5000,199.52,1600,199.51,3600,199.5,1200,199.58,1900,199.59,2000,199.6,800,199.61,700,199.62,700
2026-07-16 09:46:09.004,NVDA,199.57,199.55,2800,199.54,1900,199.53,4600,199.52,2000,199.51,1200,199.59,100,199.6,400,199.61,700,199.62,2300,199.63,3000
2026-07-16 09:46:09.398,NVDA,199.59,199.57,2100,199.56,4600,199.55,5000,199.54,1000,199.53,2000,199.61,4200,199.62,4400,199.63,1400,199.64,3300,199.65,100
2026-07-16 09:46:09.538,NVDA,199.6,199.58,2700,199.57,4800,199.56,4400,199.55,2700,199.54,3100,199.62,4600,199.63,1700,199.64,2800,199.65,900,199.66,2200
2026-07-16 09:46:09.651,NVDA,199.59,199.57,4900,199.56,2800,199.55,3200,199.54,1000,199.53,2500,199.61,4700,199.62,1600,199.63,2000,199.64,500,199.65,3900
2026-07-16 09:46:09.993,NVDA,199.61,199.59,4900,199.58,3900,199.57,1200,199.56,4100,199.55,2800,199.63,4400,199.64,4200,199.65,4300,199.66,300,199.67,3300
2026-07-16 09:46:10.485,NVDA,199.6,199.58,4800,199.57,3600,199.56,500,199.55,400,199.54,1700,199.62,2900,199.63,4200,199.64,4700,199.65,800,199.66,3100
2026-07-16 09:46:10.784,NVDA,199.62,199.6,3300,199.59,2600,199.58,200,199.57,3800,199.56,1500,199.64,800,199.65,3000,199.66,2900,199.67,3400,199.68,2700
2026-07-16 09:46:11.257,NVDA,199.63,199.61,3500,199.6,2300,199.59,4100,199.58,3100,199.57,4100,199.65,2100,199.66,1000,199.67,1400,199.68,3600,199.69,3400
2026-07-16 09:46:11.727,NVDA,199.63,199.61,900,199.6,3700,199.59,4300,199.58,4500,199.57,1900,199.65,3100,199.66,4400,199.67,800,199.68,2500,199.69,4800
2026-07-16 09:46:12.102,NVDA,199.65,199.63,3000,199.62,4000,199.61,1200,199.6,2000,199.59,4800,199.67,3100,199.68,2300,199.69,3100,199.7,2500,199.71,4000
2026-07-16 09:46:12.568,NVDA,199.64,199.62,3900,199.61,1800,199.6,2500,199.59,2100,199.58,500,199.66,3800,199.67,800,199.68,3900,199.69,4700,199.7,4900
2026-07-16 09:46:12.707,NVDA,199.65,199.63,4900,199.62,2200,199.61,3300,199.6,4200,199.59,4600,199.67,2700,199.68,700,199.69,900,199.7,2900,199.71,400
2026-07-16 09:46:12.817,NVDA,199.64,199.62,5000,199.61,100,199.6,1400,199.59,100,199.58,200,199.66,4800,199.67,3900,199.68,1500,199.69,3500,199.7,2300
2026-07-16 09:46:12.939,NVDA,199.64,199.62,700,199.61,3800,199.6,900,199.59,1500,199.58,4200,199.66,2500,199.67,4100,199.68,2500,199.69,3000,199.7,4100
2026-07-16 09:46:13.167,NVDA,199.64,199.62,3300,199.61,1200,199.6,4200,199.59,500,199.58,1400,199.66,700,199.67,3100,199.68,4600,199.69,200,199.7,2500
2026-07-16 09:46:13.278,NVDA,199.62,199.6,4700,199.59,2400,199.58,2800,199.57,2400,199.56,2300,199.64,3500,199.65,1700,199.66,1200,199.67,300,199.68,2400
2026-07-16 09:46:13.624,NVDA,199.63,199.61,1800,199.6,1800,199.59,1600,199.58,3100,199.57,3600,199.65,4400,199.66,3300,199.67,700,199.68,3400,199.69,3300
2026-07-16 09:46:13.706,NVDA,199.61,199.59,2400,199.58,100,199.57,3500,199.56,1100,199.55,100,199.63,2300,199.64,500,199.65,400,199.66,4700,199.67,1200
2026-07-16 09:46:13.940,NVDA,199.61,199.59,2500,199.58,4100,199.57,1300,199.56,4000,199.55,1200,199.63,3600,199.64,3900,199.65,2600,199.66,800,199.67,4800
2026-07-16 09:46:14.348,NVDA,199.61,199.59,700,199.58,4100,199.57,4500,199.56,1300,199.55,1400,199.63,700,199.64,1600,199.65,100,199.66,300,199.67,4600
2026-07-16 09:46:14.798,NVDA,199.61,199.59,2000,199.58,1500,199.57,900,199.56,100,199.55,2400,199.63,2300,199.64,3300,199.65,1800,199.66,2900,199.67,4800
2026-07-16 09:46:15.131,NVDA,199.59,199.57,4100,199.56,200,199.55,2700,199.54,2600,199.53,1400,199.61,1800,199.62,2500,199.63,3200,199.64,1100,199.65,4500
2026-07-16 09:46:15.225,NVDA,199.57,199.55,600,199.54,4700,199.53,4200,199.52,500,199.51,1500,199.59,1900,199.6,2400,199.61,2900,199.62,1700,199.63,1900
2026-07-16 09:46:15.387,NVDA,199.59,199.57,3400,199.56,3000,199.55,4700,199.54,500,199.53,4500,199.61,400,199.62,4800,199.63,2500,199.64,4600,199.65,1000
2026-07-16 09:46:15.434,NVDA,199.61,199.59,4800,199.58,2300,199.57,1300,199.56,4000,199.55,3200,199.63,3300,199.64,1900,199.65,3000,199.66,1100,199.67,1000
2026-07-16 09:46:15.757,NVDA,199.61,199.59,900,199.58,1700,199.57,200,199.56,300,199.55,1200,199.63,3900,199.64,500,199.65,2100,199.66,1600,199.67,2300
2026-07-16 09:46:16.100,NVDA,199.62,199.6,4000,199.59,900,199.58,2200,199.57,3000,199.56,2500,199.64,700,199.65,2100,199.66,2700,199.67,4500,199.68,5000
2026-07-16 09:46:16.372,NVDA,199.63,199.61,400,199.6,1900,199.59,3400,199.58,1900,199.57,4700,199.65,3000,199.66,3100,199.67,2100,199.68,4200,199.69,2400
2026-07-16 09:46:16.609,NVDA,199.64,199.62,4400,199.61,1400,199.6,5000,199.59,4800,199.58,200,199.66,1100,199.67,2700,199.68,3700,199.69,4100,199.7,100
2026-07-16 09:46:16.793,NVDA,199.62,199.6,3600,199.59,3800,199.58,1500,199.57,4300,199.56,3400,199.64,2600,199.65,1500,199.66,1100,199.67,2100,199.68,4000
2026-07-16 09:46:17.043,NVDA,199.64,199.62,2400,199.61,3900,199.6,1700,199.59,2200,199.58,3700,199.66,1400,199.67,2100,199.68,1900,199.69,2900,199.7,4400
2026-07-16 09:46:17.066,NVDA,199.62,199.6,3400,199.59,4800,199.58,3200,199.57,1800,199.56,2200,199.64,2400,199.65,4300,199.66,2400,199.67,800,199.68,2400
2026-07-16 09:46:17.408,NVDA,199.6,199.58,3100,199.57,2600,199.56,4400,199.55,4400,199.54,3600,199.62,500,199.63,3400,199.64,4200,199.65,3600,199.66,4700
2026-07-16 09:46:17.679,NVDA,199.58,199.56,1600,199.55,2500,199.54,3900,199.53,4500,199.52,1300,199.6,3900,199.61,2800,199.62,3800,199.63,1500,199.64,3600
2026-07-16 09:46:18.031,NVDA,199.56,199.54,3100,199.53,1400,199.52,2200,199.51,3000,199.5,5000,199.58,3000,199.59,1800,199.6,1100,199.61,2000,199.62,900
2026-07-16 09:46:18.156,NVDA,199.57,199.55,400,199.54,4000,199.53,800,199.52,3500,199.51,1100,199.59,3300,199.6,3600,199.61,4700,199.62,2300,199.63,3400
2026-07-16 09:46:18.528,NVDA,199.55,199.53,3500,199.52,400,199.51,800,199.5,1800,199.49,2700,199.57,3600,199.58,2500,199.59,200,199.6,4600,199.61,2800
2026-07-16 09:46:18.916,NVDA,199.54,199.52,400,199.51,4100,199.5,500,199.49,200,199.48,1100,199.56,3900,199.57,900,199.58,300,199.59,400,199.6,4200
2026-07-16 09:46:19.055,NVDA,199.52,199.5,4000,199.49,2700,199.48,1700,199.47,3000,199.46,4400,199.54,2100,199.55,4500,199.56,2600,199.57,3700,199.58,2100
2026-07-16 09:46:19.295,NVDA,199.52,199.5,2900,199.49,4800,199.48,1000,199.47,3500,199.46,3600,199.54,2700,199.55,2600,199.56,2900,199.57,100,199.58,4000
2026-07-16 09:46:19.702,NVDA,199.51,199.49,3500,199.48,2000,199.47,3100,199.46,1200,199.45,5000,199.53,100,199.54,2800,199.55,3800,199.56,1300,199.57,1900
2026-07-16 09:46:20.008,NVDA,199.51,199.49,4100,199.48,4200,199.47,4600,199.46,1400,199.45,2500,199.53,1500,199.54,1300,199.55,4900,199.56,3800,199.57,4200
2026-07-16 09:46:20.034,NVDA,199.49,199.47,2800,199.46,2100,199.45,2600,199.44,4400,199.43,1200,199.51,2900,199.52,1600,199.53,4300,199.54,1500,199.55,1400
2026-07-16 09:46:20.479,NVDA,199.48,199.46,2900,199.45,2300,199.44,700,199.43,400,199.42,2700,199.5,2100,199.51,300,199.52,4200,199.53,3000,199.54,2300
2026-07-16 09:46:20.653,NVDA,199.46,199.44,3800,199.43,4500,199.42,4000,199.41,3600,199.4,1800,199.48,3300,199.49,2700,199.5,2900,199.51,4100,199.52,1200
2026-07-16 09:46:20.869,NVDA,199.45,199.43,4900,199.42,4100,199.41,1000,199.4,3700,199.39,100,199.47,4600,199.48,1000,199.49,2100,199.5,3500,199.51,3200
2026-07-16 09:46:21.042,NVDA,199.45,199.43,800,199.42,3300,199.41,600,199.4,500,199.39,200,199.47,800,199.48,1100,199.49,500,199.5,3600,199.51,3700
2026-07-16 09:46:21.248,NVDA,199.46,199.44,2700,199.43,1300,199.42,3700,199.41,2000,199.4,3300,199.48,400,199.49,3900,199.5,3600,199.51,1400,199.52,3100
2026-07-16 09:46:21.506,NVDA,199.44,199.42,5000,199.41,200,199.4,900,199.39,4800,199.38,1500,199.46,2100,199.47,3600,199.48,500,199.49,2700,199.5,1100
2026-07-16 09:46:21.570,NVDA,199.46,199.44,800,199.43,2700,199.42,3900,199.41,4100,199.4,3400,199.48,4400,199.49,3700,199.5,1500,199.51,1000,199.52,700
2026-07-16 09:46:21.861,NVDA,199.46,199.44,1900,199.43,3600,199.42,5000,199.41,800,199.4,2900,199.48,5000,199.49,800,199.5,500,199.51,1400,199.52,3000
2026-07-16 09:46:22.243,NVDA,199.47,199.45,4700,199.44,5000,199.43,2800,199.42,4200,199.41,600,199.49,600,199.5,4000,199.51,4200,199.52,4500,199.53,3000
2026-07-16 09:46:22.301,NVDA,199.47,199.45,1200,199.44,3300,199.43,1300,199.42,800,199.41,4400,199.49,3200,199.5,2300,199.51,4300,199.52,500,199.53,4100
2026-07-16 09:46:22.628,NVDA,199.45,199.43,3800,199.42,2700,199.41,1200,199.4,2300,199.39,2900,199.47,800,199.48,1100,199.49,2800,199.5,1700,199.51,4700
2026-07-16 09:46:22.841,NVDA,199.47,199.45,800,199.44,3200,199.43,900,199.42,3200,199.41,1400,199.49,4300,199.5,4700,199.51,500,199.52,3800,199.53,2700
2026-07-16 09:46:22.936,NVDA,199.45,199.43,5000,199.42,2700,199.41,2600,199.4,5000,199.39,3700,199.47,1100,199.48,5000,199.49,2200,199.5,4400,199.51,100
2026-07-16 09:46:23.331,NVDA,199.43,199.41,2000,199.4,800,199.39,800,199.38,2700,199.37,3300,199.45,4300,199.46,4400,199.47,4000,199.48,3900,199.49,1700
2026-07-16 09:46:23.476,NVDA,199.45,199.43,4800,199.42,500,199.41,2300,199.4,4400,199.39,3700,199.47,4900,199.48,3600,199.49,1100,199.5,4200,199.51,3400
2026-07-16 09:46:23.925,NVDA,199.44,199.42,3500,199.41,3100,199.4,3800,199.39,4700,199.38,1800,199.46,3400,199.47,3700,199.48,800,199.49,4000,199.5,1100
2026-07-16 09:46:24.331,NVDA,199.44,199.42,1800,199.41,1600,199.4,600,199.39,2000,199.38,4100,199.46,1400,199.47,200,199.48,1800,199.49,4600,199.5,4600
2026-07-16 09:46:24.488,NVDA,199.45,199.43,1200,199.42,2000,199.41,1200,199.4,4500,199.39,700,199.47,4700,199.48,100,199.49,1900,199.5,1800,199.51,4000
2026-07-16 09:46:24.840,NVDA,199.43,199.41,3000,199.4,4200,199.39,1400,199.38,3600,199.37,1100,199.45,4200,199.46,4400,199.47,600,199.48,1700,199.49,100
2026-07-16 09:46:25.156,NVDA,199.41,199.39,4700,199.38,5000,199.37,1700,199.36,5000,199.35,1600,199.43,4800,199.44,1100,199.45,3800,199.46,4800,199.47,100
2026-07-16 09:46:25.500,NVDA,199.42,199.4,2700,199.39,4900,199.38,3800,199.37,3200,199.36,4000,199.44,300,199.45,4000,199.46,4400,199.47,3900,199.48,2600
2026-07-16 09:46:25.798,NVDA,199.44,199.42,600,199.41,4600,199.4,2000,199.39,1500,199.38,4700,199.46,4500,199.47,3100,199.48,5000,199.49,4900,199.5,3200
2026-07-16 09:46:26.194,NVDA,199.44,199.42,2300,199.41,4300,199.4,2900,199.39,3700,199.38,1100,199.46,4000,199.47,1500,199.48,3100,199.49,1200,199.5,400
2026-07-16 09:46:26.642,NVDA,199.44,199.42,3000,199.41,4800,199.4,2200,199.39,3300,199.38,2000,199.46,2300,199.47,2000,199.48,700,199.49,4700,199.5,4100
2026-07-16 09:46:26.678,NVDA,199.44,199.42,4200,199.41,3600,199.4,1800,199.39,3400,199.38,500,199.46,2000,199.47,2000,199.48,500,199.49,1200,199.5,3000
2026-07-16 09:46:27.161,NVDA,199.44,199.42,400,199.41,200,199.4,3200,199.39,1200,199.38,1500,199.46,100,199.47,1400,199.48,5000,199.49,4100,199.5,4000
2026-07-16 09:46:27.310,NVDA,199.44,199.42,1900,199.41,1700,199.4,1800,199.39,4200,199.38,400,199.46,1500,199.47,1600,199.48,5000,199.49,3900,199.5,4000
2026-07-16 09:46:27.669,NVDA,199.42,199.4,700,199.39,3900,199.38,600,199.37,3800,199.36,3100,199.44,4400,199.45,700,199.46,2400,199.47,3800,199.48,4900
2026-07-16 09:46:28.088,NVDA,199.42,199.4,3800,199.39,700,199.38,1200,199.37,1200,199.36,2700,199.44,4300,199.45,3700,199.46,1000,199.47,1300,199.48,1700
2026-07-16 09:46:28.459,NVDA,199.42,199.4,200,199.39,2300,199.38,2400,199.37,2100,199.36,2300,199.44,1600,199.45,4300,199.46,4200,199.47,3800,199.48,200
2026-07-16 09:46:28.588,NVDA,199.4,199.38,2900,199.37,300,199.36,1100,199.35,4300,199.34,2900,199.42,1900,199.43,2500,199.44,4300,199.45,1000,199.46,1900
2026-07-16 09:46:28.949,NVDA,199.4,199.38,5000,199.37,3900,199.36,2600,199.35,600,199.34,4200,199.42,4100,199.43,5000,199.44,4800,199.45,3500,199.46,4900
2026-07-16 09:46:29.174,NVDA,199.39,199.37,1300,199.36,4600,199.35,3500,199.34,600,199.33,2000,199.41,100,199.42,2100,199.43,4700,199.44,3300,199.45,4600
2026-07-16 09:46:29.576,NVDA,199.37,199.35,4800,199.34,600,199.33,1300,199.32,400,199.31,1500,199.39,3100,199.4,4100,199.41,1500,199.42,2100,199.43,4400
2026-07-16 09:46:29.960,NVDA,199.39,199.37,1600,199.36,1400,199.35,800,199.34,400,199.33,2100,199.41,4200,199.42,3500,199.43,4600,199.44,100,199.45,1100
2026-07-16 09:46:30.453,NVDA,199.39,199.37,3400,199.36,4700,199.35,4900,199.34,4700,199.33,3900,199.41,1800,199.42,300,199.43,3100,199.44,100,199.45,3800
2026-07-16 09:46:30.818,NVDA,199.4,199.38,3900,199.37,1000,199.36,2000,199.35,3800,199.34,3500,199.42,3100,199.43,800,199.44,1100,199.45,2500,199.46,1400
2026-07-16 09:46:31.033,NVDA,199.4,199.38,1600,199.37,2500,199.36,300,199.35,1400,199.34,1800,199.42,400,199.43,3900,199.44,5000,199.45,2500,199.46,400
2026-07-16 09:46:31.112,NVDA,199.42,199.4,2300,199.39,3800,199.38,1800,199.37,1100,199.36,1000,199.44,100,199.45,4900,199.46,3300,199.47,4600,199.48,4600
2026-07-16 09:46:31.468,NVDA,199.43,199.41,3500,199.4,700,199.39,2400,199.38,2300,199.37,2200,199.45,300,199.46,3100,199.47,3300,199.48,2200,199.49,4700
2026-07-16 09:46:31.875,NVDA,199.43,199.41,4100,199.4,1600,199.39,2700,199.38,1600,199.37,600,199.45,600,199.46,500,199.47,4100,199.48,4000,199.49,3300
2026-07-16 09:46:32.034,NVDA,199.42,199.4,4100,199.39,2900,199.38,3000,199.37,800,199.36,4800,199.44,1000,199.45,5000,199.46,1300,199.47,4000,199.48,3400
2026-07-16 09:46:32.094,NVDA,199.4,199.38,3400,199.37,2000,199.36,1600,199.35,3600,199.34,4000,199.42,3800,199.43,2300,199.44,1300,199.45,5000,199.46,4300
2026-07-16 09:46:32.512,NVDA,199.41,199.39,4300,199.38,3600,199.37,600,199.36,3300,199.35,800,199.43,1800,199.44,4500,199.45,5000,199.46,3700,199.47,4900
2026-07-16 09:46:32.549,NVDA,199.43,199.41,3700,199.4,4600,199.39,4900,199.38,1000,199.37,1600,199.45,4900,199.46,1600,199.47,2800,199.48,900,199.49,800
2026-07-16 09:46:32.771,NVDA,199.45,199.43,1000,199.42,3000,199.41,1100,199.4,2800,199.39,4900,199.47,2500,199.48,4000,199.49,1500,199.5,1000,199.51,1600
2026-07-16 09:46:33.062,NVDA,199.43,199.41,4400,199.4,1600,199.39,3500,199.38,100,199.37,4600,199.45,1900,199.46,2600,199.47,2400,199.48,100,199.49,600
2026-07-16 09:46:33.279,NVDA,199.44,199.42,2300,199.41,3500,199.4,3300,199.39,4600,199.38,2300,199.46,4600,199.47,700,199.48,2900,199.49,4300,199.5,4500
2026-07-16 09:46:33.642,NVDA,199.46,199.44,4800,199.43,4200,199.42,200,199.41,2200,199.4,2900,199.48,300,199.49,1700,199.5,1800,199.51,4900,199.52,5000
2026-07-16 09:46:33.872,NVDA,199.47,199.45,2400,199.44,300,199.43,4300,199.42,4700,199.41,3400,199.49,500,199.5,2900,199.51,3800,199.52,1900,199.53,1700
2026-07-16 09:46:34.110,NVDA,199.48,199.46,100,199.45,3600,199.44,4800,199.43,3800,199.42,3200,199.5,1300,199.51,2500,199.52,1300,199.53,2800,199.54,3900
2026-07-16 09:46:34.182,NVDA,199.48,199.46,4100,199.45,2700,199.44,4500,199.43,900,199.42,1900,199.5,1800,199.51,3800,199.52,2100,199.53,1000,199.54,1700
2026-07-16 09:46:34.341,NVDA,199.48,199.46,2100,199.45,4700,199.44,3700,199.43,3500,199.42,3500,199.5,1400,199.51,4400,199.52,4400,199.53,2000,199.54,4700
2026-07-16 09:46:34.591,NVDA,199.46,199.44,1700,199.43,1500,199.42,4500,199.41,1300,199.4,2900,199.48,700,199.49,800,199.5,3100,199.51,2100,199.52,2900
2026-07-16 09:46:35.017,NVDA,199.48,199.46,2000,199.45,4100,199.44,3600,199.43,3100,199.42,4200,199.5,4600,199.51,1700,199.52,2600,199.53,2600,199.54,3100
2026-07-16 09:46:35.266,NVDA,199.49,199.47,1300,199.46,3600,199.45,1900,199.44,700,199.43,4100,199.51,4000,199.52,2200,199.53,3200,199.54,3400,199.55,3100
2026-07-16 09:46:35.763,NVDA,199.5,199.48,5000,199.47,4600,199.46,2000,199.45,2000,199.44,300,199.52,2600,199.53,2000,199.54,4400,199.55,1800,199.56,1300
2026-07-16 09:46:36.180,NVDA,199.52,199.5,2300,199.49,2900,199.48,4500,199.47,1700,199.46,3900,199.54,1000,199.55,2500,199.56,3100,199.57,2600,199.58,2500
2026-07-16 09:46:36.413,NVDA,199.5,199.48,2200,199.47,4400,199.46,4000,199.45,1100,199.44,600,199.52,100,199.53,2100,199.54,3200,199.55,500,199.56,200
2026-07-16 09:46:36.467,NVDA,199.51,199.49,1800,199.48,2600,199.47,4200,199.46,3100,199.45,200,199.53,4700,199.54,4200,199.55,4800,199.56,3600,199.57,1400
2026-07-16 09:46:36.811,NVDA,199.52,199.5,3400,199.49,800,199.48,4900,199.47,5000,199.46,3600,199.54,3400,199.55,400,199.56,4500,199.57,3600,199.58,4700
2026-07-16 09:46:36.941,NVDA,199.51,199.49,1100,199.48,2200,199.47,4700,199.46,2100,199.45,2900,199.53,1900,199.54,2900,199.55,2000,199.56,4200,199.57,1100
2026-07-16 09:46:37.086,NVDA,199.52,199.5,2300,199.49,800,199.48,3800,199.47,2000,199.46,1200,199.54,1500,199.55,2500,199.56,1500,199.57,3700,199.58,2100
2026-07-16 09:46:37.309,NVDA,199.52,199.5,1200,199.49,4900,199.48,1700,199.47,1000,199.46,4400,199.54,1100,199.55,1400,199.56,3900,199.57,600,199.58,3200
2026-07-16 09:46:37.350,NVDA,199.52,199.5,1800,199.49,3100,199.48,2600,199.47,4100,199.46,1300,199.54,4500,199.55,2000,199.56,4800,199.57,2800,199.58,3100
2026-07-16 09:46:37.438,NVDA,199.52,199.5,3000,199.49,700,199.48,1600,199.47,1900,199.46,2800,199.54,800,199.55,500,199.56,2500,199.57,1700,199.58,400
2026-07-16 09:46:37.801,NVDA,199.5,199.48,1400,199.47,1300,199.46,4000,199.45,1000,199.44,2400,199.52,2800,199.53,900,199.54,2800,199.55,700,199.56,4800
2026-07-16 09:46:38.044,NVDA,199.49,199.47,2900,199.46,4900,199.45,4500,199.44,2100,199.43,3600,199.51,3900,199.52,5000,199.53,2100,199.54,4100,199.55,4000
2026-07-16 09:46:38.343,NVDA,199.47,199.45,2100,199.44,2400,199.43,600,199.42,1700,199.41,3800,199.49,1500,199.5,5000,199.51,4600,199.52,1800,199.53,1100
2026-07-16 09:46:38.814,NVDA,199.48,199.46,4800,199.45,1300,199.44,4300,199.43,100,199.42,1900,199.5,2600,199.51,4500,199.52,2500,199.53,1700,199.54,500
2026-07-16 09:46:39.014,NVDA,199.49,199.47,2000,199.46,1500,199.45,1900,199.44,1400,199.43,1100,199.51,300,199.52,2000,199.53,4300,199.54,2500,199.55,1300
2026-07-16 09:46:39.399,NVDA,199.47,199.45,3500,199.44,5000,199.43,3400,199.42,4000,199.41,4200,199.49,4500,199.5,3200,199.51,2500,199.52,500,199.53,1800
2026-07-16 09:46:39.544,NVDA,199.45,199.43,200,199.42,1700,199.41,100,199.4,4900,199.39,4800,199.47,2800,199.48,3300,199.49,4800,199.5,1900,199.51,3200
2026-07-16 09:46:39.587,NVDA,199.45,199.43,1400,199.42,1900,199.41,3500,199.4,1200,199.39,1700,199.47,4900,199.48,4800,199.49,4700,199.5,2500,199.51,400
2026-07-16 09:46:39.694,NVDA,199.44,199.42,1200,199.41,3700,199.4,1000,199.39,4400,199.38,3800,199.46,4400,199.47,3500,199.48,4300,199.49,5000,199.5,2200
2026-07-16 09:46:40.118,NVDA,199.45,199.43,4600,199.42,2200,199.41,1600,199.4,4400,199.39,3600,199.47,1700,199.48,4800,199.49,300,199.5,3500,199.51,3300
2026-07-16 09:46:40.469,NVDA,199.43,199.41,1300,199.4,1500,199.39,4700,199.38,3000,199.37,1500,199.45,1900,199.46,2600,199.47,3800,199.48,4800,199.49,3000
2026-07-16 09:46:40.919,NVDA,199.41,199.39,1600,199.38,3300,199.37,3000,199.36,4600,199.35,2000,199.43,3700,199.44,3500,199.45,1500,199.46,3600,199.47,600
2026-07-16 09:46:41.400,NVDA,199.43,199.41,1400,199.4,900,199.39,3500,199.38,2900,199.37,2900,199.45,1400,199.46,3300,199.47,3400,199.48,2000,199.49,1300
2026-07-16 09:46:41.836,NVDA,199.45,199.43,300,199.42,4300,199.41,2900,199.4,2000,199.39,2300,199.47,1100,199.48,3800,199.49,4500,199.5,3400,199.51,3600
2026-07-16 09:46:41.998,NVDA,199.45,199.43,3100,199.42,4500,199.41,1500,199.4,3000,199.39,5000,199.47,1800,199.48,2900,199.49,4500,199.5,700,199.51,4100
2026-07-16 09:46:42.376,NVDA,199.47,199.45,4800,199.44,2200,199.43,3500,199.42,2700,199.41,1500,199.49,2600,199.5,3100,199.51,2300,199.52,4400,199.53,1200
2026-07-16 09:46:42.754,NVDA,199.45,199.43,2300,199.42,4300,199.41,2700,199.4,1400,199.39,5000,199.47,2000,199.48,300,199.49,4300,199.5,3700,199.51,2700
2026-07-16 09:46:42.913,NVDA,199.43,199.41,3900,199.4,4100,199.39,500,199.38,3800,199.37,1100,199.45,4300,199.46,800,199.47,1500,199.48,3200,199.49,5000
2026-07-16 09:46:43.273,NVDA,199.42,199.4,3100,199.39,3400,199.38,1600,199.37,2800,199.36,200,199.44,2100,199.45,2400,199.46,2100,199.47,4900,199.48,1100
2026-07-16 09:46:43.621,NVDA,199.42,199.4,3700,199.39,300,199.38,4200,199.37,2200,199.36,4900,199.44,3700,199.45,1500,199.46,3100,199.47,1200,199.48,2200
2026-07-16 09:46:44.036,NVDA,199.43,199.41,1600,199.4,2500,199.39,3600,199.38,1200,199.37,300,199.45,2200,199.46,2500,199.47,2000,199.48,4900,199.49,100
2026-07-16 09:46:44.088,NVDA,199.44,199.42,2600,199.41,1200,199.4,3800,199.39,2300,199.38,4200,199.46,4100,199.47,3800,199.48,4000,199.49,4300,199.5,4600
2026-07-16 09:46:44.331,NVDA,199.43,199.41,2300,199.4,3100,199.39,4900,199.38,4000,199.37,200,199.45,4800,199.46,300,199.47,2700,199.48,100,199.49,5000
2026-07-16 09:46:44.679,NVDA,199.42,199.4,4200,199.39,3000,199.38,2900,199.37,1000,199.36,2500,199.44,2500,199.45,3800,199.46,4700,199.47,300,199.48,4000
2026-07-16 09:46:44.909,NVDA,199.43,199.41,200,199.4,5000,199.39,4200,199.38,100,199.37,2000,199.45,300,199.46,100,199.47,4100,199.48,4200,199.49,200
2026-07-16 09:46:45.232,NVDA,199.42,199.4,1400,199.39,3200,199.38,400,199.37,4200,199.36,3600,199.44,1500,199.45,1200,199.46,3900,199.47,1500,199.48,2700
2026-07-16 09:46:45.332,NVDA,199.44,199.42,1000,199.41,1700,199.4,4200,199.39,5000,199.38,3900,199.46,3900,199.47,4000,199.48,1100,199.49,1400,199.5,1200
2026-07-16 09:46:45.458,NVDA,199.43,199.41,1400,199.4,3000,199.39,4400,199.38,3600,199.37,600,199.45,3300,199.46,4300,199.47,2100,199.48,3300,199.49,2800
2026-07-16 09:46:45.486,NVDA,199.42,199.4,1200,199.39,200,199.38,3300,199.37,2700,199.36,4200,199.44,4700,199.45,3800,199.46,2600,199.47,3200,199.48,3700
2026-07-16 09:46:45.519,NVDA,199.44,199.42,4200,199.41,4400,199.4,3000,199.39,200,199.38,2700,199.46,1400,199.47,4100,199.48,2400,199.49,300,199.5,3800
2026-07-16 09:46:45.975,NVDA,199.45,199.43,2300,199.42,1600,199.41,1600,199.4,1700,199.39,3200,199.47,4300,199.48,4900,199.49,900,199.5,200,199.51,1500
2026-07-16 09:46:46.280,NVDA,199.45,199.43,1600,199.42,4800,199.41,1300,199.4,3300,199.39,3500,199.47,4500,199.48,600,199.49,3100,199.5,2800,199.51,2600
2026-07-16 09:46:46.746,NVDA,199.44,199.42,400,199.41,1700,199.4,2400,199.39,4700,199.38,3500,199.46,2500,199.47,4200,199.48,3900,199.49,2300,199.5,2100
2026-07-16 09:46:46.885,NVDA,199.46,199.44,900,199.43,2700,199.42,2200,199.41,3800,199.4,3000,199.48,4100,199.49,1200,199.5,4700,199.51,700,199.52,4900
2026-07-16 09:46:47.267,NVDA,199.44,199.42,4400,199.41,600,199.4,1300,199.39,1400,199.38,900,199.46,3800,199.47,2600,199.48,1400,199.49,2600,199.5,1600
2026-07-16 09:46:47.573,NVDA,199.43,199.41,2300,199.4,4100,199.39,1000,199.38,1400,199.37,3700,199.45,4200,199.46,1300,199.47,4200,199.48,4100,199.49,1400
2026-07-16 09:46:47.817,NVDA,199.42,199.4,1300,199.39,600,199.38,4300,199.37,1500,199.36,1400,199.44,300,199.45,400,199.46,4500,199.47,3500,199.48,4200
2026-07-16 09:46:48.049,NVDA,199.4,199.38,1400,199.37,3700,199.36,2200,199.35,600,199.34,4100,199.42,1300,199.43,2900,199.44,1300,199.45,3700,199.46,4000
2026-07-16 09:46:48.491,NVDA,199.39,199.37,2500,199.36,5000,199.35,900,199.34,200,199.33,3700,199.41,2200,199.42,3100,199.43,800,199.44,1300,199.45,3700
2026-07-16 09:46:48.943,NVDA,199.41,199.39,2900,199.38,1100,199.37,2000,199.36,4900,199.35,4600,199.43,900,199.44,5000,199.45,3800,199.46,3800,199.47,5000
2026-07-16 09:46:49.392,NVDA,199.41,199.39,3400,199.38,3900,199.37,3900,199.36,2700,199.35,800,199.43,3900,199.44,2800,199.45,2300,199.46,3100,199.47,2100
2026-07-16 09:46:49.660,NVDA,199.39,199.37,1300,199.36,200,199.35,1500,199.34,1600,199.33,2600,199.41,2700,199.42,2100,199.43,700,199.44,3700,199.45,2200
2026-07-16 09:46:49.840,NVDA,199.37,199.35,4500,199.34,2000,199.33,3000,199.32,4900,199.31,5000,199.39,500,199.4,400,199.41,3200,199.42,3800,199.43,3500
2026-07-16 09:46:50.161,NVDA,199.37,199.35,3300,199.34,2800,199.33,3600,199.32,2300,199.31,2200,199.39,1900,199.4,3000,199.41,2000,199.42,4100,199.43,3000
2026-07-16 09:46:50.585,NVDA,199.38,199.36,900,199.35,4400,199.34,3100,199.33,3500,199.32,3700,199.4,4900,199.41,2500,199.42,1500,199.43,4600,199.44,500
2026-07-16 09:46:51.037,NVDA,199.38,199.36,2300,199.35,2100,199.34,3300,199.33,200,199.32,2000,199.4,1500,199.41,5000,199.42,1500,199.43,1700,199.44,3900
2026-07-16 09:46:51.422,NVDA,199.36,199.34,2000,199.33,2800,199.32,3400,199.31,4300,199.3,1900,199.38,3800,199.39,900,199.4,3700,199.41,1100,199.42,900
2026-07-16 09:46:51.530,NVDA,199.35,199.33,2700,199.32,600,199.31,4000,199.3,1700,199.29,4900,199.37,1300,199.38,3200,199.39,1000,199.4,2000,199.41,2900
2026-07-16 09:46:51.632,NVDA,199.34,199.32,800,199.31,4600,199.3,1100,199.29,1200,199.28,3800,199.36,4500,199.37,900,199.38,4900,199.39,2600,199.4,2400
2026-07-16 09:46:51.889,NVDA,199.33,199.31,2600,199.3,4000,199.29,5000,199.28,4300,199.27,4700,199.35,2900,199.36,1900,199.37,1200,199.38,800,199.39,1400
2026-07-16 09:46:52.147,NVDA,199.34,199.32,4400,199.31,1700,199.3,3800,199.29,3900,199.28,3800,199.36,2700,199.37,4000,199.38,3500,199.39,1600,199.4,200
2026-07-16 09:46:52.496,NVDA,199.34,199.32,2900,199.31,2900,199.3,4000,199.29,200,199.28,4200,199.36,2900,199.37,1200,199.38,2000,199.39,600,199.4,2200
2026-07-16 09:46:52.678,NVDA,199.32,199.3,300,199.29,4600,199.28,4300,199.27,100,199.26,2300,199.34,2800,199.35,3700,199.36,4900,199.37,800,199.38,4800
2026-07-16 09:46:52.975,NVDA,199.33,199.31,4000,199.3,3200,199.29,2600,199.28,3700,199.27,4000,199.35,3200,199.36,2600,199.37,700,199.38,1700,199.39,4100
2026-07-16 09:46:53.153,NVDA,199.31,199.29,3900,199.28,1800,199.27,800,199.26,4600,199.25,3300,199.33,1100,199.34,4300,199.35,1100,199.36,700,199.37,2200
2026-07-16 09:46:53.199,NVDA,199.29,199.27,800,199.26,2100,199.25,3900,199.24,500,199.23,1500,199.31,500,199.32,5000,199.33,700,199.34,2900,199.35,3800
2026-07-16 09:46:53.341,NVDA,199.31,199.29,200,199.28,3400,199.27,2400,199.26,2500,199.25,3200,199.33,3300,199.34,3900,199.35,1800,199.36,700,199.37,4700
2026-07-16 09:46:53.451,NVDA,199.31,199.29,1100,199.28,5000,199.27,3600,199.26,2800,199.25,4700,199.33,2200,199.34,3100,199.35,2200,199.36,5000,199.37,3900
2026-07-16 09:46:53.674,NVDA,199.31,199.29,600,199.28,600,199.27,2900,199.26,1500,199.25,4500,199.33,5000,199.34,3200,199.35,1000,199.36,3900,199.37,2200
2026-07-16 09:46:53.707,NVDA,199.33,199.31,4400,199.3,2200,199.29,1700,199.28,3500,199.27,1100,199.35,4100,199.36,5000,199.37,2100,199.38,200,199.39,1000
2026-07-16 09:46:53.874,NVDA,199.32,199.3,3800,199.29,2200,199.28,4600,199.27,500,199.26,1200,199.34,3800,199.35,4800,199.36,3600,199.37,4000,199.38,2600
2026-07-16 09:46:53.993,NVDA,199.34,199.32,400,199.31,4200,199.3,3000,199.29,2000,199.28,2500,199.36,4400,199.37,3800,199.38,400,199.39,4100,199.4,3200
2026-07-16 09:46:54.248,NVDA,199.36,199.34,4200,199.33,1500,199.32,100,199.31,1500,199.3,900,199.38,4100,199.39,600,199.4,300,199.41,500,199.42,1700
2026-07-16 09:46:54.453,NVDA,199.37,199.35,2200,199.34,400,199.33,3400,199.32,4300,199.31,3400,199.39,600,199.4,2600,199.41,3000,199.42,3500,199.43,500
2026-07-16 09:46:54.650,NVDA,199.35,199.33,4800,199.32,1200,199.31,1300,199.3,1700,199.29,600,199.37,3400,199.38,2600,199.39,1500,199.4,3400,199.41,2800
2026-07-16 09:46:54.769,NVDA,199.35,199.33,1500,199.32,1500,199.31,700,199.3,3600,199.29,3800,199.37,2300,199.38,4400,199.39,2900,199.4,4600,199.41,4700
2026-07-16 09:46:54.811,NVDA,199.34,199.32,3200,199.31,4800,199.3,4800,199.29,4300,199.28,4700,199.36,2700,199.37,3400,199.38,2200,199.39,300,199.4,3200
2026-07-16 09:46:55.267,NVDA,199.36,199.34,1500,199.33,3300,199.32,400,199.31,4600,199.3,3200,199.38,800,199.39,4800,199.4,2800,199.41,4500,199.42,4800
2026-07-16 09:46:55.453,NVDA,199.34,199.32,3200,199.31,3700,199.3,600,199.29,4500,199.28,3900,199.36,1200,199.37,2100,199.38,2400,199.39,2300,199.4,3200
2026-07-16 09:46:55.507,NVDA,199.33,199.31,4200,199.3,900,199.29,800,199.28,4500,199.27,400,199.35,3200,199.36,2600,199.37,4000,199.38,3800,199.39,3000
2026-07-16 09:46:55.793,NVDA,199.35,199.33,4200,199.32,4000,199.31,3600,199.3,1000,199.29,3200,199.37,2600,199.38,500,199.39,2500,199.4,4300,199.41,400
2026-07-16 09:46:56.059,NVDA,199.36,199.34,2000,199.33,4800,199.32,4900,199.31,100,199.3,4600,199.38,1600,199.39,2100,199.4,1700,199.41,3600,199.42,1600
2026-07-16 09:46:56.120,NVDA,199.36,199.34,1200,199.33,3200,199.32,4100,199.31,2600,199.3,3900,199.38,2400,199.39,1300,199.4,3500,199.41,4400,199.42,2400
2026-07-16 09:46:56.572,NVDA,199.34,199.32,2600,199.31,400,199.3,3400,199.29,2700,199.28,2500,199.36,4700,199.37,4100,199.38,1800,199.39,3800,199.4,3500
2026-07-16 09:46:56.625,NVDA,199.33,199.31,3000,199.3,2800,199.29,3100,199.28,1400,199.27,700,199.35,3600,199.36,3100,199.37,4400,199.38,300,199.39,2000
2026-07-16 09:46:56.736,NVDA,199.32,199.3,4300,199.29,3800,199.28,3400,199.27,2300,199.26,4300,199.34,1100,199.35,4900,199.36,4700,199.37,3000,199.38,3000
2026-07-16 09:46:56.762,NVDA,199.32,199.3,1000,199.29,3800,199.28,1400,199.27,3900,199.26,5000,199.34,1700,199.35,1100,199.36,800,199.37,5000,199.38,100
2026-07-16 09:46:57.048,NVDA,199.3,199.28,3900,199.27,1300,199.26,1500,199.25,2900,199.24,3200,199.32,4800,199.33,2500,199.34,1300,199.35,2800,199.36,1000
2026-07-16 09:46:57.186,NVDA,199.29,199.27,500,199.26,4700,199.25,100,199.24,1300,199.23,2200,199.31,3100,199.32,2600,199.33,1800,199.34,4200,199.35,4400
2026-07-16 09:46:57.332,NVDA,199.29,199.27,2600,199.26,2800,199.25,4300,199.24,3600,199.23,600,199.31,700,199.32,800,199.33,2800,199.34,1600,199.35,3100
2026-07-16 09:46:57.769,NVDA,199.3,199.28,1000,199.27,3900,199.26,1800,199.25,3400,199.24,3300,199.32,4400,199.33,4600,199.34,4700,199.35,5000,199.36,2200
2026-07-16 09:46:57.830,NVDA,199.32,199.3,3500,199.29,3100,199.28,1300,199.27,1100,199.26,600,199.34,2400,199.35,1700,199.36,700,199.37,2500,199.38,4600
2026-07-16 09:46:58.034,NVDA,199.34,199.32,1300,199.31,2500,199.3,200,199.29,2400,199.28,100,199.36,4900,199.37,900,199.38,3500,199.39,1800,199.4,3300
2026-07-16 09:46:58.463,NVDA,199.33,199.31,2400,199.3,4500,199.29,400,199.28,100,199.27,3100,199.35,2200,199.36,4300,199.37,200,199.38,1800,199.39,3800
2026-07-16 09:46:58.538,NVDA,199.32,199.3,1700,199.29,1100,199.28,4900,199.27,4900,199.26,4200,199.34,1600,199.35,1200,199.36,1500,199.37,3400,199.38,2900
2026-07-16 09:46:58.754,NVDA,199.32,199.3,2100,199.29,3100,199.28,1700,199.27,3700,199.26,1300,199.34,1500,199.35,3600,199.36,500,199.37,2600,199.38,1300
2026-07-16 09:46:58.943,NVDA,199.33,199.31,2900,199.3,2000,199.29,3100,199.28,3800,199.27,3800,199.35,4700,199.36,4800,199.37,4400,199.38,4500,199.39,3300
2026-07-16 09:46:59.244,NVDA,199.33,199.31,1700,199.3,800,199.29,600,199.28,3400,199.27,700,199.35,2400,199.36,1200,199.37,3900,199.38,3500,199.39,200
2026-07-16 09:46:59.288,NVDA,199.35,199.33,900,199.32,1600,199.31,1500,199.3,1500,199.29,3300,199.37,3500,199.38,1000,199.39,3700,199.4,3300,199.41,3600
2026-07-16 09:46:59.326,NVDA,199.34,199.32,4900,199.31,4000,199.3,4400,199.29,3000,199.28,3700,199.36,1600,199.37,1400,199.38,3400,199.39,4900,199.4,100
2026-07-16 09:46:59.528,NVDA,199.34,199.32,2300,199.31,2900,199.3,1500,199.29,2800,199.28,1200,199.36,4000,199.37,300,199.38,3700,199.39,3200,199.4,1200
2026-07-16 09:46:59.759,NVDA,199.32,199.3,1500,199.29,300,199.28,400,199.27,2400,199.26,3900,199.34,1300,199.35,1100,199.36,1100,199.37,2600,199.38,3300
2026-07-16 09:46:59.924,NVDA,199.34,199.32,3700,199.31,1600,199.3,500,199.29,2400,199.28,5000,199.36,3800,199.37,3400,199.38,4900,199.39,2700,199.4,3200
2026-07-16 09:47:00.276,NVDA,199.34,199.32,4200,199.31,2900,199.3,2000,199.29,800,199.28,2200,199.36,1100,199.37,900,199.38,4100,199.39,1100,199.4,700
2026-07-16 09:47:00.667,NVDA,199.33,199.31,1700,199.3,4100,199.29,4600,199.28,3000,199.27,3700,199.35,2300,199.36,500,199.37,4400,199.38,1500,199.39,4600
2026-07-16 09:47:00.959,NVDA,199.33,199.31,2500,199.3,3900,199.29,2600,199.28,2900,199.27,3600,199.35,900,199.36,2200,199.37,3600,199.38,2800,199.39,3200
2026-07-16 09:47:01.253,NVDA,199.31,199.29,600,199.28,2800,199.27,4100,199.26,1700,199.25,200,199.33,3200,199.34,4400,199.35,2400,199.36,4100,199.37,2700
2026-07-16 09:47:01.545,NVDA,199.31,199.29,3300,199.28,4800,199.27,4200,199.26,3400,199.25,1100,199.33,400,199.34,1300,199.35,400,199.36,3900,199.37,4600
2026-07-16 09:47:02.008,NVDA,199.32,199.3,200,199.29,4000,199.28,3200,199.27,2300,199.26,1400,199.34,4800,199.35,3100,199.36,1400,199.37,1000,199.38,3700
2026-07-16 09:47:02.190,NVDA,199.32,199.3,1200,199.29,4300,199.28,200,199.27,3600,199.26,4100,199.34,5000,199.35,4100,199.36,400,199.37,3600,199.38,2800
2026-07-16 09:47:02.510,NVDA,199.33,199.31,3600,199.3,3700,199.29,4500,199.28,2300,199.27,2400,199.35,4700,199.36,1000,199.37,4900,199.38,2300,199.39,3400
2026-07-16 09:47:02.605,NVDA,199.34,199.32,1500,199.31,3200,199.3,1600,199.29,1500,199.28,1800,199.36,2500,199.37,4600,199.38,4900,199.39,3000,199.4,400
2026-07-16 09:47:03.047,NVDA,199.36,199.34,4700,199.33,4000,199.32,4700,199.31,600,199.3,4100,199.38,2000,199.39,2400,199.4,4500,199.41,4100,199.42,100
2026-07-16 09:47:03.491,NVDA,199.36,199.34,700,199.33,300,199.32,3600,199.31,900,199.3,2100,199.38,4200,199.39,4500,199.4,2200,199.41,1800,199.42,3200
2026-07-16 09:47:03.591,NVDA,199.37,199.35,1100,199.34,300,199.33,1600,199.32,3000,199.31,3800,199.39,5000,199.4,1700,199.41,1800,199.42,4200,199.43,2200
2026-07-16 09:47:04.050,NVDA,199.36,199.34,4700,199.33,3300,199.32,4400,199.31,4200,199.3,1000,199.38,600,199.39,4900,199.4,4000,199.41,3200,199.42,4800
2026-07-16 09:47:04.453,NVDA,199.36,199.34,1900,199.33,5000,199.32,2500,199.31,2300,199.3,4500,199.38,2100,199.39,900,199.4,800,199.41,1500,199.42,4400
2026-07-16 09:47:04.869,NVDA,199.35,199.33,3300,199.32,600,199.31,1400,199.3,300,199.29,5000,199.37,2300,199.38,4000,199.39,2600,199.4,3300,199.41,1400
2026-07-16 09:47:05.353,NVDA,199.36,199.34,4400,199.33,2800,199.32,1100,199.31,700,199.3,4100,199.38,500,199.39,2200,199.4,200,199.41,2300,199.42,3300
2026-07-16 09:47:05.757,NVDA,199.36,199.34,3000,199.33,4800,199.32,3000,199.31,1500,199.3,1200,199.38,4500,199.39,3000,199.4,200,199.41,4900,199.42,100
2026-07-16 09:47:05.881,NVDA,199.37,199.35,4300,199.34,600,199.33,3500,199.32,2900,199.31,500,199.39,4000,199.4,5000,199.41,700,199.42,600,199.43,2800
2026-07-16 09:47:06.009,NVDA,199.36,199.34,500,199.33,3700,199.32,3000,199.31,4900,199.3,4900,199.38,400,199.39,3700,199.4,1700,199.41,1700,199.42,1700
2026-07-16 09:47:06.080,NVDA,199.36,199.34,1200,199.33,4900,199.32,1800,199.31,3800,199.3,4500,199.38,3500,199.39,2800,199.4,4500,199.41,3300,199.42,500
2026-07-16 09:47:06.154,NVDA,199.35,199.33,2900,199.32,1300,199.31,1200,199.3,2400,199.29,4600,199.37,3100,199.38,400,199.39,3400,199.4,2900,199.41,2500
2026-07-16 09:47:06.433,NVDA,199.34,199.32,1200,199.31,1900,199.3,2400,199.29,3200,199.28,3300,199.36,600,199.37,600,199.38,4100,199.39,300,199.4,3800
2026-07-16 09:47:06.449,NVDA,199.34,199.32,3000,199.31,1800,199.3,2800,199.29,1600,199.28,4000,199.36,1100,199.37,1000,199.38,3100,199.39,2000,199.4,800
2026-07-16 09:47:06.938,NVDA,199.34,199.32,3900,199.31,2500,199.3,3400,199.29,1400,199.28,3600,199.36,4900,199.37,2100,199.38,2900,199.39,3300,199.4,3700
2026-07-16 09:47:07.389,NVDA,199.34,199.32,400,199.31,1200,199.3,3100,199.29,1900,199.28,3100,199.36,2500,199.37,900,199.38,3300,199.39,3800,199.4,4700
2026-07-16 09:47:07.766,NVDA,199.35,199.33,2900,199.32,4500,199.31,2100,199.3,500,199.29,2400,199.37,1600,199.38,4900,199.39,4400,199.4,2900,199.41,200
2026-07-16 09:47:07.827,NVDA,199.36,199.34,3800,199.33,3800,199.32,4900,199.31,2700,199.3,700,199.38,1900,199.39,100,199.4,4100,199.41,600,199.42,2500
2026-07-16 09:47:08.243,NVDA,199.34,199.32,2400,199.31,1800,199.3,700,199.29,600,199.28,4100,199.36,2400,199.37,1200,199.38,4100,199.39,1800,199.4,4700
2026-07-16 09:47:08.410,NVDA,199.36,199.34,100,199.33,2900,199.32,200,199.31,300,199.3,1200,199.38,1500,199.39,1600,199.4,3300,199.41,1600,199.42,1000
2026-07-16 09:47:08.664,NVDA,199.34,199.32,3000,199.31,1800,199.3,1300,199.29,3600,199.28,3900,199.36,3200,199.37,3400,199.38,3800,199.39,3700,199.4,2800
2026-07-16 09:47:09.017,NVDA,199.32,199.3,1000,199.29,3800,199.28,4700,199.27,2800,199.26,3200,199.34,4800,199.35,1300,199.36,3000,199.37,4500,199.38,2400
2026-07-16 09:47:09.190,NVDA,199.32,199.3,1700,199.29,5000,199.28,100,199.27,3700,199.26,3500,199.34,4000,199.35,200,199.36,2500,199.37,700,199.38,4600
2026-07-16 09:47:09.297,NVDA,199.3,199.28,4800,199.27,1500,199.26,3900,199.25,2400,199.24,2200,199.32,100,199.33,2700,199.34,5000,199.35,1700,199.36,4400
2026-07-16 09:47:09.385,NVDA,199.28,199.26,300,199.25,4900,199.24,3400,199.23,400,199.22,3000,199.3,500,199.31,4600,199.32,1500,199.33,100,199.34,1800
2026-07-16 09:47:09.809,NVDA,199.29,199.27,3300,199.26,2800,199.25,300,199.24,100,199.23,3800,199.31,2000,199.32,2700,199.33,2300,199.34,1000,199.35,1000
2026-07-16 09:47:10.282,NVDA,199.28,199.26,4300,199.25,3700,199.24,200,199.23,2300,199.22,400,199.3,200,199.31,2700,199.32,500,199.33,1600,199.34,1800
2026-07-16 09:47:10.337,NVDA,199.29,199.27,3600,199.26,3900,199.25,3400,199.24,3300,199.23,4600,199.31,800,199.32,700,199.33,4100,199.34,3300,199.35,1000
2026-07-16 09:47:10.432,NVDA,199.27,199.25,2500,199.24,3200,199.23,3500,199.22,4000,199.21,600,199.29,4800,199.3,200,199.31,500,199.32,3300,199.33,500
2026-07-16 09:47:10.614,NVDA,199.25,199.23,1800,199.22,2800,199.21,2500,199.2,1100,199.19,4600,199.27,300,199.28,1500,199.29,4300,199.3,1000,199.31,500
2026-07-16 09:47:11.086,NVDA,199.26,199.24,4100,199.23,4200,199.22,3900,199.21,4900,199.2,2000,199.28,4000,199.29,1600,199.3,4200,199.31,3800,199.32,4500
2026-07-16 09:47:11.566,NVDA,199.26,199.24,4600,199.23,600,199.22,500,199.21,2500,199.2,1400,199.28,500,199.29,2200,199.3,3400,199.31,4500,199.32,2300
2026-07-16 09:47:11.764,NVDA,199.25,199.23,2100,199.22,4200,199.21,2800,199.2,2400,199.19,4400,199.27,2100,199.28,1500,199.29,4600,199.3,800,199.31,4700
2026-07-16 09:47:12.065,NVDA,199.27,199.25,3200,199.24,1000,199.23,2500,199.22,2000,199.21,300,199.29,2200,199.3,700,199.31,2500,199.32,2100,199.33,4900
2026-07-16 09:47:12.436,NVDA,199.26,199.24,2500,199.23,4300,199.22,2400,199.21,600,199.2,2200,199.28,3300,199.29,2500,199.3,1400,199.31,1200,199.32,2000
2026-07-16 09:47:12.485,NVDA,199.26,199.24,1400,199.23,300,199.22,4600,199.21,4500,199.2,5000,199.28,200,199.29,4100,199.3,3300,199.31,100,199.32,3400
2026-07-16 09:47:12.548,NVDA,199.28,199.26,4300,199.25,3200,199.24,4100,199.23,2200,199.22,4500,199.3,5000,199.31,1600,199.32,3400,199.33,4400,199.34,2400
2026-07-16 09:47:12.996,NVDA,199.3,199.28,2600,199.27,3900,199.26,200,199.25,2200,199.24,2900,199.32,1700,199.33,100,199.34,900,199.35,4300,199.36,1800
2026-07-16 09:47:13.439,NVDA,199.28,199.26,1400,199.25,900,199.24,400,199.23,1900,199.22,3400,199.3,1200,199.31,3900,199.32,1600,199.33,3400,199.34,4800
2026-07-16 09:47:13.876,NVDA,199.3,199.28,4100,199.27,1600,199.26,4000,199.25,2400,199.24,3000,199.32,2200,199.33,2400,199.34,4700,199.35,4100,199.36,3600
2026-07-16 09:47:14.195,NVDA,199.31,199.29,200,199.28,2800,199.27,100,199.26,1700,199.25,3200,199.33,2800,199.34,3600,199.35,4300,199.36,3700,199.37,600
2026-07-16 09:47:14.308,NVDA,199.32,199.3,1900,199.29,4700,199.28,1100,199.27,4900,199.26,1800,199.34,2700,199.35,2600,199.36,4100,199.37,4100,199.38,5000
2026-07-16 09:47:14.795,NVDA,199.33,199.31,2200,199.3,400,199.29,2200,199.28,400,199.27,3400,199.35,3300,199.36,2500,199.37,1600,199.38,3600,199.39,4300
2026-07-16 09:47:15.246,NVDA,199.34,199.32,500,199.31,300,199.3,2900,199.29,2600,199.28,2900,199.36,400,199.37,100,199.38,2700,199.39,100,199.4,3100
2026-07-16 09:47:15.279,NVDA,199.33,199.31,3500,199.3,2300,199.29,3700,199.28,4000,199.27,1500,199.35,2500,199.36,1500,199.37,4300,199.38,100,199.39,400
2026-07-16 09:47:15.496,NVDA,199.32,199.3,800,199.29,4400,199.28,3600,199.27,3500,199.26,3700,199.34,4800,199.35,1500,199.36,1300,199.37,2600,199.38,200
2026-07-16 09:47:15.775,NVDA,199.3,199.28,700,199.27,300,199.26,300,199.25,1400,199.24,3700,199.32,2700,199.33,3800,199.34,2900,199.35,3400,199.36,4300
2026-07-16 09:47:15.831,NVDA,199.3,199.28,600,199.27,1800,199.26,2300,199.25,4100,199.24,3000,199.32,2100,199.33,600,199.34,100,199.35,3000,199.36,2100
2026-07-16 09:47:15.891,NVDA,199.29,199.27,3400,199.26,2100,199.25,2200,199.24,2200,199.23,2700,199.31,400,199.32,1200,199.33,1100,199.34,900,199.35,2800
2026-07-16 09:47:16.124,NVDA,199.29,199.27,4100,199.26,3200,199.25,1200,199.24,4600,199.23,200,199.31,4800,199.32,1600,199.33,4600,199.34,1800,199.35,4800
2026-07-16 09:47:16.623,NVDA,199.29,199.27,4900,199.26,2900,199.25,2700,199.24,600,199.23,500,199.31,200,199.32,1600,199.33,2700,199.34,1700,199.35,4300
2026-07-16 09:47:16.872,NVDA,199.28,199.26,2200,199.25,500,199.24,4600,199.23,3800,199.22,2400,199.3,3000,199.31,1000,199.32,900,199.33,2400,199.34,3800
2026-07-16 09:47:16.905,NVDA,199.29,199.27,1900,199.26,4500,199.25,4200,199.24,4500,199.23,2200,199.31,2200,199.32,2600,199.33,4600,199.34,4700,199.35,2200
2026-07-16 09:47:17.076,NVDA,199.29,199.27,3300,199.26,1800,199.25,4300,199.24,600,199.23,100,199.31,200,199.32,3300,199.33,900,199.34,1200,199.35,4600
2026-07-16 09:47:17.448,NVDA,199.31,199.29,3500,199.28,3000,199.27,2800,199.26,4100,199.25,4100,199.33,4100,199.34,2600,199.35,2300,199.36,3400,199.37,2600
2026-07-16 09:47:17.916,NVDA,199.3,199.28,5000,199.27,1800,199.26,1000,199.25,2200,199.24,3600,199.32,4400,199.33,4600,199.34,4100,199.35,1400,199.36,1800
2026-07-16 09:47:18.104,NVDA,199.29,199.27,2600,199.26,4600,199.25,2000,199.24,3300,199.23,3600,199.31,3700,199.32,3500,199.33,3300,199.34,4400,199.35,2300
2026-07-16 09:47:18.597,NVDA,199.3,199.28,4700,199.27,100,199.26,3900,199.25,4700,199.24,2000,199.32,3100,199.33,4500,199.34,3600,199.35,1700,199.36,2500
2026-07-16 09:47:19.071,NVDA,199.29,199.27,2100,199.26,2700,199.25,400,199.24,2000,199.23,300,199.31,600,199.32,4700,199.33,600,199.34,100,199.35,3700
2026-07-16 09:47:19.483,NVDA,199.29,199.27,2700,199.26,1600,199.25,2800,199.24,4100,199.23,4900,199.31,3800,199.32,1000,199.33,1800,199.34,3100,199.35,700
2026-07-16 09:47:19.507,NVDA,199.29,199.27,800,199.26,3100,199.25,1800,199.24,800,199.23,900,199.31,1400,199.32,200,199.33,4300,199.34,500,199.35,3000
2026-07-16 09:47:19.813,NVDA,199.27,199.25,2800,199.24,1400,199.23,2100,199.22,2700,199.21,2400,199.29,300,199.3,300,199.31,4600,199.32,3300,199.33,1500
2026-07-16 09:47:20.304,NVDA,199.29,199.27,1800,199.26,4400,199.25,1700,199.24,5000,199.23,1500,199.31,200,199.32,900,199.33,300,199.34,1500,199.35,3200
2026-07-16 09:47:20.350,NVDA,199.27,199.25,1600,199.24,600,199.23,3800,199.22,1300,199.21,1800,199.29,4400,199.3,3700,199.31,700,199.32,3600,199.33,4700
2026-07-16 09:47:20.367,NVDA,199.29,199.27,4900,199.26,4700,199.25,4300,199.24,2900,199.23,3800,199.31,1500,199.32,4100,199.33,2900,199.34,3700,199.35,1300
2026-07-16 09:47:20.619,NVDA,199.31,199.29,4100,199.28,3500,199.27,100,199.26,1400,199.25,3500,199.33,3000,199.34,4500,199.35,1700,199.36,300,199.37,700
2026-07-16 09:47:20.686,NVDA,199.29,199.27,3000,199.26,4400,199.25,1700,199.24,4100,199.23,4500,199.31,4100,199.32,2800,199.33,3200,199.34,1600,199.35,900
2026-07-16 09:47:20.772,NVDA,199.28,199.26,700,199.25,4800,199.24,1600,199.23,4300,199.22,4200,199.3,200,199.31,700,199.32,1100,199.33,4300,199.34,900
2026-07-16 09:47:21.117,NVDA,199.27,199.25,3200,199.24,1200,199.23,5000,199.22,2000,199.21,4500,199.29,2300,199.3,2500,199.31,2100,199.32,2300,199.33,3200
2026-07-16 09:47:21.360,NVDA,199.28,199.26,100,199.25,3200,199.24,1700,199.23,3200,199.22,4100,199.3,2200,199.31,1800,199.32,2100,199.33,2900,199.34,1800
2026-07-16 09:47:21.672,NVDA,199.28,199.26,4600,199.25,1900,199.24,3500,199.23,2200,199.22,1700,199.3,4600,199.31,2400,199.32,2100,199.33,3400,199.34,3500
2026-07-16 09:47:21.733,NVDA,199.26,199.24,2800,199.23,2500,199.22,4900,199.21,4900,199.2,500,199.28,100,199.29,2200,199.3,1300,199.31,4300,199.32,3400
2026-07-16 09:47:22.149,NVDA,199.24,199.22,2100,199.21,4200,199.2,1200,199.19,3100,199.18,4700,199.26,300,199.27,300,199.28,3200,199.29,4800,199.3,4400
2026-07-16 09:47:22.614,NVDA,199.22,199.2,1300,199.19,3900,199.18,400,199.17,2700,199.16,4200,199.24,4300,199.25,1400,199.26,2500,199.27,400,199.28,3100
2026-07-16 09:47:23.040,NVDA,199.23,199.21,4500,199.2,3000,199.19,1200,199.18,3500,199.17,500,199.25,2300,199.26,4900,199.27,1900,199.28,5000,199.29,200
2026-07-16 09:47:23.055,NVDA,199.25,199.23,2400,199.22,2300,199.21,1500,199.2,4700,199.19,800,199.27,500,199.28,800,199.29,2000,199.3,4300,199.31,5000
2026-07-16 09:47:23.116,NVDA,199.25,199.23,4200,199.22,2600,199.21,700,199.2,4500,199.19,2300,199.27,1700,199.28,2000,199.29,900,199.3,2700,199.31,3900
2026-07-16 09:47:23.203,NVDA,199.23,199.21,1500,199.2,400,199.19,4600,199.18,3300,199.17,2600,199.25,4800,199.26,300,199.27,300,199.28,3700,199.29,3200
2026-07-16 09:47:23.380,NVDA,199.22,199.2,3600,199.19,5000,199.18,4000,199.17,1100,199.16,1300,199.24,4400,199.25,2400,199.26,2300,199.27,1500,199.28,600
2026-07-16 09:47:23.849,NVDA,199.22,199.2,3600,199.19,4700,199.18,3200,199.17,200,199.16,3500,199.24,2700,199.25,3900,199.26,2500,199.27,2600,199.28,4800
2026-07-16 09:47:23.869,NVDA,199.2,199.18,2900,199.17,900,199.16,3000,199.15,3900,199.14,1100,199.22,100,199.23,900,199.24,2800,199.25,4300,199.26,2400
2026-07-16 09:47:24.227,NVDA,199.22,199.2,2300,199.19,5000,199.18,2200,199.17,1500,199.16,1100,199.24,3000,199.25,3300,199.26,4300,199.27,4300,199.28,700
2026-07-16 09:47:24.330,NVDA,199.22,199.2,400,199.19,2200,199.18,3800,199.17,4900,199.16,3700,199.24,3600,199.25,3800,199.26,1900,199.27,3200,199.28,700
2026-07-16 09:47:24.386,NVDA,199.23,199.21,4600,199.2,4200,199.19,2200,199.18,3000,199.17,4800,199.25,500,199.26,400,199.27,2900,199.28,1700,199.29,3800
2026-07-16 09:47:24.756,NVDA,199.22,199.2,3700,199.19,5000,199.18,800,199.17,700,199.16,2600,199.24,4500,199.25,1400,199.26,1000,199.27,2900,199.28,4200
2026-07-16 09:47:25.084,NVDA,199.23,199.21,3000,199.2,1000,199.19,2000,199.18,800,199.17,3100,199.25,1800,199.26,4900,199.27,3700,199.28,3600,199.29,900
2026-07-16 09:47:25.299,NVDA,199.22,199.2,1300,199.19,3800,199.18,2700,199.17,1300,199.16,800,199.24,300,199.25,500,199.26,2200,199.27,1800,199.28,2600
2026-07-16 09:47:25.765,NVDA,199.21,199.19,3200,199.18,2500,199.17,1500,199.16,1800,199.15,3400,199.23,3800,199.24,4600,199.25,300,199.26,100,199.27,500
2026-07-16 09:47:26.208,NVDA,199.22,199.2,1900,199.19,3300,199.18,4100,199.17,3800,199.16,100,199.24,200,199.25,4000,199.26,2200,199.27,3200,199.28,2200
2026-07-16 09:47:26.411,NVDA,199.24,199.22,1400,199.21,3900,199.2,300,199.19,2500,199.18,3800,199.26,4800,199.27,2500,199.28,4000,199.29,2400,199.3,800
2026-07-16 09:47:26.822,NVDA,199.23,199.21,1100,199.2,4900,199.19,1700,199.18,4200,199.17,2600,199.25,100,199.26,3200,199.27,3500,199.28,2400,199.29,2200
2026-07-16 09:47:27.034,NVDA,199.23,199.21,1800,199.2,5000,199.19,3200,199.18,300,199.17,4600,199.25,1100,199.26,3700,199.27,1500,199.28,2800,199.29,2800
2026-07-16 09:47:27.176,NVDA,199.25,199.23,1300,199.22,2600,199.21,3700,199.2,4300,199.19,3400,199.27,400,199.28,4500,199.29,4100,199.3,1000,199.31,3700
2026-07-16 09:47:27.662,NVDA,199.25,199.23,4500,199.22,3300,199.21,1100,199.2,3300,199.19,1500,199.27,3200,199.28,1400,199.29,2600,199.3,1900,199.31,4200
2026-07-16 09:47:27.721,NVDA,199.27,199.25,4200,199.24,2800,199.23,4000,199.22,4800,199.21,2200,199.29,1100,199.3,4600,199.31,4200,199.32,3700,199.33,3100
2026-07-16 09:47:27.911,NVDA,199.27,199.25,2000,199.24,100,199.23,1600,199.22,2400,199.21,2100,199.29,2200,199.3,3500,199.31,2200,199.32,4300,199.33,2200
2026-07-16 09:47:28.125,NVDA,199.28,199.26,1200,199.25,900,199.24,3300,199.23,4700,199.22,1200,199.3,1400,199.31,1400,199.32,300,199.33,2000,199.34,1400
2026-07-16 09:47:28.353,NVDA,199.3,199.28,400,199.27,3800,199.26,4300,199.25,2500,199.24,1000,199.32,500,199.33,2300,199.34,4700,199.35,4100,199.36,500
2026-07-16 09:47:28.788,NVDA,199.28,199.26,4200,199.25,1000,199.24,2700,199.23,2600,199.22,1200,199.3,2500,199.31,700,199.32,2000,199.33,3500,199.34,1400
2026-07-16 09:47:28.861,NVDA,199.29,199.27,1000,199.26,2300,199.25,1200,199.24,2700,199.23,2200,199.31,900,199.32,5000,199.33,4900,199.34,2000,199.35,1700
2026-07-16 09:47:28.912,NVDA,199.27,199.25,400,199.24,2700,199.23,3300,199.22,3700,199.21,700,199.29,3100,199.3,4400,199.31,4500,199.32,1500,199.33,4800
2026-07-16 09:47:29.107,NVDA,199.25,199.23,3500,199.22,5000,199.21,600,199.2,400,199.19,4700,199.27,3200,199.28,200,199.29,3000,199.3,1600,199.31,100
2026-07-16 09:47:29.306,NVDA,199.24,199.22,3100,199.21,200,199.2,3200,199.19,2800,199.18,400,199.26,4400,199.27,1600,199.28,4000,199.29,2500,199.3,1100
2026-07-16 09:47:29.422,NVDA,199.24,199.22,2900,199.21,3700,199.2,4000,199.19,1600,199.18,1400,199.26,2600,199.27,1200,199.28,3700,199.29,1700,199.3,600
2026-07-16 09:47:29.793,NVDA,199.26,199.24,2600,199.23,3200,199.22,2600,199.21,1300,199.2,300,199.28,4800,199.29,900,199.3,3800,199.31,1200,199.32,4500
2026-07-16 09:47:29.993,NVDA,199.25,199.23,3200,199.22,3900,199.21,2600,199.2,4100,199.19,2000,199.27,1600,199.28,1800,199.29,5000,199.3,2900,199.31,3900
2026-07-16 09:47:30.016,NVDA,199.23,199.21,3600,199.2,2100,199.19,2500,199.18,3300,199.17,1200,199.25,5000,199.26,3400,199.27,5000,199.28,4800,199.29,3300
2026-07-16 09:47:30.411,NVDA,199.23,199.21,3100,199.2,4700,199.19,3300,199.18,2700,199.17,4600,199.25,4000,199.26,1700,199.27,900,199.28,2200,199.29,2100
2026-07-16 09:47:30.801,NVDA,199.23,199.21,5000,199.2,1700,199.19,4200,199.18,200,199.17,3500,199.25,4100,199.26,100,199.27,1400,199.28,2400,199.29,1100
2026-07-16 09:47:31.300,NVDA,199.22,199.2,5000,199.19,5000,199.18,4100,199.17,2000,199.16,4300,199.24,2700,199.25,3200,199.26,3400,199.27,4000,199.28,600
2026-07-16 09:47:31.668,NVDA,199.22,199.2,400,199.19,1400,199.18,1900,199.17,3000,199.16,1100,199.24,3100,199.25,2600,199.26,3600,199.27,4100,199.28,4600
2026-07-16 09:47:31.759,NVDA,199.24,199.22,3400,199.21,300,199.2,4000,199.19,3400,199.18,2600,199.26,4100,199.27,4100,199.28,200,199.29,2700,199.3,3100
2026-07-16 09:47:31.979,NVDA,199.24,199.22,3200,199.21,1600,199.2,3600,199.19,2300,199.18,3100,199.26,800,199.27,700,199.28,4200,199.29,2400,199.3,4200
2026-07-16 09:47:32.375,NVDA,199.25,199.23,4700,199.22,1200,199.21,1000,199.2,4500,199.19,3900,199.27,1900,199.28,1200,199.29,3000,199.3,2600,199.31,5000
2026-07-16 09:47:32.578,NVDA,199.24,199.22,1600,199.21,2500,199.2,3700,199.19,2000,199.18,1600,199.26,3600,199.27,4900,199.28,2300,199.29,200,199.3,2400
2026-07-16 09:47:32.845,NVDA,199.24,199.22,4900,199.21,1400,199.2,3900,199.19,5000,199.18,2300,199.26,3000,199.27,4800,199.28,3400,199.29,3900,199.3,2400
2026-07-16 09:47:32.878,NVDA,199.23,199.21,3400,199.2,3400,199.19,1900,199.18,3200,199.17,4000,199.25,3100,199.26,900,199.27,2500,199.28,4600,199.29,4300
2026-07-16 09:47:33.188,NVDA,199.24,199.22,5000,199.21,3900,199.2,500,199.19,900,199.18,2800,199.26,1000,199.27,5000,199.28,4300,199.29,4400,199.3,1700
2026-07-16 09:47:33.310,NVDA,199.24,199.22,3000,199.21,2300,199.2,1500,199.19,1300,199.18,100,199.26,2600,199.27,3300,199.28,3400,199.29,400,199.3,1800
2026-07-16 09:47:33.558,NVDA,199.22,199.2,3900,199.19,300,199.18,1500,199.17,2100,199.16,4700,199.24,3200,199.25,1100,199.26,1900,199.27,4400,199.28,4400
2026-07-16 09:47:33.906,NVDA,199.23,199.21,4000,199.2,500,199.19,1200,199.18,2800,199.17,900,199.25,400,199.26,3000,199.27,2900,199.28,1800,199.29,3800
2026-07-16 09:47:34.331,NVDA,199.25,199.23,3300,199.22,3600,199.21,600,199.2,4100,199.19,200,199.27,100,199.28,4600,199.29,4600,199.3,4100,199.31,2200
2026-07-16 09:47:34.650,NVDA,199.24,199.22,2000,199.21,4100,199.2,1000,199.19,1400,199.18,2500,199.26,4500,199.27,1200,199.28,1500,199.29,1700,199.3,1800
2026-07-16 09:47:34.691,NVDA,199.25,199.23,4400,199.22,1100,199.21,2800,199.2,3600,199.19,2200,199.27,1500,199.28,2700,199.29,3600,199.3,3400,199.31,3200
2026-07-16 09:47:34.712,NVDA,199.27,199.25,3300,199.24,400,199.23,3000,199.22,4700,199.21,3300,199.29,300,199.3,4200,199.31,1300,199.32,3400,199.33,2600
2026-07-16 09:47:35.118,NVDA,199.27,199.25,1300,199.24,400,199.23,1600,199.22,5000,199.21,2700,199.29,1600,199.3,4900,199.31,600,199.32,2800,199.33,2500
2026-07-16 09:47:35.617,NVDA,199.28,199.26,3500,199.25,4700,199.24,4700,199.23,700,199.22,2900,199.3,1300,199.31,4100,199.32,400,199.33,2400,199.34,3400
2026-07-16 09:47:35.676,NVDA,199.28,199.26,2700,199.25,1300,199.24,4200,199.23,600,199.22,1800,199.3,3100,199.31,3000,199.32,1500,199.33,700,199.34,4000
2026-07-16 09:47:35.889,NVDA,199.3,199.28,1600,199.27,2000,199.26,300,199.25,2400,199.24,3600,199.32,600,199.33,1400,199.34,4600,199.35,1000,199.36,3600
2026-07-16 09:47:36.028,NVDA,199.28,199.26,3900,199.25,5000,199.24,2600,199.23,2000,199.22,4700,199.3,4700,199.31,2400,199.32,1900,199.33,4200,199.34,3300
2026-07-16 09:47:36.480,NVDA,199.29,199.27,3400,199.26,3000,199.25,3600,199.24,2000,199.23,2600,199.31,2600,199.32,2300,199.33,4900,199.34,4400,199.35,900
2026-07-16 09:47:36.752,NVDA,199.27,199.25,800,199.24,800,199.23,500,199.22,1200,199.21,700,199.29,2700,199.3,100,199.31,1700,199.32,5000,199.33,4700
2026-07-16 09:47:36.820,NVDA,199.27,199.25,3600,199.24,1700,199.23,2800,199.22,2500,199.21,3200,199.29,1200,199.3,300,199.31,4300,199.32,4300,199.33,2000
2026-07-16 09:47:36.916,NVDA,199.26,199.24,3800,199.23,4600,199.22,2300,199.21,3300,199.2,2700,199.28,1400,199.29,4100,199.3,2700,199.31,3200,199.32,3900
2026-07-16 09:47:37.112,NVDA,199.28,199.26,3400,199.25,4100,199.24,2200,199.23,200,199.22,4500,199.3,2500,199.31,4400,199.32,4300,199.33,2000,199.34,400
2026-07-16 09:47:37.398,NVDA,199.28,199.26,3900,199.25,1500,199.24,600,199.23,3400,199.22,4900,199.3,3100,199.31,3300,199.32,2700,199.33,4600,199.34,4900
2026-07-16 09:47:37.463,NVDA,199.27,199.25,400,199.24,2200,199.23,1500,199.22,300,199.21,200,199.29,3400,199.3,2900,199.31,2100,199.32,4600,199.33,3600
2026-07-16 09:47:37.526,NVDA,199.25,199.23,3100,199.22,1200,199.21,1000,199.2,500,199.19,1900,199.27,2100,199.28,2500,199.29,1800,199.3,3500,199.31,3700
2026-07-16 09:47:37.670,NVDA,199.26,199.24,1200,199.23,1500,199.22,1200,199.21,2200,199.2,1800,199.28,4900,199.29,600,199.3,4100,199.31,3000,199.32,700
2026-07-16 09:47:38.169,NVDA,199.25,199.23,4400,199.22,4700,199.21,3600,199.2,2600,199.19,800,199.27,1700,199.28,2500,199.29,3000,199.3,1300,199.31,2000
2026-07-16 09:47:38.418,NVDA,199.23,199.21,1600,199.2,4500,199.19,4000,199.18,3400,199.17,3700,199.25,4100,199.26,2500,199.27,3200,199.28,4600,199.29,3400
2026-07-16 09:47:38.624,NVDA,199.21,199.19,4600,199.18,900,199.17,2400,199.16,1100,199.15,400,199.23,3700,199.24,4700,199.25,1000,199.26,3000,199.27,2700
2026-07-16 09:47:38.964,NVDA,199.21,199.19,900,199.18,1400,199.17,3000,199.16,4400,199.15,3500,199.23,1800,199.24,3600,199.25,1500,199.26,2300,199.27,2800
2026-07-16 09:47:39.419,NVDA,199.2,199.18,3200,199.17,3400,199.16,2700,199.15,3300,199.14,1000,199.22,4200,199.23,400,199.24,5000,199.25,3300,199.26,700
2026-07-16 09:47:39.787,NVDA,199.18,199.16,5000,199.15,400,199.14,1900,199.13,1300,199.12,4900,199.2,3600,199.21,500,199.22,1200,199.23,2900,199.24,2700
2026-07-16 09:47:40.046,NVDA,199.19,199.17,300,199.16,4500,199.15,2700,199.14,4700,199.13,4600,199.21,3500,199.22,600,199.23,3700,199.24,4200,199.25,2700
2026-07-16 09:47:40.197,NVDA,199.19,199.17,1600,199.16,3800,199.15,100,199.14,1700,199.13,1400,199.21,3100,199.22,3600,199.23,1700,199.24,4900,199.25,3200
2026-07-16 09:47:40.415,NVDA,199.19,199.17,1500,199.16,2100,199.15,4600,199.14,3700,199.13,4700,199.21,2900,199.22,1600,199.23,3100,199.24,2500,199.25,1200
2026-07-16 09:47:40.654,NVDA,199.17,199.15,1100,199.14,4400,199.13,1000,199.12,3300,199.11,3300,199.19,2000,199.2,2200,199.21,4100,199.22,1700,199.23,4700
2026-07-16 09:47:40.911,NVDA,199.17,199.15,3300,199.14,4600,199.13,3000,199.12,600,199.11,2300,199.19,4400,199.2,700,199.21,3500,199.22,1800,199.23,3700
2026-07-16 09:47:41.268,NVDA,199.18,199.16,700,199.15,3200,199.14,1800,199.13,5000,199.12,3100,199.2,3100,199.21,3100,199.22,1300,199.23,2800,199.24,4300
2026-07-16 09:47:41.662,NVDA,199.16,199.14,3400,199.13,1800,199.12,2300,199.11,500,199.1,2100,199.18,4500,199.19,500,199.2,3600,199.21,3300,199.22,2700
2026-07-16 09:47:41.792,NVDA,199.15,199.13,2400,199.12,1800,199.11,1600,199.1,3600,199.09,4700,199.17,1900,199.18,3400,199.19,2500,199.2,1600,199.21,600
2026-07-16 09:47:41.918,NVDA,199.14,199.12,2900,199.11,5000,199.1,500,199.09,3600,199.08,1800,199.16,1800,199.17,1600,199.18,3500,199.19,2400,199.2,800
2026-07-16 09:47:42.207,NVDA,199.14,199.12,3800,199.11,5000,199.1,5000,199.09,2000,199.08,1900,199.16,3900,199.17,2200,199.18,600,199.19,2500,199.2,300
2026-07-16 09:47:42.580,NVDA,199.15,199.13,1100,199.12,900,199.11,4700,199.1,2300,199.09,3800,199.17,2900,199.18,4200,199.19,200,199.2,200,199.21,2700
2026-07-16 09:47:42.985,NVDA,199.14,199.12,1600,199.11,4900,199.1,4200,199.09,1200,199.08,1500,199.16,3600,199.17,3000,199.18,2600,199.19,4200,199.2,700
2026-07-16 09:47:43.289,NVDA,199.16,199.14,100,199.13,1700,199.12,1900,199.11,100,199.1,4600,199.18,4900,199.19,3700,199.2,3800,199.21,1500,199.22,4900
2026-07-16 09:47:43.584,NVDA,199.14,199.12,3300,199.11,3100,199.1,1700,199.09,4800,199.08,3700,199.16,3000,199.17,4100,199.18,2000,199.19,1000,199.2,4600
2026-07-16 09:47:43.902,NVDA,199.15,199.13,1600,199.12,4400,199.11,2800,199.1,4100,199.09,1900,199.17,3600,199.18,4500,199.19,4600,199.2,600,199.21,4500
2026-07-16 09:47:44.140,NVDA,199.17,199.15,300,199.14,2900,199.13,3400,199.12,3600,199.11,4900,199.19,2400,199.2,4200,199.21,3400,199.22,2300,199.23,1700
2026-07-16 09:47:44.159,NVDA,199.16,199.14,1100,199.13,1900,199.12,1900,199.11,1900,199.1,1400,199.18,5000,199.19,2100,199.2,1700,199.21,5000,199.22,3500
2026-07-16 09:47:44.658,NVDA,199.18,199.16,300,199.15,3400,199.14,2600,199.13,4200,199.12,800,199.2,3400,199.21,2000,199.22,400,199.23,2800,199.24,3300
2026-07-16 09:47:45.109,NVDA,199.17,199.15,400,199.14,4700,199.13,3000,199.12,4300,199.11,4100,199.19,4500,199.2,3100,199.21,2500,199.22,1000,199.23,2800
2026-07-16 09:47:45.186,NVDA,199.19,199.17,1500,199.16,200,199.15,100,199.14,700,199.13,4000,199.21,800,199.22,4200,199.23,4800,199.24,4000,199.25,800
2026-07-16 09:47:45.468,NVDA,199.17,199.15,3600,199.14,3400,199.13,900,199.12,3300,199.11,4100,199.19,4500,199.2,800,199.21,1700,199.22,4900,199.23,2300
2026-07-16 09:47:45.903,NVDA,199.16,199.14,2700,199.13,4600,199.12,4800,199.11,3400,199.1,1800,199.18,1400,199.19,1400,199.2,3200,199.21,4600,199.22,700
2026-07-16 09:47:46.028,NVDA,199.15,199.13,3300,199.12,2500,199.11,3000,199.1,2500,199.09,2200,199.17,3100,199.18,800,199.19,100,199.2,2900,199.21,800
2026-07-16 09:47:46.273,NVDA,199.17,199.15,2400,199.14,3000,199.13,3800,199.12,2100,199.11,800,199.19,2700,199.2,700,199.21,1500,199.22,900,199.23,1800
2026-07-16 09:47:46.678,NVDA,199.17,199.15,2100,199.14,600,199.13,3300,199.12,1000,199.11,400,199.19,2100,199.2,3100,199.21,3600,199.22,4500,199.23,4300
2026-07-16 09:47:47.177,NVDA,199.18,199.16,3300,199.15,1200,199.14,1400,199.13,2000,199.12,4200,199.2,2600,199.21,1000,199.22,500,199.23,1400,199.24,4700
2026-07-16 09:47:47.481,NVDA,199.17,199.15,4200,199.14,700,199.13,3300,199.12,2300,199.11,3500,199.19,1200,199.2,1500,199.21,4400,199.22,4100,199.23,3600
2026-07-16 09:47:47.622,NVDA,199.16,199.14,3200,199.13,2100,199.12,4300,199.11,1300,199.1,3600,199.18,1800,199.19,1500,199.2,4800,199.21,400,199.22,3800
2026-07-16 09:47:48.025,NVDA,199.17,199.15,4600,199.14,800,199.13,3300,199.12,4200,199.11,5000,199.19,1200,199.2,1900,199.21,2100,199.22,400,199.23,2400
2026-07-16 09:47:48.516,NVDA,199.15,199.13,2400,199.12,2800,199.11,1400,199.1,900,199.09,1500,199.17,3700,199.18,2800,199.19,3300,199.2,1400,199.21,100
2026-07-16 09:47:48.738,NVDA,199.13,199.11,1100,199.1,3700,199.09,4600,199.08,3000,199.07,4100,199.15,2000,199.16,3500,199.17,1300,199.18,3800,199.19,3100
2026-07-16 09:47:48.886,NVDA,199.15,199.13,2200,199.12,1700,199.11,3900,199.1,900,199.09,5000,199.17,1600,199.18,200,199.19,1400,199.2,5000,199.21,4000
2026-07-16 09:47:48.961,NVDA,199.17,199.15,1600,199.14,300,199.13,700,199.12,3500,199.11,1700,199.19,3400,199.2,900,199.21,4600,199.22,4400,199.23,4900
2026-07-16 09:47:49.012,NVDA,199.18,199.16,2500,199.15,2400,199.14,3500,199.13,3300,199.12,800,199.2,3300,199.21,4900,199.22,500,199.23,3900,199.24,2500
2026-07-16 09:47:49.214,NVDA,199.17,199.15,3800,199.14,1300,199.13,4300,199.12,4500,199.11,4400,199.19,1500,199.2,4500,199.21,2000,199.22,500,199.23,4800
2026-07-16 09:47:49.291,NVDA,199.16,199.14,1400,199.13,1200,199.12,4500,199.11,1200,199.1,4000,199.18,3700,199.19,500,199.2,1400,199.21,2200,199.22,4900
2026-07-16 09:47:49.654,NVDA,199.17,199.15,4300,199.14,1800,199.13,4300,199.12,1100,199.11,100,199.19,4300,199.2,500,199.21,900,199.22,300,199.23,300
2026-07-16 09:47:50.142,NVDA,199.16,199.14,3000,199.13,1100,199.12,2000,199.11,1300,199.1,4800,199.18,3100,199.19,2500,199.2,4200,199.21,1900,199.22,4900
2026-07-16 09:47:50.640,NVDA,199.15,199.13,4100,199.12,1400,199.11,1200,199.1,600,199.09,1300,199.17,2300,199.18,5000,199.19,3500,199.2,100,199.21,4200
2026-07-16 09:47:50.879,NVDA,199.15,199.13,2500,199.12,2200,199.11,1900,199.1,1800,199.09,4200,199.17,200,199.18,3700,199.19,4200,199.2,2100,199.21,2300
2026-07-16 09:47:51.366,NVDA,199.14,199.12,1500,199.11,300,199.1,600,199.09,4500,199.08,2300,199.16,4900,199.17,1400,199.18,3600,199.19,900,199.2,3500
2026-07-16 09:47:51.543,NVDA,199.15,199.13,2800,199.12,3000,199.11,900,199.1,2900,199.09,2700,199.17,2600,199.18,3300,199.19,1500,199.2,300,199.21,2000
2026-07-16 09:47:51.957,NVDA,199.13,199.11,4400,199.1,3300,199.09,4300,199.08,1100,199.07,4100,199.15,1300,199.16,1400,199.17,2600,199.18,900,199.19,4700
2026-07-16 09:47:52.218,NVDA,199.15,199.13,200,199.12,3200,199.11,1800,199.1,1000,199.09,3400,199.17,4000,199.18,2300,199.19,3900,199.2,4100,199.21,1400
2026-07-16 09:47:52.367,NVDA,199.14,199.12,3800,199.11,1700,199.1,4200,199.09,4700,199.08,1400,199.16,4200,199.17,4200,199.18,4700,199.19,2000,199.2,3900
2026-07-16 09:47:52.394,NVDA,199.15,199.13,5000,199.12,2800,199.11,1000,199.1,2800,199.09,500,199.17,3800,199.18,1400,199.19,300,199.2,2100,199.21,500
2026-07-16 09:47:52.825,NVDA,199.17,199.15,2100,199.14,5000,199.13,800,199.12,700,199.11,2900,199.19,2000,199.2,800,199.21,800,199.22,800,199.23,700
2026-07-16 09:47:52.904,NVDA,199.19,199.17,200,199.16,2300,199.15,2500,199.14,2800,199.13,2400,199.21,3100,199.22,2900,199.23,2900,199.24,300,199.25,3500
2026-07-16 09:47:53.225,NVDA,199.2,199.18,3600,199.17,1400,199.16,700,199.15,400,199.14,4400,199.22,4100,199.23,1000,199.24,3700,199.25,2300,199.26,1200
2026-07-16 09:47:53.452,NVDA,199.21,199.19,700,199.18,1900,199.17,4400,199.16,1000,199.15,2600,199.23,200,199.24,2800,199.25,4800,199.26,2900,199.27,200
2026-07-16 09:47:53.727,NVDA,199.23,199.21,3700,199.2,1700,199.19,1100,199.18,4800,199.17,4200,199.25,2200,199.26,2600,199.27,4200,199.28,2600,199.29,2900
2026-07-16 09:47:54.063,NVDA,199.24,199.22,600,199.21,4700,199.2,3100,199.19,300,199.18,2700,199.26,4000,199.27,4500,199.28,1800,199.29,4400,199.3,1400
2026-07-16 09:47:54.157,NVDA,199.22,199.2,4400,199.19,500,199.18,500,199.17,4800,199.16,3300,199.24,700,199.25,1000,199.26,3800,199.27,100,199.28,4400
2026-07-16 09:47:54.277,NVDA,199.23,199.21,4800,199.2,3800,199.19,3100,199.18,3200,199.17,5000,199.25,4800,199.26,3800,199.27,1700,199.28,300,199.29,2000
2026-07-16 09:47:54.751,NVDA,199.23,199.21,2100,199.2,3700,199.19,4400,199.18,1500,199.17,1900,199.25,1500,199.26,4000,199.27,3400,199.28,4000,199.29,1200
2026-07-16 09:47:55.049,NVDA,199.25,199.23,700,199.22,1400,199.21,3100,199.2,300,199.19,1400,199.27,1000,199.28,4000,199.29,2300,199.3,1100,199.31,5000
2026-07-16 09:47:55.478,NVDA,199.25,199.23,1300,199.22,2900,199.21,3400,199.2,4900,199.19,800,199.27,700,199.28,2600,199.29,400,199.3,1800,199.31,4300
2026-07-16 09:47:55.557,NVDA,199.23,199.21,4600,199.2,3500,199.19,1200,199.18,4700,199.17,5000,199.25,300,199.26,3000,199.27,5000,199.28,1000,199.29,3700
2026-07-16 09:47:55.697,NVDA,199.23,199.21,700,199.2,4100,199.19,3200,199.18,4800,199.17,1200,199.25,4500,199.26,200,199.27,4300,199.28,1500,199.29,4300
2026-07-16 09:47:56.167,NVDA,199.22,199.2,1300,199.19,2200,199.18,1000,199.17,3900,199.16,1300,199.24,2300,199.25,1000,199.26,2800,199.27,1000,199.28,300
2026-07-16 09:47:56.195,NVDA,199.2,199.18,3900,199.17,4600,199.16,1000,199.15,3800,199.14,4500,199.22,100,199.23,3900,199.24,4300,199.25,4400,199.26,1200
2026-07-16 09:47:56.590,NVDA,199.21,199.19,1000,199.18,4300,199.17,3000,199.16,1300,199.15,4900,199.23,1200,199.24,3000,199.25,1300,199.26,3700,199.27,2500
2026-07-16 09:47:56.623,NVDA,199.22,199.2,2300,199.19,700,199.18,4200,199.17,300,199.16,2800,199.24,400,199.25,800,199.26,3800,199.27,3300,199.28,600
2026-07-16 09:47:57.079,NVDA,199.2,199.18,1300,199.17,1900,199.16,200,199.15,3300,199.14,1200,199.22,3400,199.23,1800,199.24,1500,199.25,1400,199.26,2600
2026-07-16 09:47:57.374,NVDA,199.21,199.19,2000,199.18,4600,199.17,5000,199.16,600,199.15,4700,199.23,2000,199.24,1600,199.25,3300,199.26,4400,199.27,3700
2026-07-16 09:47:57.417,NVDA,199.19,199.17,1100,199.16,3800,199.15,3500,199.14,2100,199.13,4600,199.21,4100,199.22,4500,199.23,800,199.24,1700,199.25,4700
2026-07-16 09:47:57.619,NVDA,199.18,199.16,1300,199.15,2900,199.14,2000,199.13,900,199.12,2500,199.2,3600,199.21,600,199.22,5000,199.23,2000,199.24,2000
2026-07-16 09:47:57.785,NVDA,199.19,199.17,2400,199.16,900,199.15,100,199.14,5000,199.13,500,199.21,2600,199.22,3600,199.23,4400,199.24,4400,199.25,200
2026-07-16 09:47:58.259,NVDA,199.19,199.17,500,199.16,2500,199.15,5000,199.14,800,199.13,500,199.21,2200,199.22,1900,199.23,1700,199.24,2200,199.25,3300
2026-07-16 09:47:58.532,NVDA,199.18,199.16,2200,199.15,900,199.14,700,199.13,1600,199.12,400,199.2,1000,199.21,1500,199.22,1000,199.23,2200,199.24,100
2026-07-16 09:47:58.620,NVDA,199.17,199.15,2500,199.14,3800,199.13,3600,199.12,3400,199.11,2500,199.19,2500,199.2,4700,199.21,3700,199.22,300,199.23,4700
2026-07-16 09:47:58.811,NVDA,199.19,199.17,1000,199.16,1300,199.15,2400,199.14,3100,199.13,1900,199.21,3000,199.22,4800,199.23,600,199.24,1000,199.25,300
2026-07-16 09:47:58.976,NVDA,199.2,199.18,4300,199.17,4700,199.16,200,199.15,4500,199.14,2900,199.22,4900,199.23,1600,199.24,3100,199.25,1400,199.26,1100
2026-07-16 09:47:59.077,NVDA,199.2,199.18,3500,199.17,2300,199.16,2500,199.15,4700,199.14,3600,199.22,3800,199.23,1800,199.24,4200,199.25,1500,199.26,2500
2026-07-16 09:47:59.194,NVDA,199.21,199.19,4600,199.18,3300,199.17,4600,199.16,3000,199.15,1500,199.23,1900,199.24,500,199.25,4700,199.26,4300,199.27,1500
2026-07-16 09:47:59.242,NVDA,199.23,199.21,3200,199.2,600,199.19,3200,199.18,2300,199.17,1000,199.25,4200,199.26,100,199.27,3800,199.28,1600,199.29,700
2026-07-16 09:47:59.511,NVDA,199.21,199.19,3200,199.18,300,199.17,1200,199.16,1700,199.15,4600,199.23,5000,199.24,3700,199.25,2600,199.26,1500,199.27,100
2026-07-16 09:47:59.653,NVDA,199.22,199.2,1800,199.19,2500,199.18,2800,199.17,300,199.16,4500,199.24,3400,199.25,4300,199.26,4200,199.27,4300,199.28,2300
2026-07-16 09:47:59.877,NVDA,199.21,199.19,3700,199.18,4500,199.17,4500,199.16,1600,199.15,1700,199.23,1900,199.24,4700,199.25,2200,199.26,4900,199.27,1600
2026-07-16 09:48:00.228,NVDA,199.21,199.19,2400,199.18,4300,199.17,600,199.16,400,199.15,1900,199.23,2600,199.24,300,199.25,300,199.26,1400,199.27,4500
2026-07-16 09:48:00.507,NVDA,199.21,199.19,1300,199.18,900,199.17,3700,199.16,1300,199.15,2600,199.23,300,199.24,2200,199.25,2200,199.26,2100,199.27,4800
2026-07-16 09:48:00.603,NVDA,199.23,199.21,4500,199.2,2500,199.19,3400,199.18,1000,199.17,4000,199.25,2700,199.26,300,199.27,2800,199.28,4000,199.29,3100
2026-07-16 09:48:01.064,NVDA,199.22,199.2,2000,199.19,4900,199.18,1300,199.17,3200,199.16,3000,199.24,800,199.25,3100,199.26,1400,199.27,2900,199.28,2300
2026-07-16 09:48:01.133,NVDA,199.22,199.2,2600,199.19,3000,199.18,1000,199.17,2200,199.16,2800,199.24,2400,199.25,4600,199.26,4600,199.27,4700,199.28,3900
2026-07-16 09:48:01.542,NVDA,199.22,199.2,2200,199.19,2500,199.18,4600,199.17,4400,199.16,200,199.24,3200,199.25,4900,199.26,2400,199.27,3000,199.28,4900
2026-07-16 09:48:01.672,NVDA,199.21,199.19,800,199.18,4200,199.17,2500,199.16,2700,199.15,600,199.23,3600,199.24,2400,199.25,4200,199.26,1700,199.27,3500
2026-07-16 09:48:02.029,NVDA,199.2,199.18,3700,199.17,2400,199.16,2700,199.15,1800,199.14,5000,199.22,1400,199.23,4500,199.24,2000,199.25,1500,199.26,2800
2026-07-16 09:48:02.063,NVDA,199.18,199.16,400,199.15,3000,199.14,1900,199.13,1400,199.12,3900,199.2,100,199.21,3200,199.22,2000,199.23,3200,199.24,2200
2026-07-16 09:48:02.365,NVDA,199.2,199.18,600,199.17,5000,199.16,3000,199.15,3200,199.14,5000,199.22,300,199.23,3700,199.24,400,199.25,3400,199.26,1300
2026-07-16 09:48:02.645,NVDA,199.18,199.16,3500,199.15,4600,199.14,4700,199.13,3300,199.12,600,199.2,1000,199.21,1200,199.22,800,199.23,3500,199.24,4700
2026-07-16 09:48:02.921,NVDA,199.17,199.15,4100,199.14,1300,199.13,2700,199.12,2200,199.11,4600,199.19,300,199.2,3700,199.21,5000,199.22,4900,199.23,2700
2026-07-16 09:48:03.117,NVDA,199.16,199.14,1600,199.13,1500,199.12,4900,199.11,5000,199.1,1300,199.18,1000,199.19,1500,199.2,100,199.21,5000,199.22,1700
2026-07-16 09:48:03.137,NVDA,199.16,199.14,1100,199.13,700,199.12,2500,199.11,2500,199.1,4000,199.18,300,199.19,2700,199.2,4900,199.21,500,199.22,700
2026-07-16 09:48:03.216,NVDA,199.15,199.13,5000,199.12,2800,199.11,3600,199.1,4300,199.09,3400,199.17,2000,199.18,3300,199.19,2100,199.2,4100,199.21,4000
2026-07-16 09:48:03.365,NVDA,199.16,199.14,3300,199.13,1100,199.12,4600,199.11,3700,199.1,3600,199.18,3600,199.19,4600,199.2,3000,199.21,2200,199.22,3400
2026-07-16 09:48:03.810,NVDA,199.15,199.13,2400,199.12,3500,199.11,100,199.1,600,199.09,4700,199.17,2000,199.18,2900,199.19,1200,199.2,4900,199.21,1200
2026-07-16 09:48:04.146,NVDA,199.16,199.14,1200,199.13,1300,199.12,100,199.11,2600,199.1,2400,199.18,4300,199.19,4800,199.2,400,199.21,2200,199.22,4900
2026-07-16 09:48:04.618,NVDA,199.16,199.14,3600,199.13,2200,199.12,4900,199.11,1300,199.1,3400,199.18,3900,199.19,1600,199.2,3700,199.21,3100,199.22,1700
2026-07-16 09:48:04.759,NVDA,199.17,199.15,1400,199.14,1700,199.13,800,199.12,1300,199.11,2700,199.19,2600,199.2,4100,199.21,100,199.22,3300,199.23,3400
2026-07-16 09:48:04.777,NVDA,199.16,199.14,4300,199.13,1700,199.12,4200,199.11,4600,199.1,1500,199.18,1200,199.19,2000,199.2,1700,199.21,1500,199.22,2700
2026-07-16 09:48:04.852,NVDA,199.15,199.13,4200,199.12,900,199.11,2600,199.1,2700,199.09,2300,199.17,200,199.18,2300,199.19,3300,199.2,1300,199.21,3600
2026-07-16 09:48:04.915,NVDA,199.15,199.13,3000,199.12,4900,199.11,3900,199.1,400,199.09,3500,199.17,4900,199.18,3400,199.19,2200,199.2,700,199.21,500
2026-07-16 09:48:05.246,NVDA,199.15,199.13,2600,199.12,100,199.11,1200,199.1,3300,199.09,100,199.17,3400,199.18,1200,199.19,900,199.2,1300,199.21,1000
2026-07-16 09:48:05.416,NVDA,199.13,199.11,3000,199.1,1700,199.09,3200,199.08,2300,199.07,2100,199.15,2700,199.16,3800,199.17,400,199.18,2400,199.19,3200
2026-07-16 09:48:05.589,NVDA,199.11,199.09,4100,199.08,2500,199.07,1800,199.06,3900,199.05,3900,199.13,3200,199.14,300,199.15,1700,199.16,3500,199.17,2800
2026-07-16 09:48:06.063,NVDA,199.1,199.08,1300,199.07,2300,199.06,100,199.05,1600,199.04,2800,199.12,200,199.13,4800,199.14,2600,199.15,2000,199.16,1000
2026-07-16 09:48:06.130,NVDA,199.09,199.07,2400,199.06,3500,199.05,900,199.04,2500,199.03,2200,199.11,1500,199.12,3500,199.13,1600,199.14,500,199.15,4600
2026-07-16 09:48:06.423,NVDA,199.1,199.08,2600,199.07,600,199.06,3500,199.05,3800,199.04,4400,199.12,2800,199.13,3900,199.14,2300,199.15,3600,199.16,2500
2026-07-16 09:48:06.633,NVDA,199.1,199.08,4800,199.07,3900,199.06,1900,199.05,200,199.04,600,199.12,2100,199.13,1100,199.14,3300,199.15,300,199.16,3700
2026-07-16 09:48:07.053,NVDA,199.1,199.08,1600,199.07,1400,199.06,900,199.05,2000,199.04,1500,199.12,2400,199.13,4000,199.14,2400,199.15,1700,199.16,1300
2026-07-16 09:48:07.535,NVDA,199.08,199.06,4200,199.05,3600,199.04,1500,199.03,4300,199.02,3400,199.1,4500,199.11,2800,199.12,2100,199.13,2700,199.14,1100
2026-07-16 09:48:07.971,NVDA,199.06,199.04,1600,199.03,4500,199.02,3600,199.01,3900,199.0,5000,199.08,1300,199.09,2200,199.1,4200,199.11,1400,199.12,2300
2026-07-16 09:48:08.344,NVDA,199.05,199.03,2500,199.02,600,199.01,4200,199.0,600,198.99,1700,199.07,600,199.08,2700,199.09,3500,199.1,4300,199.11,3500
2026-07-16 09:48:08.468,NVDA,199.03,199.01,1800,199.0,4400,198.99,1700,198.98,1400,198.97,4300,199.05,800,199.06,200,199.07,2400,199.08,4200,199.09,4300
2026-07-16 09:48:08.554,NVDA,199.05,199.03,2700,199.02,1600,199.01,700,199.0,3900,198.99,3300,199.07,3300,199.08,3800,199.09,2500,199.1,2200,199.11,2100
2026-07-16 09:48:08.980,NVDA,199.07,199.05,4100,199.04,3200,199.03,3900,199.02,2400,199.01,1700,199.09,2200,199.1,1200,199.11,4100,199.12,400,199.13,2000
2026-07-16 09:48:09.261,NVDA,199.07,199.05,800,199.04,2900,199.03,500,199.02,500,199.01,3900,199.09,1600,199.1,1300,199.11,600,199.12,1300,199.13,1200
2026-07-16 09:48:09.707,NVDA,199.06,199.04,3000,199.03,2500,199.02,4000,199.01,3700,199.0,4400,199.08,5000,199.09,1400,199.1,3200,199.11,3600,199.12,4500
2026-07-16 09:48:09.856,NVDA,199.07,199.05,4700,199.04,800,199.03,200,199.02,4600,199.01,1300,199.09,4800,199.1,4800,199.11,2100,199.12,3900,199.13,5000
2026-07-16 09:48:10.223,NVDA,199.06,199.04,3500,199.03,800,199.02,4400,199.01,3100,199.0,1900,199.08,2100,199.09,1400,199.1,300,199.11,2200,199.12,100
2026-07-16 09:48:10.322,NVDA,199.07,199.05,2800,199.04,3800,199.03,4100,199.02,3600,199.01,2600,199.09,1300,199.1,2700,199.11,1900,199.12,700,199.13,2800
2026-07-16 09:48:10.757,NVDA,199.07,199.05,4100,199.04,2500,199.03,1700,199.02,3300,199.01,500,199.09,1700,199.1,4600,199.11,1700,199.12,3800,199.13,4900
2026-07-16 09:48:11.215,NVDA,199.05,199.03,1400,199.02,1600,199.01,3900,199.0,400,198.99,1400,199.07,2100,199.08,4100,199.09,4400,199.1,3900,199.11,4300
2026-07-16 09:48:11.390,NVDA,199.05,199.03,2400,199.02,4000,199.01,1300,199.0,3500,198.99,2900,199.07,2700,199.08,3100,199.09,3100,199.1,3800,199.11,3200
2026-07-16 09:48:11.628,NVDA,199.03,199.01,4000,199.0,2100,198.99,2400,198.98,1800,198.97,1900,199.05,3300,199.06,200,199.07,2800,199.08,4500,199.09,200
2026-07-16 09:48:11.802,NVDA,199.01,198.99,2400,198.98,4700,198.97,3300,198.96,1200,198.95,1100,199.03,4400,199.04,4900,199.05,100,199.06,1900,199.07,1100
2026-07-16 09:48:12.010,NVDA,199.01,198.99,4200,198.98,3700,198.97,3400,198.96,3600,198.95,3400,199.03,4000,199.04,2000,199.05,1800,199.06,700,199.07,3500
2026-07-16 09:48:12.137,NVDA,198.99,198.97,1000,198.96,2400,198.95,1900,198.94,700,198.93,2900,199.01,3100,199.02,1300,199.03,2700,199.04,1700,199.05,2700
2026-07-16 09:48:12.428,NVDA,198.98,198.96,1300,198.95,1200,198.94,2700,198.93,1700,198.92,4300,199.0,4600,199.01,600,199.02,5000,199.03,4000,199.04,4800
2026-07-16 09:48:12.654,NVDA,199.0,198.98,3200,198.97,1400,198.96,2200,198.95,1900,198.94,100,199.02,500,199.03,400,199.04,1900,199.05,4300,199.06,2700
2026-07-16 09:48:12.808,NVDA,198.98,198.96,1300,198.95,3700,198.94,1600,198.93,3500,198.92,1900,199.0,3800,199.01,2100,199.02,2500,199.03,2700,199.04,4900
2026-07-16 09:48:13.088,NVDA,199.0,198.98,5000,198.97,1700,198.96,3400,198.95,2900,198.94,2000,199.02,1800,199.03,1100,199.04,1300,199.05,700,199.06,4900
2026-07-16 09:48:13.225,NVDA,199.02,199.0,400,198.99,1800,198.98,3600,198.97,2000,198.96,3300,199.04,4100,199.05,2700,199.06,2200,199.07,400,199.08,2400
2026-07-16 09:48:13.669,NVDA,199.0,198.98,3000,198.97,4600,198.96,4500,198.95,1700,198.94,2100,199.02,4700,199.03,300,199.04,3900,199.05,1100,199.06,3600
2026-07-16 09:48:13.991,NVDA,198.98,198.96,4800,198.95,2600,198.94,300,198.93,3400,198.92,700,199.0,600,199.01,2000,199.02,4400,199.03,2600,199.04,3000
2026-07-16 09:48:14.402,NVDA,198.96,198.94,4000,198.93,1100,198.92,200,198.91,3200,198.9,900,198.98,800,198.99,1100,199.0,500,199.01,4800,199.02,1200
2026-07-16 09:48:14.810,NVDA,198.94,198.92,4100,198.91,1700,198.9,2200,198.89,1900,198.88,4800,198.96,2500,198.97,1100,198.98,2200,198.99,4100,199.0,1100
2026-07-16 09:48:14.839,NVDA,198.95,198.93,3200,198.92,1100,198.91,2900,198.9,2600,198.89,300,198.97,4100,198.98,1400,198.99,700,199.0,1100,199.01,1500
2026-07-16 09:48:15.024,NVDA,198.97,198.95,1300,198.94,1500,198.93,1700,198.92,400,198.91,1300,198.99,2300,199.0,4200,199.01,1500,199.02,3000,199.03,600
2026-07-16 09:48:15.237,NVDA,198.95,198.93,4600,198.92,2800,198.91,1300,198.9,1100,198.89,3000,198.97,4700,198.98,3100,198.99,3700,199.0,2300,199.01,2100
2026-07-16 09:48:15.393,NVDA,198.96,198.94,4600,198.93,300,198.92,700,198.91,2700,198.9,4400,198.98,3300,198.99,4700,199.0,1300,199.01,3700,199.02,4100
2026-07-16 09:48:15.685,NVDA,198.94,198.92,3400,198.91,3300,198.9,2500,198.89,3400,198.88,2900,198.96,1600,198.97,4500,198.98,1700,198.99,3000,199.0,4200
2026-07-16 09:48:15.934,NVDA,198.95,198.93,100,198.92,4300,198.91,1700,198.9,4300,198.89,1300,198.97,4500,198.98,3800,198.99,200,199.0,3800,199.01,3900
2026-07-16 09:48:16.403,NVDA,198.95,198.93,4400,198.92,4500,198.91,4100,198.9,3800,198.89,4700,198.97,3900,198.98,2500,198.99,2600,199.0,4800,199.01,3300
2026-07-16 09:48:16.631,NVDA,198.95,198.93,3400,198.92,4600,198.91,4400,198.9,300,198.89,5000,198.97,3100,198.98,3300,198.99,3000,199.0,2000,199.01,100
2026-07-16 09:48:16.726,NVDA,198.95,198.93,4300,198.92,4600,198.91,1100,198.9,2400,198.89,2900,198.97,3100,198.98,4500,198.99,1700,199.0,100,199.01,1500
2026-07-16 09:48:16.836,NVDA,198.93,198.91,4000,198.9,4700,198.89,2400,198.88,1700,198.87,1600,198.95,2800,198.96,1300,198.97,2800,198.98,800,198.99,2000
2026-07-16 09:48:17.084,NVDA,198.95,198.93,800,198.92,600,198.91,2500,198.9,2000,198.89,3100,198.97,1400,198.98,4300,198.99,2300,199.0,3100,199.01,4400
2026-07-16 09:48:17.422,NVDA,198.96,198.94,1400,198.93,3900,198.92,800,198.91,4300,198.9,600,198.98,200,198.99,4800,199.0,800,199.01,4600,199.02,3700
2026-07-16 09:48:17.630,NVDA,198.98,198.96,2900,198.95,800,198.94,4100,198.93,2100,198.92,3600,199.0,2600,199.01,800,199.02,1300,199.03,3400,199.04,3900
2026-07-16 09:48:17.969,NVDA,198.97,198.95,1800,198.94,900,198.93,1300,198.92,4300,198.91,1200,198.99,3000,199.0,4200,199.01,4800,199.02,3600,199.03,3700
2026-07-16 09:48:18.267,NVDA,198.97,198.95,2600,198.94,2600,198.93,800,198.92,3800,198.91,2800,198.99,300,199.0,3900,199.01,1000,199.02,2400,199.03,3400
2026-07-16 09:48:18.456,NVDA,198.99,198.97,1100,198.96,2200,198.95,4000,198.94,1900,198.93,800,199.01,5000,199.02,500,199.03,3400,199.04,2300,199.05,900
2026-07-16 09:48:18.604,NVDA,199.01,198.99,4200,198.98,1600,198.97,1100,198.96,200,198.95,2900,199.03,200,199.04,1200,199.05,1700,199.06,3900,199.07,1900
2026-07-16 09:48:18.891,NVDA,198.99,198.97,2300,198.96,3100,198.95,1200,198.94,2900,198.93,800,199.01,4500,199.02,1700,199.03,1500,199.04,200,199.05,1400
2026-07-16 09:48:18.942,NVDA,198.99,198.97,4100,198.96,1600,198.95,4400,198.94,2900,198.93,3500,199.01,400,199.02,1300,199.03,900,199.04,2200,199.05,4900
2026-07-16 09:48:19.208,NVDA,198.98,198.96,3100,198.95,3800,198.94,3800,198.93,2300,198.92,4700,199.0,2600,199.01,100,199.02,2800,199.03,2600,199.04,1500
2026-07-16 09:48:19.243,NVDA,198.98,198.96,800,198.95,1500,198.94,2900,198.93,1700,198.92,4200,199.0,400,199.01,3200,199.02,3300,199.03,900,199.04,1200
2026-07-16 09:48:19.498,NVDA,198.99,198.97,2200,198.96,1900,198.95,3400,198.94,3200,198.93,4800,199.01,600,199.02,3500,199.03,900,199.04,100,199.05,2700
2026-07-16 09:48:19.560,NVDA,199.0,198.98,3200,198.97,2200,198.96,700,198.95,3100,198.94,1200,199.02,1200,199.03,3700,199.04,2400,199.05,5000,199.06,2000
2026-07-16 09:48:19.877,NVDA,199.01,198.99,2200,198.98,2400,198.97,200,198.96,3100,198.95,1800,199.03,3000,199.04,900,199.05,300,199.06,1300,199.07,900
2026-07-16 09:48:20.298,NVDA,199.0,198.98,4000,198.97,2200,198.96,4600,198.95,2800,198.94,4800,199.02,300,199.03,4100,199.04,2900,199.05,4600,199.06,5000
2026-07-16 09:48:20.759,NVDA,199.02,199.0,3400,198.99,4000,198.98,3200,198.97,2900,198.96,4200,199.04,1400,199.05,2700,199.06,800,199.07,2500,199.08,1200
2026-07-16 09:48:21.048,NVDA,199.02,199.0,4900,198.99,900,198.98,400,198.97,300,198.96,2900,199.04,700,199.05,1900,199.06,1600,199.07,2500,199.08,4000
2026-07-16 09:48:21.445,NVDA,199.03,199.01,1900,199.0,2000,198.99,1800,198.98,1300,198.97,2800,199.05,1400,199.06,5000,199.07,1200,199.08,4300,199.09,800
2026-07-16 09:48:21.720,NVDA,199.03,199.01,2700,199.0,3000,198.99,2800,198.98,300,198.97,100,199.05,5000,199.06,2100,199.07,2100,199.08,3600,199.09,4800
2026-07-16 09:48:21.911,NVDA,199.02,199.0,3600,198.99,1900,198.98,2700,198.97,900,198.96,600,199.04,4100,199.05,200,199.06,3300,199.07,2400,199.08,1500
2026-07-16 09:48:22.131,NVDA,199.0,198.98,3200,198.97,3600,198.96,4600,198.95,200,198.94,400,199.02,1600,199.03,800,199.04,3400,199.05,3700,199.06,2200
2026-07-16 09:48:22.349,NVDA,199.0,198.98,2700,198.97,2600,198.96,2900,198.95,2400,198.94,400,199.02,1100,199.03,1600,199.04,4000,199.05,2100,199.06,3700
2026-07-16 09:48:22.537,NVDA,199.01,198.99,1400,198.98,4900,198.97,1000,198.96,2700,198.95,2200,199.03,3700,199.04,2300,199.05,1600,199.06,3800,199.07,1600
2026-07-16 09:48:22.785,NVDA,198.99,198.97,3600,198.96,4200,198.95,4900,198.94,500,198.93,4800,199.01,3800,199.02,4200,199.03,100,199.04,400,199.05,2400
2026-07-16 09:48:23.152,NVDA,198.97,198.95,5000,198.94,2100,198.93,1400,198.92,1200,198.91,1600,198.99,2400,199.0,2800,199.01,2800,199.02,4000,199.03,400
2026-07-16 09:48:23.418,NVDA,198.99,198.97,3600,198.96,5000,198.95,4900,198.94,1000,198.93,3800,199.01,5000,199.02,2300,199.03,500,199.04,700,199.05,3900
2026-07-16 09:48:23.752,NVDA,199.01,198.99,2700,198.98,1200,198.97,1900,198.96,1700,198.95,5000,199.03,1800,199.04,4900,199.05,1500,199.06,500,199.07,1800
2026-07-16 09:48:24.220,NVDA,199.03,199.01,200,199.0,900,198.99,1600,198.98,2500,198.97,4000,199.05,4100,199.06,1700,199.07,2700,199.08,1300,199.09,4400
2026-07-16 09:48:24.255,NVDA,199.01,198.99,300,198.98,500,198.97,3400,198.96,3200,198.95,1500,199.03,4000,199.04,1300,199.05,1700,199.06,700,199.07,4900
2026-07-16 09:48:24.641,NVDA,199.02,199.0,1900,198.99,2700,198.98,2000,198.97,2300,198.96,4300,199.04,3000,199.05,1500,199.06,600,199.07,600,199.08,700
2026-07-16 09:48:24.670,NVDA,199.01,198.99,1500,198.98,2000,198.97,700,198.96,3100,198.95,600,199.03,800,199.04,3100,199.05,1600,199.06,2400,199.07,2800
2026-07-16 09:48:24.822,NVDA,199.03,199.01,1200,199.0,3500,198.99,4600,198.98,4800,198.97,2700,199.05,2300,199.06,2800,199.07,2100,199.08,800,199.09,300
2026-07-16 09:48:25.057,NVDA,199.02,199.0,3500,198.99,3900,198.98,4100,198.97,4400,198.96,2600,199.04,5000,199.05,4500,199.06,1500,199.07,4100,199.08,1400
2026-07-16 09:48:25.367,NVDA,199.03,199.01,4600,199.0,2800,198.99,1300,198.98,4800,198.97,3000,199.05,100,199.06,4600,199.07,3700,199.08,3000,199.09,3000
2026-07-16 09:48:25.735,NVDA,199.04,199.02,3700,199.01,2700,199.0,400,198.99,3300,198.98,2000,199.06,3500,199.07,1100,199.08,4400,199.09,4700,199.1,3800
2026-07-16 09:48:25.819,NVDA,199.06,199.04,3400,199.03,2800,199.02,2100,199.01,2900,199.0,4300,199.08,2800,199.09,1000,199.1,2700,199.11,3000,199.12,3500
2026-07-16 09:48:26.092,NVDA,199.06,199.04,2300,199.03,400,199.02,2000,199.01,2700,199.0,300,199.08,1700,199.09,4100,199.1,4000,199.11,2800,199.12,2600
2026-07-16 09:48:26.502,NVDA,199.05,199.03,3700,199.02,2300,199.01,500,199.0,2500,198.99,1300,199.07,3900,199.08,900,199.09,3100,199.1,1200,199.11,4800
2026-07-16 09:48:26.727,NVDA,199.06,199.04,4400,199.03,700,199.02,2500,199.01,2200,199.0,4900,199.08,900,199.09,4700,199.1,1300,199.11,1200,199.12,800
2026-07-16 09:48:27.183,NVDA,199.08,199.06,600,199.05,1800,199.04,2300,199.03,2700,199.02,1500,199.1,4300,199.11,3400,199.12,4800,199.13,4600,199.14,1800
2026-07-16 09:48:27.569,NVDA,199.1,199.08,2700,199.07,4100,199.06,1600,199.05,4400,199.04,3600,199.12,2200,199.13,3400,199.14,4300,199.15,4700,199.16,1700
2026-07-16 09:48:27.990,NVDA,199.1,199.08,2200,199.07,3900,199.06,2300,199.05,2400,199.04,1000,199.12,1600,199.13,4700,199.14,1700,199.15,4300,199.16,4700
2026-07-16 09:48:28.311,NVDA,199.12,199.1,4200,199.09,4200,199.08,1400,199.07,1700,199.06,900,199.14,3800,199.15,3200,199.16,4100,199.17,3100,199.18,800
2026-07-16 09:48:28.589,NVDA,199.13,199.11,4900,199.1,100,199.09,900,199.08,1900,199.07,2100,199.15,2500,199.16,1800,199.17,600,199.18,1700,199.19,3900
2026-07-16 09:48:28.741,NVDA,199.14,199.12,5000,199.11,3600,199.1,4000,199.09,2700,199.08,1700,199.16,300,199.17,3000,199.18,200,199.19,900,199.2,2400
2026-07-16 09:48:28.906,NVDA,199.13,199.11,4100,199.1,4000,199.09,5000,199.08,200,199.07,2400,199.15,1000,199.16,1600,199.17,2100,199.18,1100,199.19,4800
2026-07-16 09:48:29.041,NVDA,199.11,199.09,2400,199.08,1800,199.07,3400,199.06,2700,199.05,1900,199.13,3500,199.14,3000,199.15,1700,199.16,1400,199.17,2100
2026-07-16 09:48:29.337,NVDA,199.12,199.1,2800,199.09,900,199.08,1600,199.07,4100,199.06,2200,199.14,400,199.15,4800,199.16,3700,199.17,3900,199.18,600
2026-07-16 09:48:29.656,NVDA,199.1,199.08,4200,199.07,3700,199.06,2500,199.05,1300,199.04,2300,199.12,4600,199.13,500,199.14,1200,199.15,1800,199.16,3000
2026-07-16 09:48:29.841,NVDA,199.09,199.07,900,199.06,4000,199.05,4900,199.04,500,199.03,4700,199.11,2100,199.12,3500,199.13,3400,199.14,3300,199.15,1400
2026-07-16 09:48:30.063,NVDA,199.11,199.09,1100,199.08,4100,199.07,4000,199.06,3000,199.05,1600,199.13,1600,199.14,4100,199.15,1600,199.16,4500,199.17,100
2026-07-16 09:48:30.434,NVDA,199.09,199.07,2700,199.06,1300,199.05,3400,199.04,500,199.03,3000,199.11,900,199.12,1700,199.13,800,199.14,2400,199.15,3800
2026-07-16 09:48:30.602,NVDA,199.11,199.09,2700,199.08,2100,199.07,4900,199.06,2700,199.05,4300,199.13,2700,199.14,4600,199.15,800,199.16,200,199.17,300
2026-07-16 09:48:31.002,NVDA,199.11,199.09,500,199.08,4400,199.07,100,199.06,4600,199.05,4800,199.13,2700,199.14,700,199.15,1200,199.16,2800,199.17,4000
2026-07-16 09:48:31.360,NVDA,199.12,199.1,4500,199.09,700,199.08,600,199.07,3000,199.06,3800,199.14,4500,199.15,500,199.16,2800,199.17,4200,199.18,3500
2026-07-16 09:48:31.833,NVDA,199.14,199.12,1500,199.11,4300,199.1,2300,199.09,3200,199.08,400,199.16,1600,199.17,3300,199.18,4600,199.19,1100,199.2,800
2026-07-16 09:48:32.075,NVDA,199.14,199.12,200,199.11,200,199.1,4500,199.09,1100,199.08,800,199.16,4200,199.17,3400,199.18,2100,199.19,3500,199.2,2700
2026-07-16 09:48:32.291,NVDA,199.16,199.14,3900,199.13,800,199.12,3400,199.11,1600,199.1,1100,199.18,1600,199.19,1500,199.2,4100,199.21,3800,199.22,4500
2026-07-16 09:48:32.640,NVDA,199.16,199.14,2100,199.13,3200,199.12,200,199.11,4500,199.1,4200,199.18,2500,199.19,4900,199.2,2200,199.21,1200,199.22,4200
2026-07-16 09:48:32.965,NVDA,199.16,199.14,4300,199.13,3300,199.12,2900,199.11,2000,199.1,2200,199.18,100,199.19,2900,199.2,2800,199.21,1100,199.22,2700
2026-07-16 09:48:33.004,NVDA,199.15,199.13,4200,199.12,1100,199.11,200,199.1,1600,199.09,4600,199.17,3100,199.18,1900,199.19,3200,199.2,800,199.21,2100
2026-07-16 09:48:33.358,NVDA,199.16,199.14,3500,199.13,3200,199.12,3000,199.11,1600,199.1,3000,199.18,800,199.19,3000,199.2,4000,199.21,3800,199.22,2200
2026-07-16 09:48:33.562,NVDA,199.14,199.12,1200,199.11,1500,199.1,4000,199.09,2500,199.08,4400,199.16,400,199.17,400,199.18,3700,199.19,1300,199.2,400
2026-07-16 09:48:33.758,NVDA,199.14,199.12,2200,199.11,500,199.1,3400,199.09,200,199.08,4600,199.16,700,199.17,1300,199.18,1500,199.19,1800,199.2,100
2026-07-16 09:48:34.069,NVDA,199.15,199.13,3300,199.12,1700,199.11,2600,199.1,4400,199.09,2900,199.17,900,199.18,1100,199.19,3600,199.2,100,199.21,3600
2026-07-16 09:48:34.517,NVDA,199.17,199.15,400,199.14,2100,199.13,4000,199.12,2300,199.11,500,199.19,3000,199.2,1200,199.21,3000,199.22,1400,199.23,1700
2026-07-16 09:48:34.573,NVDA,199.15,199.13,1700,199.12,2500,199.11,1200,199.1,200,199.09,1500,199.17,2500,199.18,2300,199.19,3400,199.2,1900,199.21,900
2026-07-16 09:48:34.628,NVDA,199.13,199.11,700,199.1,1800,199.09,4500,199.08,3000,199.07,100,199.15,500,199.16,2000,199.17,700,199.18,4500,199.19,3200
2026-07-16 09:48:34.950,NVDA,199.13,199.11,1400,199.1,700,199.09,1400,199.08,2200,199.07,3300,199.15,1800,199.16,2000,199.17,3100,199.18,900,199.19,4500
2026-07-16 09:48:35.075,NVDA,199.15,199.13,4900,199.12,2400,199.11,400,199.1,4800,199.09,4900,199.17,800,199.18,1400,199.19,3500,199.2,1900,199.21,2200
2026-07-16 09:48:35.161,NVDA,199.16,199.14,5000,199.13,700,199.12,2200,199.11,4100,199.1,4100,199.18,2600,199.19,2300,199.2,300,199.21,2500,199.22,1300
2026-07-16 09:48:35.217,NVDA,199.14,199.12,1100,199.11,4000,199.1,600,199.09,4400,199.08,1700,199.16,2000,199.17,1900,199.18,2000,199.19,4800,199.2,400
2026-07-16 09:48:35.592,NVDA,199.16,199.14,2800,199.13,4400,199.12,1000,199.11,3300,199.1,3300,199.18,700,199.19,1200,199.2,700,199.21,400,199.22,1900
2026-07-16 09:48:35.904,NVDA,199.18,199.16,4100,199.15,300,199.14,100,199.13,3200,199.12,3200,199.2,4100,199.21,1600,199.22,3900,199.23,300,199.24,4600
2026-07-16 09:48:36.279,NVDA,199.17,199.15,2900,199.14,3200,199.13,4800,199.12,300,199.11,4900,199.19,3400,199.2,2500,199.21,4800,199.22,3300,199.23,3000
2026-07-16 09:48:36.711,NVDA,199.19,199.17,2800,199.16,300,199.15,3100,199.14,100,199.13,1500,199.21,2500,199.22,1700,199.23,600,199.24,3000,199.25,3600
2026-07-16 09:48:37.113,NVDA,199.19,199.17,700,199.16,3000,199.15,1200,199.14,2100,199.13,600,199.21,1100,199.22,2200,199.23,4700,199.24,900,199.25,5000
2026-07-16 09:48:37.456,NVDA,199.21,199.19,900,199.18,3500,199.17,3700,199.16,300,199.15,3100,199.23,3400,199.24,500,199.25,300,199.26,900,199.27,1400
2026-07-16 09:48:37.646,NVDA,199.19,199.17,2400,199.16,3200,199.15,4100,199.14,1800,199.13,2700,199.21,300,199.22,3400,199.23,3100,199.24,1800,199.25,1100
2026-07-16 09:48:37.848,NVDA,199.19,199.17,2400,199.16,4500,199.15,4300,199.14,5000,199.13,4900,199.21,100,199.22,3600,199.23,4800,199.24,1700,199.25,3800
2026-07-16 09:48:38.212,NVDA,199.17,199.15,3300,199.14,4300,199.13,2700,199.12,1000,199.11,2100,199.19,5000,199.2,300,199.21,4000,199.22,4200,199.23,3700
2026-07-16 09:48:38.483,NVDA,199.17,199.15,2200,199.14,3300,199.13,2300,199.12,4000,199.11,3900,199.19,4700,199.2,3100,199.21,2900,199.22,5000,199.23,1600
2026-07-16 09:48:38.977,NVDA,199.16,199.14,1400,199.13,2400,199.12,4400,199.11,3800,199.1,1200,199.18,4200,199.19,2000,199.2,4700,199.21,3100,199.22,3300
2026-07-16 09:48:39.229,NVDA,199.16,199.14,1400,199.13,900,199.12,800,199.11,3300,199.1,2100,199.18,100,199.19,4000,199.2,2900,199.21,300,199.22,2900
2026-07-16 09:48:39.319,NVDA,199.18,199.16,2900,199.15,800,199.14,2200,199.13,1600,199.12,4800,199.2,3700,199.21,3000,199.22,3900,199.23,4600,199.24,2400
2026-07-16 09:48:39.376,NVDA,199.18,199.16,3000,199.15,1200,199.14,800,199.13,1000,199.12,400,199.2,1100,199.21,4900,199.22,4300,199.23,1800,199.24,700
2026-07-16 09:48:39.401,NVDA,199.18,199.16,2100,199.15,800,199.14,600,199.13,2000,199.12,4400,199.2,2100,199.21,4900,199.22,4500,199.23,1700,199.24,2700
2026-07-16 09:48:39.669,NVDA,199.2,199.18,4000,199.17,4100,199.16,1300,199.15,2000,199.14,400,199.22,2500,199.23,1900,199.24,3500,199.25,2900,199.26,1000
2026-07-16 09:48:40.154,NVDA,199.22,199.2,4900,199.19,3600,199.18,200,199.17,5000,199.16,1700,199.24,800,199.25,1500,199.26,200,199.27,4600,199.28,3600
2026-07-16 09:48:40.567,NVDA,199.23,199.21,1900,199.2,4100,199.19,1600,199.18,2900,199.17,2000,199.25,2900,199.26,3900,199.27,3600,199.28,4300,199.29,700
2026-07-16 09:48:40.873,NVDA,199.22,199.2,500,199.19,3100,199.18,2500,199.17,3200,199.16,4100,199.24,4700,199.25,3900,199.26,3700,199.27,1600,199.28,3100
2026-07-16 09:48:40.966,NVDA,199.2,199.18,1800,199.17,1300,199.16,4400,199.15,3600,199.14,900,199.22,1900,199.23,200,199.24,4500,199.25,2000,199.26,3300
2026-07-16 09:48:41.197,NVDA,199.19,199.17,3600,199.16,1500,199.15,900,199.14,400,199.13,1800,199.21,4400,199.22,3300,199.23,3500,199.24,1700,199.25,3500
2026-07-16 09:48:41.411,NVDA,199.18,199.16,2700,199.15,4400,199.14,1100,199.13,1700,199.12,2700,199.2,2800,199.21,2400,199.22,4700,199.23,2200,199.24,700
2026-07-16 09:48:41.732,NVDA,199.2,199.18,2400,199.17,4100,199.16,1400,199.15,2900,199.14,2700,199.22,1900,199.23,1500,199.24,1000,199.25,1100,199.26,4800
2026-07-16 09:48:42.104,NVDA,199.2,199.18,300,199.17,500,199.16,2900,199.15,1900,199.14,1400,199.22,500,199.23,1900,199.24,3600,199.25,1800,199.26,600
2026-07-16 09:48:42.376,NVDA,199.19,199.17,2700,199.16,3600,199.15,2200,199.14,2900,199.13,3000,199.21,3600,199.22,2800,199.23,2800,199.24,1500,199.25,3200
2026-07-16 09:48:42.554,NVDA,199.21,199.19,600,199.18,600,199.17,1700,199.16,2600,199.15,4900,199.23,500,199.24,3200,199.25,4000,199.26,3500,199.27,2200
2026-07-16 09:48:42.850,NVDA,199.23,199.21,2900,199.2,100,199.19,2600,199.18,1000,199.17,1300,199.25,2900,199.26,200,199.27,2300,199.28,4600,199.29,3000
2026-07-16 09:48:43.308,NVDA,199.22,199.2,500,199.19,4700,199.18,2000,199.17,1000,199.16,4300,199.24,3200,199.25,3000,199.26,1700,199.27,3800,199.28,1900
2026-07-16 09:48:43.347,NVDA,199.21,199.19,400,199.18,3200,199.17,4100,199.16,4000,199.15,3000,199.23,1400,199.24,700,199.25,4600,199.26,1800,199.27,400
2026-07-16 09:48:43.679,NVDA,199.21,199.19,200,199.18,4600,199.17,1400,199.16,4500,199.15,1300,199.23,1300,199.24,3400,199.25,3500,199.26,2500,199.27,4900
2026-07-16 09:48:43.808,NVDA,199.19,199.17,1900,199.16,4000,199.15,300,199.14,5000,199.13,2300,199.21,2100,199.22,3000,199.23,400,199.24,1800,199.25,2300
2026-07-16 09:48:44.308,NVDA,199.21,199.19,2800,199.18,1600,199.17,2000,199.16,1300,199.15,3200,199.23,800,199.24,4800,199.25,500,199.26,4800,199.27,2500
2026-07-16 09:48:44.696,NVDA,199.22,199.2,400,199.19,1000,199.18,3000,199.17,2600,199.16,1100,199.24,2300,199.25,3700,199.26,2900,199.27,3800,199.28,4800
2026-07-16 09:48:44.940,NVDA,199.23,199.21,400,199.2,2600,199.19,3400,199.18,4700,199.17,2700,199.25,2100,199.26,1900,199.27,4300,199.28,1100,199.29,4200
2026-07-16 09:48:45.015,NVDA,199.24,199.22,2700,199.21,2100,199.2,2200,199.19,3300,199.18,2700,199.26,2800,199.27,3500,199.28,1200,199.29,1300,199.3,600
2026-07-16 09:48:45.493,NVDA,199.26,199.24,3800,199.23,2200,199.22,2900,199.21,2300,199.2,3300,199.28,3100,199.29,1900,199.3,4800,199.31,800,199.32,2600
2026-07-16 09:48:45.975,NVDA,199.24,199.22,4100,199.21,5000,199.2,2800,199.19,4700,199.18,2700,199.26,3500,199.27,700,199.28,3900,199.29,2800,199.3,200
2026-07-16 09:48:46.147,NVDA,199.23,199.21,2800,199.2,3200,199.19,3100,199.18,3100,199.17,1300,199.25,4600,199.26,4400,199.27,3200,199.28,4200,199.29,4200
2026-07-16 09:48:46.578,NVDA,199.24,199.22,900,199.21,2100,199.2,4400,199.19,3800,199.18,800,199.26,4100,199.27,300,199.28,1500,199.29,2000,199.3,4100
2026-07-16 09:48:46.915,NVDA,199.25,199.23,1200,199.22,300,199.21,1000,199.2,5000,199.19,4200,199.27,2400,199.28,1000,199.29,300,199.3,1500,199.31,1600
2026-07-16 09:48:47.272,NVDA,199.27,199.25,200,199.24,1000,199.23,1600,199.22,4300,199.21,4600,199.29,600,199.3,1700,199.31,2800,199.32,2500,199.33,1200
2026-07-16 09:48:47.525,NVDA,199.28,199.26,900,199.25,3000,199.24,1500,199.23,2700,199.22,200,199.3,3100,199.31,2500,199.32,2200,199.33,4500,199.34,3200
2026-07-16 09:48:47.564,NVDA,199.29,199.27,3400,199.26,900,199.25,2900,199.24,4900,199.23,1400,199.31,3900,199.32,2700,199.33,4900,199.34,2800,199.35,2800
2026-07-16 09:48:47.598,NVDA,199.29,199.27,500,199.26,1700,199.25,1800,199.24,3100,199.23,1400,199.31,2800,199.32,100,199.33,100,199.34,4200,199.35,3500
2026-07-16 09:48:48.070,NVDA,199.31,199.29,3700,199.28,200,199.27,2800,199.26,300,199.25,2900,199.33,3100,199.34,2000,199.35,2800,199.36,1700,199.37,2300
2026-07-16 09:48:48.561,NVDA,199.32,199.3,1700,199.29,1700,199.28,4600,199.27,700,199.26,4400,199.34,3800,199.35,1300,199.36,3100,199.37,200,199.38,4800
2026-07-16 09:48:48.864,NVDA,199.32,199.3,2100,199.29,1700,199.28,2600,199.27,4000,199.26,1400,199.34,1800,199.35,2600,199.36,300,199.37,4400,199.38,1900
2026-07-16 09:48:48.912,NVDA,199.3,199.28,4500,199.27,400,199.26,5000,199.25,4500,199.24,400,199.32,400,199.33,300,199.34,600,199.35,2700,199.36,4600
2026-07-16 09:48:49.113,NVDA,199.3,199.28,2900,199.27,900,199.26,300,199.25,1700,199.24,2900,199.32,2600,199.33,2700,199.34,1500,199.35,4100,199.36,900
2026-07-16 09:48:49.585,NVDA,199.3,199.28,1100,199.27,4600,199.26,4500,199.25,700,199.24,2600,199.32,1600,199.33,4900,199.34,3000,199.35,2000,199.36,3400
2026-07-16 09:48:49.802,NVDA,199.29,199.27,900,199.26,300,199.25,300,199.24,500,199.23,2800,199.31,3400,199.32,2400,199.33,4700,199.34,3400,199.35,1200
2026-07-16 09:48:50.149,NVDA,199.31,199.29,3500,199.28,1800,199.27,2800,199.26,4600,199.25,2900,199.33,3300,199.34,1600,199.35,3400,199.36,1200,199.37,4400
2026-07-16 09:48:50.386,NVDA,199.31,199.29,3800,199.28,1300,199.27,4100,199.26,2200,199.25,3500,199.33,2400,199.34,4700,199.35,5000,199.36,4600,199.37,1100
2026-07-16 09:48:50.584,NVDA,199.33,199.31,4100,199.3,4700,199.29,3900,199.28,4800,199.27,4700,199.35,3500,199.36,300,199.37,2200,199.38,1000,199.39,4700
2026-07-16 09:48:50.783,NVDA,199.32,199.3,1400,199.29,3700,199.28,4300,199.27,3300,199.26,900,199.34,3300,199.35,3800,199.36,4800,199.37,600,199.38,300
2026-07-16 09:48:51.013,NVDA,199.31,199.29,300,199.28,2900,199.27,5000,199.26,2600,199.25,2400,199.33,2100,199.34,1700,199.35,800,199.36,2600,199.37,1400
2026-07-16 09:48:51.177,NVDA,199.31,199.29,200,199.28,4700,199.27,800,199.26,4400,199.25,3200,199.33,1300,199.34,2100,199.35,700,199.36,2800,199.37,3600
2026-07-16 09:48:51.520,NVDA,199.33,199.31,1900,199.3,900,199.29,2000,199.28,3100,199.27,3000,199.35,3100,199.36,4000,199.37,1800,199.38,1200,199.39,2200
2026-07-16 09:48:51.903,NVDA,199.33,199.31,4100,199.3,4400,199.29,1800,199.28,500,199.27,200,199.35,900,199.36,2900,199.37,4400,199.38,1300,199.39,4700
2026-07-16 09:48:52.190,NVDA,199.34,199.32,2500,199.31,4500,199.3,4700,199.29,2400,199.28,4400,199.36,1900,199.37,2800,199.38,3000,199.39,3400,199.4,2500
2026-07-16 09:48:52.526,NVDA,199.33,199.31,900,199.3,100,199.29,1600,199.28,200,199.27,800,199.35,4500,199.36,2100,199.37,1100,199.38,1900,199.39,2500
2026-07-16 09:48:53.008,NVDA,199.32,199.3,4200,199.29,2100,199.28,2400,199.27,100,199.26,4800,199.34,100,199.35,5000,199.36,3500,199.37,1200,199.38,1100
2026-07-16 09:48:53.278,NVDA,199.33,199.31,1900,199.3,900,199.29,100,199.28,1500,199.27,1700,199.35,1700,199.36,1300,199.37,1000,199.38,1200,199.39,2100
2026-07-16 09:48:53.296,NVDA,199.31,199.29,1300,199.28,2300,199.27,100,199.26,2000,199.25,2800,199.33,3000,199.34,600,199.35,4500,199.36,4400,199.37,4400
2026-07-16 09:48:53.320,NVDA,199.32,199.3,3200,199.29,500,199.28,3700,199.27,2400,199.26,2500,199.34,1600,199.35,300,199.36,2000,199.37,4200,199.38,1700
2026-07-16 09:48:53.492,NVDA,199.32,199.3,500,199.29,4200,199.28,1600,199.27,2900,199.26,4000,199.34,1600,199.35,2300,199.36,4400,199.37,3900,199.38,2000
2026-07-16 09:48:53.816,NVDA,199.34,199.32,1200,199.31,3900,199.3,4800,199.29,1700,199.28,2800,199.36,4300,199.37,200,199.38,1400,199.39,3000,199.4,5000
2026-07-16 09:48:54.069,NVDA,199.32,199.3,3600,199.29,4100,199.28,1500,199.27,1500,199.26,3200,199.34,1200,199.35,100,199.36,2500,199.37,4900,199.38,700
2026-07-16 09:48:54.188,NVDA,199.31,199.29,2100,199.28,800,199.27,3900,199.26,200,199.25,3600,199.33,400,199.34,3200,199.35,2100,199.36,300,199.37,3100
2026-07-16 09:48:54.539,NVDA,199.29,199.27,200,199.26,1400,199.25,3900,199.24,1600,199.23,1300,199.31,3000,199.32,2200,199.33,3200,199.34,2700,199.35,3400
2026-07-16 09:48:54.862,NVDA,199.29,199.27,4100,199.26,4700,199.25,3900,199.24,2800,199.23,2000,199.31,1400,199.32,3000,199.33,2300,199.34,1900,199.35,1300
2026-07-16 09:48:55.351,NVDA,199.29,199.27,2500,199.26,3400,199.25,2200,199.24,3000,199.23,200,199.31,1200,199.32,3000,199.33,1400,199.34,2800,199.35,5000
2026-07-16 09:48:55.759,NVDA,199.28,199.26,2400,199.25,4800,199.24,1700,199.23,4900,199.22,2600,199.3,2300,199.31,2800,199.32,3900,199.33,3200,199.34,200
2026-07-16 09:48:55.841,NVDA,199.29,199.27,100,199.26,600,199.25,3600,199.24,2800,199.23,3000,199.31,3300,199.32,2800,199.33,3900,199.34,2200,199.35,2900
2026-07-16 09:48:55.944,NVDA,199.3,199.28,2200,199.27,2900,199.26,3100,199.25,1600,199.24,1000,199.32,3100,199.33,2900,199.34,3400,199.35,3100,199.36,1700
2026-07-16 09:48:55.990,NVDA,199.28,199.26,1600,199.25,4900,199.24,3400,199.23,1200,199.22,1100,199.3,300,199.31,4700,199.32,4000,199.33,300,199.34,4500
2026-07-16 09:48:56.201,NVDA,199.26,199.24,200,199.23,3900,199.22,2100,199.21,2600,199.2,2500,199.28,4800,199.29,1800,199.3,3200,199.31,4900,199.32,1600
2026-07-16 09:48:56.634,NVDA,199.26,199.24,400,199.23,4000,199.22,3600,199.21,1500,199.2,500,199.28,2200,199.29,3900,199.3,4100,199.31,4000,199.32,2600
2026-07-16 09:48:57.001,NVDA,199.25,199.23,3500,199.22,2500,199.21,300,199.2,100,199.19,1000,199.27,700,199.28,5000,199.29,3300,199.3,4300,199.31,800
2026-07-16 09:48:57.484,NVDA,199.27,199.25,4500,199.24,1600,199.23,1300,199.22,4300,199.21,2800,199.29,2800,199.3,2400,199.31,1800,199.32,1500,199.33,4700
2026-07-16 09:48:57.950,NVDA,199.27,199.25,1300,199.24,4700,199.23,1800,199.22,1600,199.21,5000,199.29,4200,199.3,4100,199.31,1600,199.32,3900,199.33,4000
2026-07-16 09:48:58.111,NVDA,199.28,199.26,3400,199.25,1200,199.24,3000,199.23,600,199.22,1100,199.3,1100,199.31,3100,199.32,4500,199.33,2200,199.34,3700
2026-07-16 09:48:58.417,NVDA,199.3,199.28,3400,199.27,2000,199.26,800,199.25,3000,199.24,3500,199.32,4700,199.33,2500,199.34,4900,199.35,4600,199.36,3400
2026-07-16 09:48:58.428,NVDA,199.3,199.28,4100,199.27,3600,199.26,1800,199.25,1400,199.24,3700,199.32,2600,199.33,1900,199.34,300,199.35,4500,199.36,2800
2026-07-16 09:48:58.771,NVDA,199.32,199.3,1200,199.29,1000,199.28,3800,199.27,700,199.26,700,199.34,1200,199.35,3200,199.36,1000,199.37,2400,199.38,3100
2026-07-16 09:48:59.263,NVDA,199.31,199.29,600,199.28,700,199.27,1600,199.26,1900,199.25,4700,199.33,4400,199.34,2600,199.35,4600,199.36,1100,199.37,100
2026-07-16 09:48:59.470,NVDA,199.29,199.27,2400,199.26,3800,199.25,5000,199.24,2200,199.23,1400,199.31,1000,199.32,200,199.33,2300,199.34,500,199.35,1900
2026-07-16 09:48:59.876,NVDA,199.31,199.29,2100,199.28,3900,199.27,4200,199.26,900,199.25,900,199.33,800,199.34,1400,199.35,1300,199.36,3100,199.37,1900
2026-07-16 09:49:00.224,NVDA,199.29,199.27,5000,199.26,3000,199.25,500,199.24,1100,199.23,3800,199.31,1300,199.32,4700,199.33,2700,199.34,4000,199.35,4800
2026-07-16 09:49:00.680,NVDA,199.29,199.27,3300,199.26,1700,199.25,2900,199.24,600,199.23,2500,199.31,1500,199.32,4900,199.33,2800,199.34,1600,199.35,1000
2026-07-16 09:49:01.088,NVDA,199.29,199.27,3100,199.26,2900,199.25,4200,199.24,2600,199.23,2900,199.31,100,199.32,3700,199.33,4800,199.34,1000,199.35,3300
2026-07-16 09:49:01.223,NVDA,199.28,199.26,2500,199.25,2500,199.24,1600,199.23,2300,199.22,700,199.3,1500,199.31,2200,199.32,1100,199.33,1000,199.34,2200
2026-07-16 09:49:01.379,NVDA,199.27,199.25,4100,199.24,1900,199.23,4000,199.22,1800,199.21,1400,199.29,2800,199.3,4500,199.31,2500,199.32,3500,199.33,3700
2026-07-16 09:49:01.553,NVDA,199.26,199.24,4700,199.23,4800,199.22,500,199.21,900,199.2,4200,199.28,1000,199.29,3900,199.3,3000,199.31,3900,199.32,4500
2026-07-16 09:49:01.685,NVDA,199.24,199.22,3500,199.21,2900,199.2,900,199.19,700,199.18,4100,199.26,700,199.27,1100,199.28,200,199.29,4400,199.3,3300
2026-07-16 09:49:02.058,NVDA,199.26,199.24,1400,199.23,4000,199.22,600,199.21,1000,199.2,3300,199.28,4100,199.29,4000,199.3,800,199.31,2600,199.32,3100
2026-07-16 09:49:02.242,NVDA,199.27,199.25,5000,199.24,2500,199.23,2300,199.22,5000,199.21,3600,199.29,300,199.3,3200,199.31,2300,199.32,5000,199.33,1900
2026-07-16 09:49:02.679,NVDA,199.26,199.24,3600,199.23,2300,199.22,4000,199.21,3500,199.2,900,199.28,4500,199.29,3900,199.3,4800,199.31,3600,199.32,2900
2026-07-16 09:49:03.111,NVDA,199.24,199.22,2500,199.21,1200,199.2,100,199.19,3100,199.18,2700,199.26,2600,199.27,3600,199.28,100,199.29,3600,199.3,500
2026-07-16 09:49:03.432,NVDA,199.26,199.24,2500,199.23,1000,199.22,3800,199.21,1800,199.2,1900,199.28,2700,199.29,2900,199.3,1400,199.31,1000,199.32,1800
2026-07-16 09:49:03.551,NVDA,199.26,199.24,1700,199.23,1400,199.22,1000,199.21,3900,199.2,2200,199.28,1000,199.29,4200,199.3,4000,199.31,2100,199.32,4400
2026-07-16 09:49:03.649,NVDA,199.27,199.25,4700,199.24,1300,199.23,3100,199.22,2400,199.21,3900,199.29,2200,199.3,1200,199.31,800,199.32,2400,199.33,2000
2026-07-16 09:49:04.066,NVDA,199.28,199.26,4500,199.25,3900,199.24,200,199.23,4800,199.22,2000,199.3,4500,199.31,2300,199.32,3700,199.33,1500,199.34,4100
2026-07-16 09:49:04.136,NVDA,199.3,199.28,1900,199.27,2900,199.26,2100,199.25,3000,199.24,1300,199.32,4600,199.33,4900,199.34,3600,199.35,2500,199.36,4800
2026-07-16 09:49:04.148,NVDA,199.28,199.26,400,199.25,300,199.24,4900,199.23,4300,199.22,3000,199.3,100,199.31,2800,199.32,4000,199.33,1900,199.34,600
2026-07-16 09:49:04.206,NVDA,199.29,199.27,4800,199.26,200,199.25,1600,199.24,4100,199.23,100,199.31,1800,199.32,3400,199.33,2500,199.34,100,199.35,2300
2026-07-16 09:49:04.598,NVDA,199.29,199.27,4200,199.26,4600,199.25,1200,199.24,800,199.23,4500,199.31,4200,199.32,2700,199.33,700,199.34,900,199.35,5000
2026-07-16 09:49:04.983,NVDA,199.31,199.29,2700,199.28,3900,199.27,1700,199.26,2600,199.25,1100,199.33,1100,199.34,4000,199.35,2100,199.36,1500,199.37,4600
2026-07-16 09:49:05.063,NVDA,199.29,199.27,400,199.26,200,199.25,4200,199.24,4000,199.23,2200,199.31,900,199.32,1600,199.33,1200,199.34,1800,199.35,1100
2026-07-16 09:49:05.340,NVDA,199.28,199.26,1400,199.25,1100,199.24,3400,199.23,1400,199.22,4700,199.3,2200,199.31,3500,199.32,4500,199.33,4700,199.34,2200
2026-07-16 09:49:05.417,NVDA,199.26,199.24,3200,199.23,2800,199.22,4100,199.21,4100,199.2,4900,199.28,2900,199.29,4500,199.3,4000,199.31,1500,199.32,4200
2026-07-16 09:49:05.646,NVDA,199.27,199.25,100,199.24,1700,199.23,3900,199.22,4400,199.21,3100,199.29,600,199.3,3900,199.31,4000,199.32,1300,199.33,4900
2026-07-16 09:49:05.685,NVDA,199.25,199.23,2300,199.22,4600,199.21,500,199.2,1700,199.19,400,199.27,4300,199.28,1100,199.29,4500,199.3,4500,199.31,4400
2026-07-16 09:49:05.785,NVDA,199.27,199.25,900,199.24,3800,199.23,3500,199.22,700,199.21,1600,199.29,3700,199.3,2500,199.31,1200,199.32,1600,199.33,500
2026-07-16 09:49:05.969,NVDA,199.27,199.25,2800,199.24,2000,199.23,4200,199.22,1700,199.21,800,199.29,200,199.3,3000,199.31,3600,199.32,3000,199.33,5000
2026-07-16 09:49:06.288,NVDA,199.29,199.27,3100,199.26,3700,199.25,2200,199.24,3900,199.23,400,199.31,2700,199.32,1300,199.33,4300,199.34,4100,199.35,2000
2026-07-16 09:49:06.340,NVDA,199.28,199.26,1500,199.25,4000,199.24,2100,199.23,3800,199.22,600,199.3,4700,199.31,3700,199.32,4600,199.33,200,199.34,5000
2026-07-16 09:49:06.747,NVDA,199.27,199.25,2000,199.24,1300,199.23,2300,199.22,2600,199.21,4600,199.29,2600,199.3,1400,199.31,4100,199.32,4400,199.33,4600
2026-07-16 09:49:06.830,NVDA,199.26,199.24,4100,199.23,4600,199.22,300,199.21,900,199.2,4600,199.28,500,199.29,5000,199.3,1100,199.31,4700,199.32,3200
2026-07-16 09:49:07.259,NVDA,199.25,199.23,3300,199.22,2000,199.21,800,199.2,3000,199.19,2400,199.27,1500,199.28,1200,199.29,4100,199.3,500,199.31,4500
2026-07-16 09:49:07.494,NVDA,199.24,199.22,1300,199.21,1800,199.2,2900,199.19,4100,199.18,900,199.26,3800,199.27,4300,199.28,4800,199.29,1000,199.3,3700
2026-07-16 09:49:07.795,NVDA,199.23,199.21,2600,199.2,4300,199.19,2400,199.18,2200,199.17,4900,199.25,2700,199.26,1800,199.27,1000,199.28,1800,199.29,700
2026-07-16 09:49:08.237,NVDA,199.25,199.23,1900,199.22,3600,199.21,2900,199.2,2900,199.19,4000,199.27,1900,199.28,4500,199.29,3900,199.3,2900,199.31,3900
2026-07-16 09:49:08.588,NVDA,199.26,199.24,700,199.23,200,199.22,4400,199.21,800,199.2,2700,199.28,300,199.29,2400,199.3,2400,199.31,5000,199.32,3800
2026-07-16 09:49:09.067,NVDA,199.28,199.26,1500,199.25,2800,199.24,3300,199.23,100,199.22,4100,199.3,4600,199.31,3000,199.32,3800,199.33,4300,199.34,200
2026-07-16 09:49:09.316,NVDA,199.29,199.27,3400,199.26,2800,199.25,5000,199.24,300,199.23,300,199.31,900,199.32,3300,199.33,4200,199.34,3700,199.35,700
2026-07-16 09:49:09.354,NVDA,199.28,199.26,3000,199.25,3700,199.24,1100,199.23,500,199.22,2600,199.3,100,199.31,2700,199.32,2300,199.33,700,199.34,4000
2026-07-16 09:49:09.543,NVDA,199.29,199.27,4900,199.26,2600,199.25,600,199.24,4700,199.23,2200,199.31,2300,199.32,4100,199.33,5000,199.34,100,199.35,4900
2026-07-16 09:49:09.996,NVDA,199.28,199.26,2600,199.25,4000,199.24,300,199.23,700,199.22,4300,199.3,2900,199.31,3800,199.32,2500,199.33,1800,199.34,200
2026-07-16 09:49:10.109,NVDA,199.29,199.27,1900,199.26,3000,199.25,2500,199.24,1800,199.23,500,199.31,1900,199.32,2800,199.33,1500,199.34,900,199.35,4100
2026-07-16 09:49:10.446,NVDA,199.28,199.26,3400,199.25,4300,199.24,2400,199.23,3700,199.22,2900,199.3,2300,199.31,3700,199.32,4500,199.33,3300,199.34,2700
2026-07-16 09:49:10.771,NVDA,199.27,199.25,4900,199.24,3300,199.23,4200,199.22,3400,199.21,1200,199.29,1600,199.3,5000,199.31,3300,199.32,3900,199.33,1600
2026-07-16 09:49:11.257,NVDA,199.28,199.26,2300,199.25,900,199.24,2300,199.23,2500,199.22,3500,199.3,2800,199.31,2700,199.32,2200,199.33,3400,199.34,1900
2026-07-16 09:49:11.285,NVDA,199.26,199.24,2600,199.23,3000,199.22,300,199.21,4000,199.2,1200,199.28,4600,199.29,3500,199.3,3200,199.31,4300,199.32,3200
2026-07-16 09:49:11.623,NVDA,199.25,199.23,1600,199.22,2500,199.21,2000,199.2,4600,199.19,500,199.27,2400,199.28,100,199.29,2100,199.3,1900,199.31,1300
2026-07-16 09:49:12.021,NVDA,199.27,199.25,300,199.24,800,199.23,300,199.22,1000,199.21,4300,199.29,4400,199.3,2400,199.31,4000,199.32,1800,199.33,3600
2026-07-16 09:49:12.505,NVDA,199.29,199.27,2800,199.26,100,199.25,1600,199.24,3200,199.23,3000,199.31,200,199.32,400,199.33,500,199.34,500,199.35,3600
2026-07-16 09:49:12.741,NVDA,199.29,199.27,2400,199.26,2400,199.25,5000,199.24,1600,199.23,100,199.31,2300,199.32,3500,199.33,300,199.34,1000,199.35,4800
2026-07-16 09:49:13.148,NVDA,199.28,199.26,4500,199.25,1100,199.24,2300,199.23,3500,199.22,1000,199.3,1400,199.31,3100,199.32,100,199.33,3400,199.34,100
2026-07-16 09:49:13.347,NVDA,199.28,199.26,700,199.25,2300,199.24,1300,199.23,100,199.22,1800,199.3,1000,199.31,4100,199.32,1300,199.33,3600,199.34,1800
2026-07-16 09:49:13.579,NVDA,199.29,199.27,400,199.26,3600,199.25,3300,199.24,5000,199.23,3700,199.31,1200,199.32,3700,199.33,5000,199.34,4400,199.35,2200
2026-07-16 09:49:13.807,NVDA,199.28,199.26,4600,199.25,4600,199.24,2300,199.23,2800,199.22,3000,199.3,2200,199.31,1900,199.32,2700,199.33,3200,199.34,1400
2026-07-16 09:49:13.910,NVDA,199.28,199.26,900,199.25,1000,199.24,2800,199.23,3300,199.22,1600,199.3,800,199.31,3100,199.32,2500,199.33,900,199.34,2600
2026-07-16 09:49:14.075,NVDA,199.28,199.26,700,199.25,3900,199.24,4700,199.23,2500,199.22,4000,199.3,2800,199.31,2700,199.32,4100,199.33,4000,199.34,2600
2026-07-16 09:49:14.300,NVDA,199.28,199.26,4500,199.25,3600,199.24,1100,199.23,2100,199.22,900,199.3,4900,199.31,4200,199.32,300,199.33,1400,199.34,2500
2026-07-16 09:49:14.796,NVDA,199.28,199.26,4400,199.25,1500,199.24,600,199.23,1900,199.22,900,199.3,1900,199.31,1200,199.32,1400,199.33,300,199.34,3800
2026-07-16 09:49:15.171,NVDA,199.27,199.25,1600,199.24,700,199.23,3400,199.22,2200,199.21,1600,199.29,800,199.3,1500,199.31,2700,199.32,5000,199.33,200
2026-07-16 09:49:15.670,NVDA,199.25,199.23,200,199.22,1700,199.21,3900,199.2,1800,199.19,2800,199.27,1800,199.28,1200,199.29,2300,199.3,1000,199.31,2100
2026-07-16 09:49:16.067,NVDA,199.26,199.24,300,199.23,4300,199.22,2900,199.21,3500,199.2,1900,199.28,3700,199.29,2700,199.3,2100,199.31,3600,199.32,2400
2026-07-16 09:49:16.412,NVDA,199.26,199.24,700,199.23,1400,199.22,3300,199.21,3500,199.2,600,199.28,800,199.29,4600,199.3,2400,199.31,2500,199.32,2500
2026-07-16 09:49:16.556,NVDA,199.24,199.22,300,199.21,900,199.2,600,199.19,300,199.18,700,199.26,3700,199.27,1500,199.28,3800,199.29,3400,199.3,3100
2026-07-16 09:49:16.810,NVDA,199.25,199.23,3100,199.22,1000,199.21,3300,199.2,3900,199.19,1300,199.27,2100,199.28,700,199.29,3200,199.3,4500,199.31,3500
2026-07-16 09:49:17.301,NVDA,199.25,199.23,3400,199.22,1200,199.21,1500,199.2,4200,199.19,1800,199.27,1500,199.28,4100,199.29,3800,199.3,4800,199.31,2000
2026-07-16 09:49:17.796,NVDA,199.23,199.21,4100,199.2,4300,199.19,3900,199.18,2400,199.17,3100,199.25,1200,199.26,4100,199.27,1300,199.28,3800,199.29,300
2026-07-16 09:49:17.874,NVDA,199.23,199.21,1000,199.2,4900,199.19,1400,199.18,4400,199.17,4800,199.25,3900,199.26,4600,199.27,3400,199.28,2400,199.29,2800
2026-07-16 09:49:18.282,NVDA,199.21,199.19,800,199.18,4000,199.17,2200,199.16,3600,199.15,4500,199.23,200,199.24,3900,199.25,4600,199.26,1900,199.27,4500
2026-07-16 09:49:18.597,NVDA,199.19,199.17,900,199.16,4400,199.15,2900,199.14,2600,199.13,1700,199.21,4000,199.22,2700,199.23,3800,199.24,4500,199.25,1600
2026-07-16 09:49:18.873,NVDA,199.18,199.16,700,199.15,2600,199.14,3600,199.13,900,199.12,2000,199.2,2300,199.21,4400,199.22,3700,199.23,700,199.24,3300
2026-07-16 09:49:19.289,NVDA,199.17,199.15,3000,199.14,1000,199.13,4900,199.12,1800,199.11,1700,199.19,2300,199.2,3900,199.21,3400,199.22,2600,199.23,3800
2026-07-16 09:49:19.624,NVDA,199.15,199.13,3900,199.12,2100,199.11,4900,199.1,900,199.09,100,199.17,2800,199.18,4100,199.19,3700,199.2,2000,199.21,4000
2026-07-16 09:49:19.726,NVDA,199.17,199.15,2600,199.14,1300,199.13,2600,199.12,2900,199.11,1800,199.19,4100,199.2,1500,199.21,3800,199.22,1900,199.23,5000
2026-07-16 09:49:20.050,NVDA,199.15,199.13,3500,199.12,400,199.11,300,199.1,2400,199.09,4700,199.17,3000,199.18,2600,199.19,300,199.2,2400,199.21,800
2026-07-16 09:49:20.163,NVDA,199.17,199.15,2300,199.14,4900,199.13,2500,199.12,4800,199.11,100,199.19,4700,199.2,2000,199.21,4200,199.22,300,199.23,100
2026-07-16 09:49:20.558,NVDA,199.19,199.17,500,199.16,200,199.15,2300,199.14,700,199.13,2300,199.21,100,199.22,4900,199.23,4900,199.24,1800,199.25,3700
2026-07-16 09:49:20.828,NVDA,199.17,199.15,3200,199.14,400,199.13,4200,199.12,4400,199.11,2600,199.19,600,199.2,200,199.21,3300,199.22,1600,199.23,100
2026-07-16 09:49:21.278,NVDA,199.16,199.14,3100,199.13,1700,199.12,1500,199.11,700,199.1,3800,199.18,200,199.19,200,199.2,1100,199.21,3700,199.22,1200
2026-07-16 09:49:21.586,NVDA,199.14,199.12,1100,199.11,4800,199.1,2100,199.09,4400,199.08,2000,199.16,2200,199.17,1800,199.18,3700,199.19,600,199.2,4500
2026-07-16 09:49:21.804,NVDA,199.16,199.14,600,199.13,200,199.12,1500,199.11,3800,199.1,2300,199.18,3300,199.19,1400,199.2,2100,199.21,700,199.22,4600
2026-07-16 09:49:21.884,NVDA,199.15,199.13,200,199.12,4200,199.11,5000,199.1,4300,199.09,3900,199.17,3800,199.18,1000,199.19,1100,199.2,3900,199.21,1100
2026-07-16 09:49:22.202,NVDA,199.13,199.11,300,199.1,1400,199.09,4600,199.08,2000,199.07,4800,199.15,800,199.16,3400,199.17,800,199.18,3100,199.19,1300
2026-07-16 09:49:22.284,NVDA,199.13,199.11,3300,199.1,4500,199.09,2400,199.08,1300,199.07,2000,199.15,1000,199.16,4900,199.17,4600,199.18,4100,199.19,1800
2026-07-16 09:49:22.705,NVDA,199.13,199.11,2700,199.1,4000,199.09,3900,199.08,800,199.07,2400,199.15,3100,199.16,1300,199.17,1100,199.18,2200,199.19,3200
2026-07-16 09:49:22.743,NVDA,199.13,199.11,1300,199.1,4900,199.09,1300,199.08,4400,199.07,200,199.15,4100,199.16,3900,199.17,3400,199.18,800,199.19,4300
2026-07-16 09:49:22.810,NVDA,199.13,199.11,4300,199.1,3500,199.09,1000,199.08,600,199.07,4200,199.15,3000,199.16,3600,199.17,600,199.18,600,199.19,4800
2026-07-16 09:49:22.838,NVDA,199.12,199.1,200,199.09,3300,199.08,1000,199.07,2900,199.06,3200,199.14,800,199.15,4200,199.16,500,199.17,3000,199.18,4800
2026-07-16 09:49:23.009,NVDA,199.1,199.08,2900,199.07,1500,199.06,2900,199.05,3900,199.04,1700,199.12,1800,199.13,3300,199.14,500,199.15,2600,199.16,4500
2026-07-16 09:49:23.362,NVDA,199.1,199.08,1500,199.07,500,199.06,4200,199.05,1100,199.04,400,199.12,4800,199.13,800,199.14,3400,199.15,3900,199.16,2000
2026-07-16 09:49:23.677,NVDA,199.11,199.09,1000,199.08,4300,199.07,1400,199.06,4200,199.05,2200,199.13,3000,199.14,1000,199.15,3700,199.16,4500,199.17,1300
2026-07-16 09:49:23.979,NVDA,199.13,199.11,100,199.1,4200,199.09,1700,199.08,1000,199.07,3900,199.15,2900,199.16,900,199.17,1000,199.18,1400,199.19,200
2026-07-16 09:49:24.330,NVDA,199.12,199.1,3500,199.09,2300,199.08,500,199.07,1400,199.06,3800,199.14,2900,199.15,4000,199.16,4000,199.17,1000,199.18,2000
2026-07-16 09:49:24.608,NVDA,199.11,199.09,200,199.08,1400,199.07,600,199.06,300,199.05,3100,199.13,3500,199.14,1400,199.15,3700,199.16,3600,199.17,200
2026-07-16 09:49:24.968,NVDA,199.13,199.11,2900,199.1,2400,199.09,600,199.08,1700,199.07,1500,199.15,3200,199.16,2700,199.17,1900,199.18,4200,199.19,2200
2026-07-16 09:49:25.126,NVDA,199.12,199.1,2300,199.09,900,199.08,4500,199.07,4400,199.06,1900,199.14,3200,199.15,3000,199.16,3100,199.17,4800,199.18,3400
2026-07-16 09:49:25.554,NVDA,199.11,199.09,3300,199.08,1700,199.07,1300,199.06,3500,199.05,4400,199.13,2900,199.14,1500,199.15,200,199.16,3000,199.17,3600
2026-07-16 09:49:26.008,NVDA,199.12,199.1,2800,199.09,200,199.08,4200,199.07,2500,199.06,2000,199.14,2600,199.15,2700,199.16,2800,199.17,1100,199.18,1800
2026-07-16 09:49:26.419,NVDA,199.1,199.08,1100,199.07,4700,199.06,1200,199.05,2700,199.04,1100,199.12,4800,199.13,4600,199.14,1300,199.15,3300,199.16,600
2026-07-16 09:49:26.575,NVDA,199.1,199.08,2100,199.07,3000,199.06,4700,199.05,2100,199.04,1300,199.12,2900,199.13,3000,199.14,2400,199.15,3600,199.16,3900
2026-07-16 09:49:26.807,NVDA,199.08,199.06,2000,199.05,1300,199.04,300,199.03,4500,199.02,3700,199.1,2500,199.11,3000,199.12,100,199.13,2100,199.14,400
2026-07-16 09:49:27.064,NVDA,199.1,199.08,2900,199.07,4800,199.06,2800,199.05,4000,199.04,2800,199.12,900,199.13,2700,199.14,600,199.15,4500,199.16,500
2026-07-16 09:49:27.431,NVDA,199.11,199.09,3500,199.08,2500,199.07,3500,199.06,3800,199.05,2200,199.13,700,199.14,1100,199.15,3800,199.16,500,199.17,2200
2026-07-16 09:49:27.509,NVDA,199.11,199.09,800,199.08,4200,199.07,1000,199.06,3000,199.05,3700,199.13,1600,199.14,1700,199.15,1500,199.16,3400,199.17,1000
2026-07-16 09:49:27.594,NVDA,199.13,199.11,5000,199.1,4300,199.09,200,199.08,4800,199.07,3600,199.15,3600,199.16,3800,199.17,1300,199.18,900,199.19,4000
2026-07-16 09:49:27.990,NVDA,199.15,199.13,4900,199.12,2700,199.11,4600,199.1,200,199.09,600,199.17,3900,199.18,3600,199.19,4300,199.2,4200,199.21,4200
2026-07-16 09:49:28.327,NVDA,199.16,199.14,2500,199.13,2400,199.12,4000,199.11,2300,199.1,2000,199.18,2100,199.19,3700,199.2,2300,199.21,200,199.22,2300
2026-07-16 09:49:28.687,NVDA,199.14,199.12,2300,199.11,4700,199.1,1500,199.09,3600,199.08,400,199.16,4200,199.17,4200,199.18,3300,199.19,2600,199.2,2700
2026-07-16 09:49:29.159,NVDA,199.12,199.1,2700,199.09,4300,199.08,600,199.07,5000,199.06,2300,199.14,4500,199.15,3500,199.16,4300,199.17,2900,199.18,2300
2026-07-16 09:49:29.411,NVDA,199.13,199.11,600,199.1,3500,199.09,3800,199.08,4100,199.07,1000,199.15,4200,199.16,4300,199.17,2400,199.18,2900,199.19,4700
2026-07-16 09:49:29.888,NVDA,199.14,199.12,4100,199.11,4500,199.1,3300,199.09,1700,199.08,3900,199.16,2300,199.17,700,199.18,2100,199.19,4700,199.2,2500
2026-07-16 09:49:29.951,NVDA,199.15,199.13,500,199.12,200,199.11,1100,199.1,3700,199.09,1400,199.17,3500,199.18,3900,199.19,4900,199.2,3000,199.21,4900
2026-07-16 09:49:30.417,NVDA,199.16,199.14,3600,199.13,5000,199.12,2500,199.11,4300,199.1,4800,199.18,3500,199.19,100,199.2,1800,199.21,2800,199.22,5000
2026-07-16 09:49:30.706,NVDA,199.17,199.15,5000,199.14,1700,199.13,3500,199.12,3700,199.11,1600,199.19,3500,199.2,2300,199.21,4700,199.22,1900,199.23,4700
2026-07-16 09:49:30.850,NVDA,199.18,199.16,4200,199.15,1400,199.14,4200,199.13,4200,199.12,3100,199.2,1000,199.21,800,199.22,2600,199.23,4300,199.24,1200
2026-07-16 09:49:31.212,NVDA,199.18,199.16,1200,199.15,3900,199.14,1600,199.13,700,199.12,4100,199.2,700,199.21,300,199.22,1400,199.23,1700,199.24,1500
2026-07-16 09:49:31.355,NVDA,199.18,199.16,2800,199.15,3700,199.14,4000,199.13,4800,199.12,4300,199.2,600,199.21,500,199.22,3500,199.23,1100,199.24,4100
2026-07-16 09:49:31.470,NVDA,199.2,199.18,1400,199.17,4300,199.16,3700,199.15,800,199.14,700,199.22,3600,199.23,1200,199.24,4300,199.25,3700,199.26,3000
2026-07-16 09:49:31.949,NVDA,199.22,199.2,4900,199.19,3100,199.18,3500,199.17,3300,199.16,2000,199.24,1200,199.25,3900,199.26,600,199.27,2500,199.28,700
2026-07-16 09:49:32.184,NVDA,199.22,199.2,300,199.19,4500,199.18,2400,199.17,2100,199.16,4100,199.24,100,199.25,1700,199.26,3300,199.27,2800,199.28,900
2026-07-16 09:49:32.656,NVDA,199.24,199.22,2300,199.21,4600,199.2,900,199.19,2600,199.18,1900,199.26,4700,199.27,4300,199.28,2700,199.29,3400,199.3,2500
2026-07-16 09:49:32.679,NVDA,199.22,199.2,1400,199.19,600,199.18,3300,199.17,4100,199.16,1300,199.24,1000,199.25,1800,199.26,1600,199.27,2500,199.28,3400
2026-07-16 09:49:32.750,NVDA,199.22,199.2,600,199.19,4300,199.18,4700,199.17,1300,199.16,3700,199.24,2300,199.25,2800,199.26,2200,199.27,3300,199.28,600
2026-07-16 09:49:33.071,NVDA,199.22,199.2,2300,199.19,1400,199.18,2800,199.17,900,199.16,3000,199.24,3700,199.25,3200,199.26,900,199.27,2200,199.28,2700
2026-07-16 09:49:33.354,NVDA,199.21,199.19,4700,199.18,4700,199.17,4000,199.16,3000,199.15,700,199.23,1500,199.24,1300,199.25,2100,199.26,200,199.27,3100
2026-07-16 09:49:33.787,NVDA,199.23,199.21,3600,199.2,2700,199.19,700,199.18,4000,199.17,3100,199.25,4300,199.26,500,199.27,3500,199.28,4000,199.29,1500
2026-07-16 09:49:33.893,NVDA,199.22,199.2,3300,199.19,800,199.18,400,199.17,4700,199.16,3300,199.24,4800,199.25,4600,199.26,100,199.27,400,199.28,4700
2026-07-16 09:49:34.191,NVDA,199.23,199.21,4500,199.2,100,199.19,4700,199.18,1700,199.17,3400,199.25,4400,199.26,100,199.27,4300,199.28,4400,199.29,5000
2026-07-16 09:49:34.202,NVDA,199.25,199.23,4500,199.22,4900,199.21,900,199.2,4500,199.19,4000,199.27,1000,199.28,2900,199.29,3400,199.3,2100,199.31,3700
2026-07-16 09:49:34.665,NVDA,199.26,199.24,4300,199.23,400,199.22,1100,199.21,200,199.2,1000,199.28,1200,199.29,1800,199.3,1200,199.31,1700,199.32,4600
2026-07-16 09:49:35.044,NVDA,199.26,199.24,400,199.23,400,199.22,3000,199.21,1300,199.2,1000,199.28,3500,199.29,3600,199.3,4200,199.31,2100,199.32,4100
2026-07-16 09:49:35.075,NVDA,199.25,199.23,2500,199.22,700,199.21,3300,199.2,5000,199.19,2900,199.27,2000,199.28,1900,199.29,4900,199.3,2700,199.31,2400
2026-07-16 09:49:35.130,NVDA,199.24,199.22,4900,199.21,4200,199.2,900,199.19,3000,199.18,3700,199.26,3300,199.27,2000,199.28,2000,199.29,3600,199.3,3800
2026-07-16 09:49:35.526,NVDA,199.23,199.21,4500,199.2,2000,199.19,4100,199.18,1300,199.17,3300,199.25,4200,199.26,2700,199.27,5000,199.28,1400,199.29,3200
2026-07-16 09:49:35.748,NVDA,199.22,199.2,2000,199.19,3100,199.18,900,199.17,4100,199.16,3600,199.24,700,199.25,2300,199.26,4300,199.27,200,199.28,600
2026-07-16 09:49:35.971,NVDA,199.24,199.22,4600,199.21,4900,199.2,600,199.19,3100,199.18,400,199.26,3900,199.27,2200,199.28,600,199.29,4300,199.3,4900
2026-07-16 09:49:36.071,NVDA,199.23,199.21,1800,199.2,4200,199.19,2500,199.18,3900,199.17,400,199.25,1800,199.26,3100,199.27,4300,199.28,200,199.29,1400
2026-07-16 09:49:36.220,NVDA,199.22,199.2,100,199.19,300,199.18,1900,199.17,4000,199.16,4100,199.24,600,199.25,1400,199.26,4800,199.27,3100,199.28,1700
2026-07-16 09:49:36.652,NVDA,199.24,199.22,2500,199.21,3200,199.2,2100,199.19,3000,199.18,400,199.26,900,199.27,3900,199.28,2000,199.29,3900,199.3,300
2026-07-16 09:49:37.139,NVDA,199.26,199.24,4900,199.23,4900,199.22,4800,199.21,3300,199.2,1800,199.28,2400,199.29,2700,199.3,1400,199.31,2400,199.32,2700
2026-07-16 09:49:37.379,NVDA,199.26,199.24,2800,199.23,3000,199.22,1400,199.21,1700,199.2,600,199.28,4800,199.29,400,199.3,300,199.31,2500,199.32,4000
2026-07-16 09:49:37.803,NVDA,199.26,199.24,1700,199.23,1700,199.22,1900,199.21,3900,199.2,500,199.28,100,199.29,5000,199.3,1400,199.31,400,199.32,300
2026-07-16 09:49:37.991,NVDA,199.25,199.23,4100,199.22,1900,199.21,4500,199.2,4000,199.19,3100,199.27,3900,199.28,500,199.29,4600,199.3,200,199.31,1300
2026-07-16 09:49:38.029,NVDA,199.26,199.24,1700,199.23,2100,199.22,1800,199.21,3800,199.2,4900,199.28,4300,199.29,2900,199.3,200,199.31,2100,199.32,2700
2026-07-16 09:49:38.067,NVDA,199.25,199.23,4900,199.22,2900,199.21,4000,199.2,4900,199.19,3900,199.27,1700,199.28,500,199.29,1400,199.3,1400,199.31,4300
2026-07-16 09:49:38.225,NVDA,199.27,199.25,3000,199.24,700,199.23,500,199.22,4400,199.21,1300,199.29,800,199.3,1800,199.31,500,199.32,1900,199.33,1500
2026-07-16 09:49:38.697,NVDA,199.25,199.23,1400,199.22,2800,199.21,400,199.2,3400,199.19,3100,199.27,2600,199.28,400,199.29,4400,199.3,2500,199.31,4600
2026-07-16 09:49:38.911,NVDA,199.26,199.24,2000,199.23,3600,199.22,4000,199.21,1800,199.2,4200,199.28,3500,199.29,400,199.3,3800,199.31,4300,199.32,3800
2026-07-16 09:49:39.328,NVDA,199.27,199.25,4000,199.24,4200,199.23,3600,199.22,3800,199.21,2300,199.29,4500,199.3,1400,199.31,1600,199.32,2100,199.33,1900
2026-07-16 09:49:39.701,NVDA,199.26,199.24,700,199.23,3700,199.22,4800,199.21,3200,199.2,4400,199.28,500,199.29,2000,199.3,3000,199.31,1200,199.32,700
2026-07-16 09:49:39.819,NVDA,199.28,199.26,4100,199.25,1500,199.24,2100,199.23,2900,199.22,1800,199.3,4300,199.31,400,199.32,500,199.33,5000,199.34,1300
2026-07-16 09:49:39.941,NVDA,199.28,199.26,3700,199.25,2600,199.24,2200,199.23,4200,199.22,900,199.3,1300,199.31,3100,199.32,3400,199.33,4800,199.34,900
2026-07-16 09:49:40.075,NVDA,199.3,199.28,1000,199.27,900,199.26,1600,199.25,4700,199.24,3700,199.32,4400,199.33,2200,199.34,3100,199.35,4000,199.36,1900
2026-07-16 09:49:40.331,NVDA,199.3,199.28,1000,199.27,1100,199.26,4300,199.25,2700,199.24,4400,199.32,4800,199.33,700,199.34,4400,199.35,1300,199.36,1800
2026-07-16 09:49:40.819,NVDA,199.32,199.3,800,199.29,3800,199.28,1600,199.27,4300,199.26,3800,199.34,3600,199.35,3100,199.36,100,199.37,3900,199.38,200
2026-07-16 09:49:40.973,NVDA,199.33,199.31,100,199.3,800,199.29,1400,199.28,1900,199.27,2700,199.35,4800,199.36,3000,199.37,4600,199.38,600,199.39,4200
2026-07-16 09:49:41.158,NVDA,199.32,199.3,100,199.29,3500,199.28,500,199.27,2600,199.26,800,199.34,600,199.35,300,199.36,700,199.37,2100,199.38,3100
2026-07-16 09:49:41.521,NVDA,199.33,199.31,3800,199.3,5000,199.29,1200,199.28,2100,199.27,3100,199.35,3200,199.36,4800,199.37,4400,199.38,100,199.39,1400
2026-07-16 09:49:41.836,NVDA,199.31,199.29,4900,199.28,1600,199.27,2900,199.26,3500,199.25,1500,199.33,1600,199.34,3300,199.35,600,199.36,2500,199.37,4000
2026-07-16 09:49:42.280,NVDA,199.29,199.27,2600,199.26,2400,199.25,2400,199.24,4200,199.23,600,199.31,3400,199.32,800,199.33,3700,199.34,2000,199.35,2100
2026-07-16 09:49:42.779,NVDA,199.28,199.26,2900,199.25,4100,199.24,300,199.23,1700,199.22,300,199.3,2500,199.31,600,199.32,4000,199.33,1000,199.34,1800
2026-07-16 09:49:43.024,NVDA,199.28,199.26,1300,199.25,3600,199.24,4400,199.23,500,199.22,300,199.3,500,199.31,4800,199.32,1700,199.33,3800,199.34,2700
2026-07-16 09:49:43.452,NVDA,199.26,199.24,1000,199.23,2100,199.22,900,199.21,2600,199.2,4500,199.28,3300,199.29,1800,199.3,2500,199.31,3700,199.32,3700
2026-07-16 09:49:43.651,NVDA,199.28,199.26,4300,199.25,1700,199.24,1600,199.23,1900,199.22,1700,199.3,500,199.31,3400,199.32,3500,199.33,2900,199.34,2300
2026-07-16 09:49:43.788,NVDA,199.3,199.28,1600,199.27,2100,199.26,5000,199.25,3100,199.24,1600,199.32,3300,199.33,2900,199.34,900,199.35,4400,199.36,4800
2026-07-16 09:49:43.864,NVDA,199.29,199.27,3400,199.26,4900,199.25,2400,199.24,3400,199.23,2300,199.31,700,199.32,2900,199.33,3300,199.34,1900,199.35,4700
2026-07-16 09:49:44.035,NVDA,199.29,199.27,3800,199.26,2800,199.25,3400,199.24,1500,199.23,3200,199.31,300,199.32,4700,199.33,4700,199.34,1300,199.35,3700
2026-07-16 09:49:44.442,NVDA,199.27,199.25,500,199.24,4700,199.23,4700,199.22,1400,199.21,4400,199.29,100,199.3,2800,199.31,4600,199.32,600,199.33,500
2026-07-16 09:49:44.634,NVDA,199.26,199.24,1600,199.23,1500,199.22,2100,199.21,1800,199.2,3800,199.28,1500,199.29,4300,199.3,1600,199.31,3900,199.32,800
2026-07-16 09:49:44.802,NVDA,199.24,199.22,1200,199.21,400,199.2,2800,199.19,300,199.18,2500,199.26,4200,199.27,3600,199.28,4500,199.29,300,199.3,4200
2026-07-16 09:49:45.171,NVDA,199.25,199.23,4300,199.22,2100,199.21,2700,199.2,1800,199.19,700,199.27,4100,199.28,600,199.29,2600,199.3,900,199.31,3100
2026-07-16 09:49:45.624,NVDA,199.25,199.23,4100,199.22,2000,199.21,4600,199.2,1300,199.19,4800,199.27,3900,199.28,700,199.29,4300,199.3,2600,199.31,4400
2026-07-16 09:49:45.860,NVDA,199.25,199.23,4300,199.22,2800,199.21,3000,199.2,1200,199.19,4200,199.27,400,199.28,300,199.29,2100,199.3,3000,199.31,600
2026-07-16 09:49:45.882,NVDA,199.27,199.25,4400,199.24,3600,199.23,3000,199.22,4800,199.21,3100,199.29,3900,199.3,1500,199.31,300,199.32,400,199.33,4100
2026-07-16 09:49:45.920,NVDA,199.27,199.25,900,199.24,1800,199.23,1700,199.22,4100,199.21,1500,199.29,1200,199.3,500,199.31,1500,199.32,900,199.33,1300
2026-07-16 09:49:45.971,NVDA,199.25,199.23,2700,199.22,2800,199.21,1900,199.2,4000,199.19,1200,199.27,4800,199.28,2700,199.29,3900,199.3,5000,199.31,800
2026-07-16 09:49:46.108,NVDA,199.25,199.23,4800,199.22,2500,199.21,800,199.2,1600,199.19,5000,199.27,4000,199.28,400,199.29,1700,199.3,900,199.31,2500
2026-07-16 09:49:46.263,NVDA,199.27,199.25,2400,199.24,3700,199.23,1200,199.22,3000,199.21,4100,199.29,2500,199.3,200,199.31,5000,199.32,4100,199.33,2500
2026-07-16 09:49:46.625,NVDA,199.25,199.23,2700,199.22,2200,199.21,1400,199.2,600,199.19,4500,199.27,4800,199.28,400,199.29,2000,199.3,800,199.31,4300
2026-07-16 09:49:46.641,NVDA,199.23,199.21,2600,199.2,4800,199.19,2900,199.18,4700,199.17,2600,199.25,3500,199.26,2700,199.27,1300,199.28,4900,199.29,3100
2026-07-16 09:49:46.721,NVDA,199.23,199.21,2700,199.2,3200,199.19,1900,199.18,4000,199.17,4500,199.25,2600,199.26,2900,199.27,2300,199.28,100,199.29,1600
2026-07-16 09:49:47.042,NVDA,199.22,199.2,500,199.19,3500,199.18,4900,199.17,1700,199.16,5000,199.24,1500,199.25,2100,199.26,400,199.27,1100,199.28,2600
2026-07-16 09:49:47.383,NVDA,199.21,199.19,3300,199.18,4400,199.17,2000,199.16,1900,199.15,5000,199.23,4400,199.24,3100,199.25,4000,199.26,5000,199.27,1700
2026-07-16 09:49:47.500,NVDA,199.23,199.21,2500,199.2,3800,199.19,2900,199.18,1200,199.17,5000,199.25,2100,199.26,3000,199.27,3100,199.28,3500,199.29,400
2026-07-16 09:49:47.780,NVDA,199.22,199.2,2800,199.19,2000,199.18,200,199.17,4200,199.16,4900,199.24,2000,199.25,1300,199.26,2600,199.27,3600,199.28,1000
2026-07-16 09:49:47.871,NVDA,199.24,199.22,1000,199.21,1700,199.2,4800,199.19,1000,199.18,400,199.26,3800,199.27,4600,199.28,4700,199.29,4700,199.3,4900
2026-07-16 09:49:48.370,NVDA,199.25,199.23,3300,199.22,4200,199.21,4800,199.2,2400,199.19,1200,199.27,200,199.28,600,199.29,2900,199.3,4200,199.31,2100
2026-07-16 09:49:48.733,NVDA,199.27,199.25,4200,199.24,3100,199.23,2100,199.22,700,199.21,3500,199.29,4400,199.3,400,199.31,3600,199.32,1500,199.33,1600
2026-07-16 09:49:48.814,NVDA,199.28,199.26,100,199.25,4600,199.24,3100,199.23,1500,199.22,4700,199.3,1000,199.31,5000,199.32,2000,199.33,400,199.34,3200
2026-07-16 09:49:49.301,NVDA,199.3,199.28,1500,199.27,3100,199.26,900,199.25,2100,199.24,3400,199.32,400,199.33,2900,199.34,1800,199.35,4200,199.36,3000
2026-07-16 09:49:49.386,NVDA,199.31,199.29,2600,199.28,4700,199.27,1100,199.26,600,199.25,100,199.33,1200,199.34,1000,199.35,900,199.36,2300,199.37,1900
2026-07-16 09:49:49.574,NVDA,199.29,199.27,1800,199.26,2700,199.25,3200,199.24,1300,199.23,3400,199.31,2200,199.32,4700,199.33,2200,199.34,1400,199.35,3700
2026-07-16 09:49:49.793,NVDA,199.29,199.27,4300,199.26,2800,199.25,3200,199.24,400,199.23,300,199.31,3500,199.32,2900,199.33,3300,199.34,1800,199.35,1500
2026-07-16 09:49:49.842,NVDA,199.29,199.27,1000,199.26,800,199.25,4700,199.24,1000,199.23,4000,199.31,1900,199.32,1100,199.33,2600,199.34,1100,199.35,4600
2026-07-16 09:49:49.935,NVDA,199.3,199.28,1300,199.27,2400,199.26,1300,199.25,2900,199.24,4800,199.32,2200,199.33,1800,199.34,2300,199.35,2100,199.36,1900
2026-07-16 09:49:50.072,NVDA,199.28,199.26,2500,199.25,1700,199.24,1600,199.23,1400,199.22,4700,199.3,4500,199.31,4500,199.32,800,199.33,3100,199.34,3700
2026-07-16 09:49:50.236,NVDA,199.29,199.27,4100,199.26,900,199.25,2900,199.24,2900,199.23,3600,199.31,3600,199.32,3200,199.33,4600,199.34,4900,199.35,4000
2026-07-16 09:49:50.356,NVDA,199.3,199.28,3200,199.27,1400,199.26,700,199.25,600,199.24,4100,199.32,4800,199.33,3100,199.34,800,199.35,600,199.36,4800
2026-07-16 09:49:50.722,NVDA,199.28,199.26,1700,199.25,200,199.24,3300,199.23,4200,199.22,3400,199.3,2500,199.31,2300,199.32,3300,199.33,3700,199.34,4900
2026-07-16 09:49:50.924,NVDA,199.27,199.25,5000,199.24,1400,199.23,4300,199.22,3400,199.21,1100,199.29,2800,199.3,4200,199.31,1100,199.32,600,199.33,2400
2026-07-16 09:49:51.269,NVDA,199.29,199.27,500,199.26,2300,199.25,600,199.24,1800,199.23,4600,199.31,4400,199.32,4000,199.33,2800,199.34,4100,199.35,1700
2026-07-16 09:49:51.628,NVDA,199.29,199.27,3300,199.26,900,199.25,1200,199.24,4400,199.23,1300,199.31,2400,199.32,1500,199.33,4500,199.34,3800,199.35,1100
2026-07-16 09:49:52.104,NVDA,199.27,199.25,4800,199.24,3200,199.23,3100,199.22,4800,199.21,700,199.29,4000,199.3,2600,199.31,3200,199.32,4700,199.33,3500
2026-07-16 09:49:52.572,NVDA,199.27,199.25,300,199.24,3400,199.23,1400,199.22,4800,199.21,1300,199.29,2000,199.3,700,199.31,3800,199.32,1200,199.33,2400
2026-07-16 09:49:52.825,NVDA,199.29,199.27,1400,199.26,4900,199.25,4600,199.24,5000,199.23,4800,199.31,500,199.32,2000,199.33,400,199.34,1100,199.35,3200
2026-07-16 09:49:53.116,NVDA,199.28,199.26,3400,199.25,2400,199.24,2900,199.23,4900,199.22,1800,199.3,4400,199.31,2500,199.32,2100,199.33,1700,199.34,4800
2026-07-16 09:49:53.553,NVDA,199.3,199.28,1500,199.27,2900,199.26,3800,199.25,1000,199.24,1300,199.32,500,199.33,800,199.34,3600,199.35,1000,199.36,5000
2026-07-16 09:49:53.939,NVDA,199.29,199.27,1100,199.26,1700,199.25,800,199.24,3200,199.23,4400,199.31,900,199.32,3800,199.33,2800,199.34,3900,199.35,1300
2026-07-16 09:49:54.315,NVDA,199.27,199.25,5000,199.24,4700,199.23,2300,199.22,2600,199.21,1200,199.29,200,199.3,4900,199.31,3400,199.32,3000,199.33,2400
2026-07-16 09:49:54.783,NVDA,199.25,199.23,2000,199.22,3200,199.21,1100,199.2,3600,199.19,2800,199.27,900,199.28,300,199.29,600,199.3,1000,199.31,1100
2026-07-16 09:49:54.797,NVDA,199.23,199.21,200,199.2,1800,199.19,600,199.18,2800,199.17,2500,199.25,2400,199.26,2600,199.27,1600,199.28,3000,199.29,1200
2026-07-16 09:49:54.878,NVDA,199.24,199.22,2600,199.21,2100,199.2,500,199.19,3200,199.18,3400,199.26,500,199.27,4300,199.28,4000,199.29,4500,199.3,200
2026-07-16 09:49:55.099,NVDA,199.22,199.2,1000,199.19,800,199.18,3000,199.17,3000,199.16,3300,199.24,2000,199.25,600,199.26,100,199.27,1400,199.28,2100
2026-07-16 09:49:55.399,NVDA,199.21,199.19,4600,199.18,4200,199.17,900,199.16,4300,199.15,2900,199.23,3900,199.24,2500,199.25,1100,199.26,1500,199.27,4200
2026-07-16 09:49:55.640,NVDA,199.23,199.21,400,199.2,3700,199.19,800,199.18,700,199.17,4300,199.25,4600,199.26,4500,199.27,1400,199.28,800,199.29,1200
2026-07-16 09:49:55.890,NVDA,199.21,199.19,3900,199.18,3900,199.17,400,199.16,4200,199.15,400,199.23,2800,199.24,4200,199.25,4500,199.26,4800,199.27,700
2026-07-16 09:49:56.053,NVDA,199.2,199.18,1000,199.17,4400,199.16,1800,199.15,2700,199.14,3500,199.22,4300,199.23,3800,199.24,3500,199.25,2300,199.26,3800
2026-07-16 09:49:56.290,NVDA,199.22,199.2,4900,199.19,700,199.18,2100,199.17,3300,199.16,2300,199.24,700,199.25,2900,199.26,1500,199.27,800,199.28,4400
2026-07-16 09:49:56.398,NVDA,199.21,199.19,4200,199.18,1800,199.17,1600,199.16,2900,199.15,2600,199.23,2900,199.24,2200,199.25,700,199.26,4600,199.27,3000
2026-07-16 09:49:56.705,NVDA,199.2,199.18,1200,199.17,4800,199.16,1700,199.15,3500,199.14,4900,199.22,4500,199.23,4900,199.24,1200,199.25,1600,199.26,3500
2026-07-16 09:49:57.110,NVDA,199.21,199.19,4400,199.18,3400,199.17,1200,199.16,200,199.15,2500,199.23,1700,199.24,2000,199.25,3900,199.26,3600,199.27,2500
2026-07-16 09:49:57.470,NVDA,199.2,199.18,1400,199.17,4600,199.16,3300,199.15,500,199.14,2300,199.22,3900,199.23,3400,199.24,3500,199.25,3100,199.26,2200
2026-07-16 09:49:57.671,NVDA,199.19,199.17,2400,199.16,3600,199.15,300,199.14,3000,199.13,1200,199.21,2100,199.22,3100,199.23,1800,199.24,800,199.25,1000
2026-07-16 09:49:58.035,NVDA,199.19,199.17,300,199.16,3100,199.15,600,199.14,4800,199.13,4400,199.21,3200,199.22,2900,199.23,600,199.24,4900,199.25,400
2026-07-16 09:49:58.369,NVDA,199.17,199.15,5000,199.14,2800,199.13,4700,199.12,4600,199.11,3600,199.19,200,199.2,200,199.21,3500,199.22,2000,199.23,1900
2026-07-16 09:49:58.866,NVDA,199.16,199.14,3900,199.13,2300,199.12,100,199.11,2700,199.1,600,199.18,4200,199.19,2900,199.2,2400,199.21,1900,199.22,2100
2026-07-16 09:49:59.053,NVDA,199.17,199.15,1600,199.14,300,199.13,4400,199.12,2800,199.11,900,199.19,4300,199.2,1700,199.21,1300,199.22,2300,199.23,3200
2026-07-16 09:49:59.171,NVDA,199.15,199.13,1300,199.12,1400,199.11,400,199.1,1800,199.09,5000,199.17,800,199.18,2400,199.19,2700,199.2,2800,199.21,4900
2026-07-16 09:49:59.356,NVDA,199.14,199.12,4500,199.11,2200,199.1,4000,199.09,1800,199.08,2500,199.16,2500,199.17,4900,199.18,4900,199.19,4800,199.2,1400
2026-07-16 09:49:59.783,NVDA,199.14,199.12,5000,199.11,1300,199.1,4300,199.09,2300,199.08,3300,199.16,1700,199.17,2800,199.18,2900,199.19,1300,199.2,1700
2026-07-16 09:50:00.169,NVDA,199.16,199.14,2600,199.13,1500,199.12,4800,199.11,1000,199.1,3000,199.18,1900,199.19,2000,199.2,1900,199.21,1700,199.22,2200
2026-07-16 09:50:00.514,NVDA,199.16,199.14,3800,199.13,300,199.12,1600,199.11,100,199.1,1300,199.18,3200,199.19,200,199.2,2100,199.21,900,199.22,4200
2026-07-16 09:50:01.010,NVDA,199.17,199.15,2900,199.14,2900,199.13,600,199.12,700,199.11,1200,199.19,1500,199.2,3500,199.21,4400,199.22,1300,199.23,3900
2026-07-16 09:50:01.082,NVDA,199.18,199.16,1900,199.15,4200,199.14,4100,199.13,600,199.12,2500,199.2,2500,199.21,1800,199.22,100,199.23,2900,199.24,3700
2026-07-16 09:50:01.279,NVDA,199.16,199.14,4500,199.13,1000,199.12,4900,199.11,3800,199.1,5000,199.18,1900,199.19,400,199.2,2800,199.21,400,199.22,1700
2026-07-16 09:50:01.366,NVDA,199.18,199.16,1700,199.15,800,199.14,2100,199.13,4000,199.12,500,199.2,4600,199.21,700,199.22,1000,199.23,2800,199.24,4100
2026-07-16 09:50:01.686,NVDA,199.18,199.16,2300,199.15,2100,199.14,4100,199.13,3900,199.12,200,199.2,1600,199.21,1600,199.22,1900,199.23,3100,199.24,3400
2026-07-16 09:50:01.796,NVDA,199.2,199.18,4300,199.17,100,199.16,3400,199.15,1800,199.14,2400,199.22,1800,199.23,900,199.24,3000,199.25,2900,199.26,900
2026-07-16 09:50:01.841,NVDA,199.21,199.19,2700,199.18,1500,199.17,2500,199.16,1900,199.15,3800,199.23,2300,199.24,4200,199.25,100,199.26,3600,199.27,900
2026-07-16 09:50:01.927,NVDA,199.23,199.21,500,199.2,2100,199.19,300,199.18,2100,199.17,4400,199.25,3900,199.26,4500,199.27,3100,199.28,4900,199.29,2500
2026-07-16 09:50:02.387,NVDA,199.25,199.23,500,199.22,3700,199.21,3000,199.2,700,199.19,4000,199.27,4200,199.28,3200,199.29,500,199.3,4300,199.31,1100
2026-07-16 09:50:02.733,NVDA,199.25,199.23,1000,199.22,2900,199.21,900,199.2,2000,199.19,200,199.27,200,199.28,1200,199.29,3600,199.3,3500,199.31,400
2026-07-16 09:50:03.048,NVDA,199.24,199.22,1000,199.21,2600,199.2,4800,199.19,100,199.18,2100,199.26,800,199.27,200,199.28,2000,199.29,2100,199.3,400
2026-07-16 09:50:03.279,NVDA,199.22,199.2,1200,199.19,2200,199.18,2200,199.17,4700,199.16,3000,199.24,1200,199.25,2800,199.26,1700,199.27,3200,199.28,4400
2026-07-16 09:50:03.652,NVDA,199.21,199.19,2600,199.18,1500,199.17,3700,199.16,3400,199.15,4300,199.23,3700,199.24,3100,199.25,4400,199.26,2200,199.27,800
2026-07-16 09:50:03.853,NVDA,199.23,199.21,400,199.2,200,199.19,500,199.18,4700,199.17,1700,199.25,5000,199.26,200,199.27,3400,199.28,1200,199.29,3400
2026-07-16 09:50:03.938,NVDA,199.23,199.21,1000,199.2,1400,199.19,2600,199.18,4500,199.17,900,199.25,400,199.26,3700,199.27,2300,199.28,4100,199.29,400
2026-07-16 09:50:04.095,NVDA,199.21,199.19,2600,199.18,600,199.17,2700,199.16,2200,199.15,100,199.23,4600,199.24,2100,199.25,4500,199.26,700,199.27,4800
2026-07-16 09:50:04.504,NVDA,199.2,199.18,5000,199.17,4500,199.16,500,199.15,4300,199.14,3300,199.22,3400,199.23,3200,199.24,900,199.25,3100,199.26,2200
2026-07-16 09:50:04.867,NVDA,199.21,199.19,1400,199.18,600,199.17,1200,199.16,1000,199.15,1800,199.23,4900,199.24,4500,199.25,3700,199.26,1100,199.27,2400
2026-07-16 09:50:04.878,NVDA,199.2,199.18,1800,199.17,3100,199.16,4200,199.15,400,199.14,2900,199.22,2900,199.23,400,199.24,1100,199.25,3200,199.26,3800
2026-07-16 09:50:05.147,NVDA,199.18,199.16,4600,199.15,2800,199.14,100,199.13,4300,199.12,2100,199.2,4000,199.21,3300,199.22,400,199.23,4700,199.24,2600
2026-07-16 09:50:05.199,NVDA,199.16,199.14,2600,199.13,400,199.12,4400,199.11,3800,199.1,1500,199.18,3100,199.19,1400,199.2,2200,199.21,100,199.22,800
2026-07-16 09:50:05.656,NVDA,199.18,199.16,3600,199.15,5000,199.14,4700,199.13,4000,199.12,4400,199.2,1000,199.21,1500,199.22,2900,199.23,500,199.24,1300
2026-07-16 09:50:06.019,NVDA,199.18,199.16,1700,199.15,300,199.14,3100,199.13,4300,199.12,3100,199.2,3400,199.21,300,199.22,3200,199.23,2000,199.24,4600
2026-07-16 09:50:06.298,NVDA,199.16,199.14,4900,199.13,3700,199.12,3200,199.11,4800,199.1,200,199.18,900,199.19,4700,199.2,4700,199.21,3500,199.22,4100
2026-07-16 09:50:06.481,NVDA,199.14,199.12,3100,199.11,1300,199.1,2700,199.09,900,199.08,3800,199.16,4000,199.17,1600,199.18,300,199.19,2600,199.2,3400
2026-07-16 09:50:06.799,NVDA,199.16,199.14,2300,199.13,2000,199.12,3900,199.11,3500,199.1,1400,199.18,1400,199.19,4400,199.2,3100,199.21,4200,199.22,1500
2026-07-16 09:50:07.231,NVDA,199.18,199.16,3100,199.15,3100,199.14,200,199.13,4400,199.12,2100,199.2,300,199.21,4700,199.22,4800,199.23,1700,199.24,4700
2026-07-16 09:50:07.314,NVDA,199.19,199.17,1400,199.16,5000,199.15,3300,199.14,4200,199.13,1900,199.21,2500,199.22,2900,199.23,2600,199.24,100,199.25,1900
2026-07-16 09:50:07.658,NVDA,199.17,199.15,4300,199.14,4400,199.13,3300,199.12,1500,199.11,3400,199.19,1100,199.2,3500,199.21,4900,199.22,4600,199.23,3600
2026-07-16 09:50:07.710,NVDA,199.17,199.15,1300,199.14,4200,199.13,4100,199.12,4300,199.11,4500,199.19,3200,199.2,700,199.21,3100,199.22,4000,199.23,3400
2026-07-16 09:50:08.016,NVDA,199.18,199.16,2900,199.15,300,199.14,600,199.13,2000,199.12,600,199.2,2900,199.21,4600,199.22,4100,199.23,3100,199.24,1900
2026-07-16 09:50:08.455,NVDA,199.2,199.18,4900,199.17,2800,199.16,4000,199.15,100,199.14,4000,199.22,900,199.23,1800,199.24,1500,199.25,5000,199.26,4100
2026-07-16 09:50:08.572,NVDA,199.18,199.16,600,199.15,3800,199.14,4900,199.13,600,199.12,500,199.2,2600,199.21,300,199.22,5000,199.23,1300,199.24,3900
2026-07-16 09:50:08.585,NVDA,199.16,199.14,4000,199.13,4000,199.12,2100,199.11,1900,199.1,1300,199.18,1700,199.19,4800,199.2,3900,199.21,1100,199.22,4100
2026-07-16 09:50:08.710,NVDA,199.14,199.12,4500,199.11,1500,199.1,4800,199.09,3200,199.08,4800,199.16,3200,199.17,3400,199.18,4800,199.19,4100,199.2,200
2026-07-16 09:50:08.737,NVDA,199.12,199.1,2400,199.09,3300,199.08,1800,199.07,4000,199.06,2800,199.14,2000,199.15,1100,199.16,1000,199.17,2400,199.18,1000
2026-07-16 09:50:09.059,NVDA,199.14,199.12,1700,199.11,1400,199.1,3800,199.09,1600,199.08,1700,199.16,4200,199.17,4600,199.18,2800,199.19,800,199.2,2100
2026-07-16 09:50:09.455,NVDA,199.16,199.14,3600,199.13,4800,199.12,4300,199.11,3100,199.1,1000,199.18,4500,199.19,800,199.2,3500,199.21,800,199.22,3900
2026-07-16 09:50:09.879,NVDA,199.17,199.15,1300,199.14,1600,199.13,1000,199.12,2100,199.11,900,199.19,3600,199.2,400,199.21,2800,199.22,1500,199.23,3600
2026-07-16 09:50:10.269,NVDA,199.15,199.13,4000,199.12,2100,199.11,4100,199.1,1300,199.09,4900,199.17,1100,199.18,1200,199.19,1300,199.2,4900,199.21,1200
2026-07-16 09:50:10.547,NVDA,199.16,199.14,800,199.13,2900,199.12,3700,199.11,900,199.1,3900,199.18,2800,199.19,5000,199.2,4800,199.21,1800,199.22,4000
2026-07-16 09:50:10.851,NVDA,199.16,199.14,1600,199.13,800,199.12,4400,199.11,400,199.1,4800,199.18,5000,199.19,2400,199.2,3700,199.21,3300,199.22,900
2026-07-16 09:50:11.093,NVDA,199.15,199.13,1800,199.12,1500,199.11,4700,199.1,1700,199.09,4800,199.17,2800,199.18,4900,199.19,3800,199.2,4200,199.21,2200
2026-07-16 09:50:11.311,NVDA,199.17,199.15,1100,199.14,3300,199.13,3300,199.12,2800,199.11,700,199.19,2800,199.2,4200,199.21,2800,199.22,2900,199.23,4200
2026-07-16 09:50:11.356,NVDA,199.16,199.14,3900,199.13,1400,199.12,4000,199.11,4600,199.1,1500,199.18,200,199.19,3400,199.2,4900,199.21,4500,199.22,2300
2026-07-16 09:50:11.619,NVDA,199.15,199.13,1500,199.12,1700,199.11,3300,199.1,600,199.09,600,199.17,3700,199.18,2800,199.19,4800,199.2,1600,199.21,3100
2026-07-16 09:50:11.682,NVDA,199.17,199.15,300,199.14,500,199.13,3200,199.12,1900,199.11,3200,199.19,400,199.2,1100,199.21,1000,199.22,2200,199.23,2900
2026-07-16 09:50:11.903,NVDA,199.16,199.14,3000,199.13,2200,199.12,4500,199.11,2600,199.1,300,199.18,4100,199.19,3800,199.2,3700,199.21,2100,199.22,1100
2026-07-16 09:50:12.368,NVDA,199.17,199.15,3600,199.14,4700,199.13,1300,199.12,3900,199.11,4600,199.19,3500,199.2,1700,199.21,2800,199.22,3500,199.23,1500
2026-07-16 09:50:12.842,NVDA,199.16,199.14,800,199.13,4800,199.12,2200,199.11,1100,199.1,3000,199.18,2700,199.19,1300,199.2,3600,199.21,100,199.22,4500
2026-07-16 09:50:12.952,NVDA,199.17,199.15,4600,199.14,1300,199.13,1700,199.12,1700,199.11,2200,199.19,100,199.2,2300,199.21,1000,199.22,2600,199.23,1900
2026-07-16 09:50:13.068,NVDA,199.19,199.17,3400,199.16,4300,199.15,3400,199.14,2000,199.13,3500,199.21,2900,199.22,3000,199.23,1600,199.24,2300,199.25,3600
2026-07-16 09:50:13.394,NVDA,199.21,199.19,4300,199.18,1600,199.17,2200,199.16,1600,199.15,2300,199.23,400,199.24,2400,199.25,2700,199.26,3500,199.27,3300
2026-07-16 09:50:13.622,NVDA,199.2,199.18,2800,199.17,4500,199.16,1800,199.15,2900,199.14,200,199.22,3900,199.23,800,199.24,2100,199.25,4800,199.26,2300
2026-07-16 09:50:13.632,NVDA,199.22,199.2,2600,199.19,1500,199.18,900,199.17,300,199.16,700,199.24,2600,199.25,4200,199.26,600,199.27,3700,199.28,3200
2026-07-16 09:50:13.753,NVDA,199.24,199.22,4100,199.21,4700,199.2,400,199.19,1400,199.18,3000,199.26,2300,199.27,3500,199.28,700,199.29,3400,199.3,1100
2026-07-16 09:50:13.771,NVDA,199.24,199.22,1500,199.21,3500,199.2,2900,199.19,2200,199.18,4300,199.26,3700,199.27,2100,199.28,4600,199.29,5000,199.3,3300
2026-07-16 09:50:13.924,NVDA,199.23,199.21,4200,199.2,3800,199.19,3600,199.18,1100,199.17,4100,199.25,1200,199.26,3000,199.27,200,199.28,2500,199.29,3400
2026-07-16 09:50:14.037,NVDA,199.24,199.22,5000,199.21,4300,199.2,2500,199.19,4700,199.18,1000,199.26,3100,199.27,3000,199.28,1300,199.29,2900,199.3,2300
2026-07-16 09:50:14.401,NVDA,199.23,199.21,2900,199.2,2100,199.19,1500,199.18,1500,199.17,4400,199.25,1400,199.26,1800,199.27,1000,199.28,2600,199.29,300
2026-07-16 09:50:14.842,NVDA,199.21,199.19,2500,199.18,2700,199.17,2500,199.16,4600,199.15,3500,199.23,500,199.24,700,199.25,1700,199.26,1300,199.27,1300
2026-07-16 09:50:14.866,NVDA,199.22,199.2,300,199.19,2700,199.18,3700,199.17,1000,199.16,3100,199.24,400,199.25,800,199.26,1900,199.27,3900,199.28,2500
2026-07-16 09:50:15.016,NVDA,199.24,199.22,1500,199.21,4900,199.2,2200,199.19,4300,199.18,3000,199.26,1000,199.27,4500,199.28,1500,199.29,1400,199.3,100
2026-07-16 09:50:15.454,NVDA,199.24,199.22,3300,199.21,3700,199.2,1900,199.19,4300,199.18,4000,199.26,100,199.27,4400,199.28,2100,199.29,700,199.3,3600
2026-07-16 09:50:15.533,NVDA,199.25,199.23,4600,199.22,3400,199.21,1100,199.2,2200,199.19,400,199.27,2400,199.28,300,199.29,4600,199.3,2300,199.31,3700
2026-07-16 09:50:15.605,NVDA,199.25,199.23,4700,199.22,1700,199.21,4000,199.2,1700,199.19,4200,199.27,5000,199.28,1800,199.29,4900,199.3,2700,199.31,3400
2026-07-16 09:50:15.637,NVDA,199.23,199.21,4800,199.2,4800,199.19,3500,199.18,2800,199.17,1600,199.25,4700,199.26,3600,199.27,1100,199.28,4400,199.29,4800
2026-07-16 09:50:15.824,NVDA,199.23,199.21,3500,199.2,600,199.19,3900,199.18,1400,199.17,3200,199.25,3900,199.26,2000,199.27,2700,199.28,3600,199.29,1800
2026-07-16 09:50:15.858,NVDA,199.22,199.2,200,199.19,2000,199.18,4400,199.17,3700,199.16,4200,199.24,3000,199.25,4000,199.26,800,199.27,400,199.28,200
2026-07-16 09:50:16.168,NVDA,199.2,199.18,1700,199.17,5000,199.16,1300,199.15,2800,199.14,200,199.22,2800,199.23,2700,199.24,1300,199.25,3400,199.26,2700
2026-07-16 09:50:16.201,NVDA,199.22,199.2,600,199.19,2000,199.18,1000,199.17,700,199.16,1200,199.24,1900,199.25,400,199.26,1200,199.27,4500,199.28,1200
2026-07-16 09:50:16.648,NVDA,199.2,199.18,1900,199.17,1500,199.16,1500,199.15,1800,199.14,500,199.22,4900,199.23,700,199.24,600,199.25,1500,199.26,1100
2026-07-16 09:50:16.904,NVDA,199.19,199.17,1900,199.16,3700,199.15,800,199.14,5000,199.13,5000,199.21,3900,199.22,3500,199.23,2200,199.24,3500,199.25,2900
2026-07-16 09:50:17.102,NVDA,199.17,199.15,1300,199.14,1400,199.13,2500,199.12,4800,199.11,1000,199.19,700,199.2,1300,199.21,4600,199.22,2400,199.23,3000
2026-07-16 09:50:17.516,NVDA,199.18,199.16,1100,199.15,1400,199.14,3100,199.13,600,199.12,2100,199.2,300,199.21,800,199.22,4800,199.23,2600,199.24,3800
2026-07-16 09:50:17.578,NVDA,199.19,199.17,4500,199.16,900,199.15,100,199.14,3200,199.13,2600,199.21,2100,199.22,4600,199.23,400,199.24,400,199.25,3600
2026-07-16 09:50:17.809,NVDA,199.2,199.18,800,199.17,4200,199.16,3700,199.15,2000,199.14,4700,199.22,400,199.23,500,199.24,2200,199.25,1200,199.26,3100
2026-07-16 09:50:17.899,NVDA,199.21,199.19,1000,199.18,4400,199.17,2000,199.16,700,199.15,1300,199.23,1700,199.24,3100,199.25,400,199.26,2300,199.27,700
2026-07-16 09:50:17.949,NVDA,199.22,199.2,2400,199.19,400,199.18,3800,199.17,3400,199.16,2100,199.24,2400,199.25,600,199.26,3000,199.27,3800,199.28,700
2026-07-16 09:50:18.040,NVDA,199.21,199.19,1800,199.18,1000,199.17,4100,199.16,2000,199.15,4900,199.23,3100,199.24,3600,199.25,4800,199.26,3200,199.27,4200
2026-07-16 09:50:18.172,NVDA,199.23,199.21,2600,199.2,2800,199.19,300,199.18,1900,199.17,1900,199.25,100,199.26,500,199.27,5000,199.28,1500,199.29,4500
2026-07-16 09:50:18.340,NVDA,199.25,199.23,4700,199.22,100,199.21,1600,199.2,4000,199.19,900,199.27,1700,199.28,4400,199.29,3400,199.3,1300,199.31,200
2026-07-16 09:50:18.466,NVDA,199.26,199.24,4300,199.23,2500,199.22,3200,199.21,4900,199.2,2200,199.28,4500,199.29,2800,199.3,4700,199.31,1000,199.32,1200
2026-07-16 09:50:18.626,NVDA,199.24,199.22,3800,199.21,2100,199.2,800,199.19,1000,199.18,600,199.26,1000,199.27,2800,199.28,4900,199.29,4600,199.3,1800
2026-07-16 09:50:18.991,NVDA,199.22,199.2,1800,199.19,800,199.18,700,199.17,4700,199.16,1200,199.24,4700,199.25,4100,199.26,1500,199.27,2900,199.28,600
2026-07-16 09:50:19.401,NVDA,199.24,199.22,3300,199.21,2700,199.2,1500,199.19,1100,199.18,3800,199.26,2300,199.27,4500,199.28,1000,199.29,600,199.3,2100
2026-07-16 09:50:19.536,NVDA,199.23,199.21,100,199.2,500,199.19,400,199.18,200,199.17,3400,199.25,3200,199.26,4800,199.27,3300,199.28,3300,199.29,4000
2026-07-16 09:50:19.746,NVDA,199.25,199.23,2400,199.22,5000,199.21,4100,199.2,3900,199.19,4800,199.27,2600,199.28,2600,199.29,300,199.3,4000,199.31,1300
2026-07-16 09:50:20.003,NVDA,199.26,199.24,4900,199.23,100,199.22,3900,199.21,3300,199.2,4800,199.28,4400,199.29,400,199.3,1700,199.31,3200,199.32,4800
2026-07-16 09:50:20.029,NVDA,199.27,199.25,800,199.24,3400,199.23,400,199.22,3400,199.21,3800,199.29,600,199.3,1000,199.31,3400,199.32,3500,199.33,4400
2026-07-16 09:50:20.246,NVDA,199.29,199.27,1200,199.26,2100,199.25,900,199.24,600,199.23,400,199.31,4500,199.32,4800,199.33,2800,199.34,4800,199.35,2500
2026-07-16 09:50:20.726,NVDA,199.31,199.29,2700,199.28,500,199.27,1700,199.26,2000,199.25,2000,199.33,3200,199.34,2000,199.35,3900,199.36,1700,199.37,2800
2026-07-16 09:50:20.911,NVDA,199.29,199.27,4000,199.26,1800,199.25,1800,199.24,4400,199.23,700,199.31,3900,199.32,1700,199.33,4400,199.34,4100,199.35,1800
2026-07-16 09:50:21.221,NVDA,199.27,199.25,1700,199.24,3900,199.23,600,199.22,3700,199.21,2200,199.29,1400,199.3,400,199.31,4800,199.32,500,199.33,4100
2026-07-16 09:50:21.484,NVDA,199.27,199.25,2700,199.24,1300,199.23,400,199.22,3700,199.21,2700,199.29,5000,199.3,2200,199.31,3900,199.32,2100,199.33,700
2026-07-16 09:50:21.533,NVDA,199.27,199.25,300,199.24,900,199.23,200,199.22,100,199.21,1200,199.29,2900,199.3,2700,199.31,2800,199.32,4400,199.33,900
2026-07-16 09:50:21.551,NVDA,199.27,199.25,4200,199.24,4600,199.23,3900,199.22,1500,199.21,1700,199.29,4400,199.3,4400,199.31,1600,199.32,5000,199.33,4400
2026-07-16 09:50:21.900,NVDA,199.28,199.26,500,199.25,900,199.24,300,199.23,2000,199.22,3400,199.3,2300,199.31,200,199.32,3900,199.33,1900,199.34,1100
2026-07-16 09:50:22.042,NVDA,199.27,199.25,3000,199.24,3600,199.23,2300,199.22,4300,199.21,2100,199.29,3800,199.3,4500,199.31,3600,199.32,4800,199.33,2000
2026-07-16 09:50:22.273,NVDA,199.28,199.26,2400,199.25,400,199.24,1800,199.23,5000,199.22,3800,199.3,4200,199.31,3500,199.32,1800,199.33,4600,199.34,600
2026-07-16 09:50:22.360,NVDA,199.27,199.25,2800,199.24,1700,199.23,3200,199.22,4800,199.21,1700,199.29,600,199.3,4700,199.31,2900,199.32,3300,199.33,200
2026-07-16 09:50:22.727,NVDA,199.27,199.25,3700,199.24,2400,199.23,1200,199.22,500,199.21,4800,199.29,4100,199.3,3200,199.31,4100,199.32,2300,199.33,2700
2026-07-16 09:50:22.816,NVDA,199.29,199.27,3000,199.26,500,199.25,4000,199.24,4000,199.23,2900,199.31,3800,199.32,2800,199.33,3900,199.34,3500,199.35,4900
2026-07-16 09:50:22.908,NVDA,199.27,199.25,2300,199.24,4300,199.23,4600,199.22,3300,199.21,3900,199.29,2000,199.3,3800,199.31,2800,199.32,1000,199.33,1900
2026-07-16 09:50:23.082,NVDA,199.29,199.27,3000,199.26,3000,199.25,1200,199.24,1700,199.23,2700,199.31,2700,199.32,4000,199.33,3400,199.34,1200,199.35,3400
2026-07-16 09:50:23.572,NVDA,199.3,199.28,4300,199.27,3300,199.26,3900,199.25,3100,199.24,600,199.32,4900,199.33,600,199.34,4100,199.35,4000,199.36,700
2026-07-16 09:50:23.666,NVDA,199.31,199.29,800,199.28,4300,199.27,3500,199.26,1700,199.25,500,199.33,3800,199.34,3600,199.35,1400,199.36,400,199.37,600
2026-07-16 09:50:24.041,NVDA,199.32,199.3,4000,199.29,2500,199.28,2100,199.27,2900,199.26,2400,199.34,4800,199.35,2300,199.36,4500,199.37,1200,199.38,2100
2026-07-16 09:50:24.347,NVDA,199.33,199.31,1900,199.3,3600,199.29,4800,199.28,5000,199.27,4100,199.35,700,199.36,5000,199.37,500,199.38,1700,199.39,3500
2026-07-16 09:50:24.770,NVDA,199.33,199.31,1300,199.3,2000,199.29,3600,199.28,2400,199.27,1500,199.35,2500,199.36,2200,199.37,4400,199.38,3900,199.39,3100
2026-07-16 09:50:25.099,NVDA,199.33,199.31,2500,199.3,3400,199.29,4100,199.28,2100,199.27,3100,199.35,3700,199.36,4600,199.37,2900,199.38,4200,199.39,2400
2026-07-16 09:50:25.480,NVDA,199.32,199.3,2700,199.29,100,199.28,2900,199.27,4800,199.26,1700,199.34,4300,199.35,5000,199.36,4800,199.37,4800,199.38,1900
2026-07-16 09:50:25.865,NVDA,199.31,199.29,3000,199.28,900,199.27,4200,199.26,4100,199.25,2900,199.33,500,199.34,4800,199.35,3400,199.36,300,199.37,200
2026-07-16 09:50:25.961,NVDA,199.3,199.28,900,199.27,3800,199.26,2900,199.25,800,199.24,2200,199.32,4000,199.33,1000,199.34,4300,199.35,3200,199.36,2500
2026-07-16 09:50:26.339,NVDA,199.32,199.3,4900,199.29,700,199.28,5000,199.27,1700,199.26,100,199.34,300,199.35,3100,199.36,1800,199.37,3500,199.38,3500
2026-07-16 09:50:26.816,NVDA,199.33,199.31,3200,199.3,1800,199.29,4700,199.28,800,199.27,2400,199.35,4200,199.36,2100,199.37,1300,199.38,1700,199.39,1200
2026-07-16 09:50:27.313,NVDA,199.33,199.31,2500,199.3,4800,199.29,800,199.28,500,199.27,3000,199.35,700,199.36,3100,199.37,4400,199.38,1400,199.39,2700
2026-07-16 09:50:27.476,NVDA,199.34,199.32,900,199.31,1700,199.3,200,199.29,1900,199.28,1900,199.36,600,199.37,1500,199.38,1000,199.39,2300,199.4,2400
2026-07-16 09:50:27.488,NVDA,199.32,199.3,1200,199.29,1600,199.28,2900,199.27,5000,199.26,1400,199.34,2700,199.35,2300,199.36,500,199.37,1700,199.38,2500
2026-07-16 09:50:27.738,NVDA,199.33,199.31,2500,199.3,4400,199.29,100,199.28,2400,199.27,300,199.35,700,199.36,3400,199.37,400,199.38,2400,199.39,3900
2026-07-16 09:50:28.081,NVDA,199.31,199.29,900,199.28,1200,199.27,2400,199.26,4900,199.25,1600,199.33,800,199.34,1100,199.35,1700,199.36,400,199.37,4000
2026-07-16 09:50:28.199,NVDA,199.32,199.3,4200,199.29,2300,199.28,3500,199.27,1600,199.26,4200,199.34,1600,199.35,300,199.36,4800,199.37,3700,199.38,100
2026-07-16 09:50:28.247,NVDA,199.33,199.31,2600,199.3,4800,199.29,2800,199.28,3800,199.27,4100,199.35,4900,199.36,4900,199.37,400,199.38,4400,199.39,2800
2026-07-16 09:50:28.577,NVDA,199.35,199.33,700,199.32,2400,199.31,1200,199.3,3400,199.29,2100,199.37,2700,199.38,4100,199.39,900,199.4,5000,199.41,2500
2026-07-16 09:50:28.995,NVDA,199.36,199.34,900,199.33,2900,199.32,3000,199.31,3100,199.3,4300,199.38,200,199.39,1500,199.4,1800,199.41,4700,199.42,600
2026-07-16 09:50:29.444,NVDA,199.35,199.33,800,199.32,4300,199.31,400,199.3,1300,199.29,4600,199.37,4500,199.38,1100,199.39,3100,199.4,2800,199.41,3900
2026-07-16 09:50:29.792,NVDA,199.37,199.35,2000,199.34,1000,199.33,3700,199.32,2800,199.31,2600,199.39,4100,199.4,4700,199.41,3100,199.42,2100,199.43,3000
2026-07-16 09:50:29.927,NVDA,199.36,199.34,700,199.33,1200,199.32,3700,199.31,2200,199.3,300,199.38,2100,199.39,500,199.4,900,199.41,500,199.42,2600
2026-07-16 09:50:30.370,NVDA,199.37,199.35,400,199.34,2600,199.33,4100,199.32,3800,199.31,3100,199.39,3600,199.4,3300,199.41,3300,199.42,4600,199.43,3800
2026-07-16 09:50:30.551,NVDA,199.39,199.37,2000,199.36,4200,199.35,600,199.34,2500,199.33,3700,199.41,3200,199.42,2800,199.43,800,199.44,1100,199.45,3200
2026-07-16 09:50:30.619,NVDA,199.38,199.36,4300,199.35,2300,199.34,3500,199.33,4900,199.32,1000,199.4,4200,199.41,800,199.42,3100,199.43,3400,199.44,4000
2026-07-16 09:50:30.688,NVDA,199.4,199.38,2800,199.37,4200,199.36,3200,199.35,5000,199.34,4000,199.42,4500,199.43,3600,199.44,2700,199.45,4600,199.46,3500
2026-07-16 09:50:30.698,NVDA,199.41,199.39,3600,199.38,4600,199.37,3200,199.36,2800,199.35,4800,199.43,4800,199.44,600,199.45,4600,199.46,1300,199.47,800
2026-07-16 09:50:31.082,NVDA,199.42,199.4,1100,199.39,3300,199.38,2500,199.37,4900,199.36,4300,199.44,1100,199.45,4900,199.46,1300,199.47,2400,199.48,4200
2026-07-16 09:50:31.230,NVDA,199.44,199.42,4300,199.41,4500,199.4,5000,199.39,3500,199.38,300,199.46,3000,199.47,1200,199.48,800,199.49,4900,199.5,600
2026-07-16 09:50:31.289,NVDA,199.44,199.42,1200,199.41,400,199.4,900,199.39,3300,199.38,1400,199.46,3700,199.47,1800,199.48,2600,199.49,3900,199.5,4000
2026-07-16 09:50:31.547,NVDA,199.44,199.42,900,199.41,1200,199.4,3900,199.39,1900,199.38,4800,199.46,3700,199.47,300,199.48,3400,199.49,3500,199.5,1700
2026-07-16 09:50:31.748,NVDA,199.44,199.42,1600,199.41,3800,199.4,3900,199.39,2500,199.38,1700,199.46,4300,199.47,2300,199.48,1100,199.49,500,199.5,2300
2026-07-16 09:50:31.943,NVDA,199.45,199.43,4100,199.42,3500,199.41,1400,199.4,200,199.39,2900,199.47,3500,199.48,3000,199.49,1900,199.5,1000,199.51,1900
2026-07-16 09:50:32.094,NVDA,199.43,199.41,2800,199.4,3700,199.39,1900,199.38,1800,199.37,2800,199.45,400,199.46,600,199.47,4400,199.48,3500,199.49,1400
2026-07-16 09:50:32.210,NVDA,199.42,199.4,4400,199.39,1400,199.38,3600,199.37,3700,199.36,5000,199.44,2400,199.45,4700,199.46,2900,199.47,1600,199.48,1400
2026-07-16 09:50:32.461,NVDA,199.41,199.39,700,199.38,900,199.37,3300,199.36,1300,199.35,3400,199.43,4300,199.44,1900,199.45,100,199.46,2700,199.47,1300
2026-07-16 09:50:32.802,NVDA,199.43,199.41,2500,199.4,100,199.39,3200,199.38,300,199.37,2700,199.45,4000,199.46,1700,199.47,1000,199.48,4200,199.49,800
2026-07-16 09:50:32.878,NVDA,199.45,199.43,4400,199.42,1600,199.41,1800,199.4,4100,199.39,4100,199.47,2700,199.48,4100,199.49,3200,199.5,3800,199.51,200
2026-07-16 09:50:32.984,NVDA,199.45,199.43,3500,199.42,4700,199.41,3900,199.4,2100,199.39,2900,199.47,2700,199.48,3200,199.49,4400,199.5,2800,199.51,1500
2026-07-16 09:50:33.295,NVDA,199.44,199.42,1300,199.41,2800,199.4,1800,199.39,4300,199.38,2200,199.46,3100,199.47,700,199.48,1200,199.49,4000,199.5,2700
2026-07-16 09:50:33.563,NVDA,199.43,199.41,3000,199.4,3500,199.39,2900,199.38,2700,199.37,1200,199.45,1800,199.46,2300,199.47,1600,199.48,1200,199.49,1700
2026-07-16 09:50:33.600,NVDA,199.43,199.41,1300,199.4,1400,199.39,200,199.38,1500,199.37,600,199.45,100,199.46,1000,199.47,400,199.48,3400,199.49,3400
2026-07-16 09:50:34.093,NVDA,199.45,199.43,3800,199.42,2500,199.41,2100,199.4,3800,199.39,4900,199.47,1000,199.48,1000,199.49,900,199.5,1000,199.51,2700
2026-07-16 09:50:34.212,NVDA,199.45,199.43,4000,199.42,4900,199.41,2400,199.4,4300,199.39,3600,199.47,4100,199.48,4300,199.49,3100,199.5,5000,199.51,4400
2026-07-16 09:50:34.315,NVDA,199.46,199.44,1200,199.43,3700,199.42,1000,199.41,300,199.4,500,199.48,3500,199.49,2900,199.5,2800,199.51,1400,199.52,700
2026-07-16 09:50:34.719,NVDA,199.48,199.46,300,199.45,5000,199.44,1000,199.43,3500,199.42,4800,199.5,900,199.51,3000,199.52,1400,199.53,800,199.54,3200
2026-07-16 09:50:35.088,NVDA,199.49,199.47,4500,199.46,2400,199.45,2600,199.44,4600,199.43,600,199.51,3800,199.52,2700,199.53,500,199.54,2500,199.55,600
2026-07-16 09:50:35.477,NVDA,199.47,199.45,300,199.44,100,199.43,300,199.42,3000,199.41,1500,199.49,1600,199.5,600,199.51,1800,199.52,100,199.53,1400
2026-07-16 09:50:35.607,NVDA,199.47,199.45,2900,199.44,3700,199.43,2100,199.42,500,199.41,3300,199.49,3700,199.5,4900,199.51,4400,199.52,2600,199.53,3600
2026-07-16 09:50:35.869,NVDA,199.48,199.46,2000,199.45,3900,199.44,100,199.43,3100,199.42,3100,199.5,2000,199.51,3100,199.52,3300,199.53,1500,199.54,1000
2026-07-16 09:50:35.885,NVDA,199.49,199.47,4600,199.46,4200,199.45,700,199.44,1500,199.43,4000,199.51,3500,199.52,2000,199.53,1700,199.54,1100,199.55,4200
2026-07-16 09:50:36.350,NVDA,199.49,199.47,1600,199.46,3000,199.45,800,199.44,100,199.43,2400,199.51,4600,199.52,4500,199.53,100,199.54,300,199.55,4300
2026-07-16 09:50:36.572,NVDA,199.47,199.45,500,199.44,1500,199.43,200,199.42,4800,199.41,400,199.49,100,199.5,2000,199.51,500,199.52,100,199.53,3300
2026-07-16 09:50:36.680,NVDA,199.48,199.46,4500,199.45,2300,199.44,300,199.43,3500,199.42,1300,199.5,3100,199.51,1300,199.52,3900,199.53,100,199.54,100
2026-07-16 09:50:37.073,NVDA,199.48,199.46,4700,199.45,3400,199.44,100,199.43,4700,199.42,2400,199.5,2500,199.51,4400,199.52,4700,199.53,1600,199.54,4700
2026-07-16 09:50:37.209,NVDA,199.48,199.46,300,199.45,1200,199.44,800,199.43,3900,199.42,1800,199.5,1600,199.51,1700,199.52,1900,199.53,800,199.54,3300
2026-07-16 09:50:37.235,NVDA,199.48,199.46,2400,199.45,2400,199.44,1900,199.43,3000,199.42,1300,199.5,800,199.51,100,199.52,4900,199.53,1400,199.54,5000
2026-07-16 09:50:37.685,NVDA,199.48,199.46,900,199.45,3200,199.44,2400,199.43,2200,199.42,3000,199.5,1700,199.51,400,199.52,900,199.53,1900,199.54,600
2026-07-16 09:50:37.847,NVDA,199.47,199.45,2600,199.44,2800,199.43,2600,199.42,4700,199.41,1300,199.49,2700,199.5,800,199.51,3900,199.52,100,199.53,2800
2026-07-16 09:50:38.178,NVDA,199.46,199.44,2600,199.43,400,199.42,4800,199.41,3600,199.4,4700,199.48,1300,199.49,4100,199.5,3800,199.51,700,199.52,900
2026-07-16 09:50:38.529,NVDA,199.46,199.44,1900,199.43,2500,199.42,4900,199.41,4700,199.4,1300,199.48,2000,199.49,3500,199.5,700,199.51,2700,199.52,4400
2026-07-16 09:50:38.981,NVDA,199.47,199.45,1000,199.44,2800,199.43,4500,199.42,3300,199.41,1300,199.49,400,199.5,1300,199.51,4800,199.52,4900,199.53,600
2026-07-16 09:50:39.341,NVDA,199.45,199.43,3400,199.42,1700,199.41,1500,199.4,3200,199.39,2200,199.47,1700,199.48,200,199.49,4600,199.5,4900,199.51,900
2026-07-16 09:50:39.799,NVDA,199.45,199.43,200,199.42,2900,199.41,1400,199.4,3900,199.39,2400,199.47,1700,199.48,4000,199.49,3400,199.5,2500,199.51,4000
2026-07-16 09:50:39.842,NVDA,199.46,199.44,1000,199.43,4500,199.42,2500,199.41,1800,199.4,800,199.48,3300,199.49,1600,199.5,2200,199.51,900,199.52,1300
2026-07-16 09:50:40.001,NVDA,199.47,199.45,3700,199.44,3800,199.43,300,199.42,3500,199.41,1300,199.49,2100,199.5,1900,199.51,2500,199.52,500,199.53,2400
2026-07-16 09:50:40.094,NVDA,199.47,199.45,100,199.44,2400,199.43,1700,199.42,1200,199.41,300,199.49,3600,199.5,4500,199.51,3100,199.52,3800,199.53,4200
2026-07-16 09:50:40.528,NVDA,199.49,199.47,1400,199.46,1400,199.45,3900,199.44,2500,199.43,4400,199.51,800,199.52,2500,199.53,700,199.54,600,199.55,4400
2026-07-16 09:50:40.647,NVDA,199.5,199.48,2800,199.47,1700,199.46,3000,199.45,400,199.44,600,199.52,500,199.53,1700,199.54,1700,199.55,1400,199.56,1900
2026-07-16 09:50:40.873,NVDA,199.48,199.46,2600,199.45,3800,199.44,900,199.43,300,199.42,3600,199.5,3200,199.51,4400,199.52,2500,199.53,5000,199.54,3500
2026-07-16 09:50:40.993,NVDA,199.47,199.45,4500,199.44,4900,199.43,5000,199.42,2900,199.41,500,199.49,100,199.5,2600,199.51,300,199.52,1700,199.53,1900
2026-07-16 09:50:41.241,NVDA,199.45,199.43,4800,199.42,3700,199.41,3700,199.4,4000,199.39,300,199.47,1600,199.48,800,199.49,1200,199.5,2900,199.51,1500
2026-07-16 09:50:41.637,NVDA,199.45,199.43,1100,199.42,1400,199.41,500,199.4,900,199.39,2100,199.47,1700,199.48,4600,199.49,2100,199.5,4500,199.51,1700
2026-07-16 09:50:42.120,NVDA,199.47,199.45,4200,199.44,4200,199.43,100,199.42,1200,199.41,4500,199.49,1400,199.5,2900,199.51,4400,199.52,1200,199.53,2000
2026-07-16 09:50:42.487,NVDA,199.47,199.45,4200,199.44,3800,199.43,3300,199.42,2900,199.41,3700,199.49,4900,199.5,300,199.51,1900,199.52,3200,199.53,2000
2026-07-16 09:50:42.969,NVDA,199.45,199.43,4800,199.42,2900,199.41,4500,199.4,4400,199.39,400,199.47,3100,199.48,4800,199.49,2800,199.5,2800,199.51,4500
2026-07-16 09:50:43.454,NVDA,199.45,199.43,2100,199.42,200,199.41,900,199.4,100,199.39,700,199.47,2800,199.48,3600,199.49,600,199.5,2100,199.51,2500
2026-07-16 09:50:43.882,NVDA,199.44,199.42,800,199.41,1900,199.4,4600,199.39,3000,199.38,3500,199.46,800,199.47,2200,199.48,2400,199.49,2000,199.5,1700
2026-07-16 09:50:43.974,NVDA,199.46,199.44,500,199.43,3100,199.42,2400,199.41,4500,199.4,3400,199.48,4900,199.49,3300,199.5,1400,199.51,2600,199.52,3200
2026-07-16 09:50:44.322,NVDA,199.44,199.42,4900,199.41,4800,199.4,3500,199.39,3900,199.38,2500,199.46,1400,199.47,3900,199.48,1300,199.49,4900,199.5,3700
2026-07-16 09:50:44.475,NVDA,199.46,199.44,4600,199.43,700,199.42,4100,199.41,4100,199.4,900,199.48,3400,199.49,1400,199.5,4600,199.51,1800,199.52,2300
2026-07-16 09:50:44.966,NVDA,199.47,199.45,200,199.44,3800,199.43,1800,199.42,3900,199.41,1800,199.49,200,199.5,300,199.51,200,199.52,4100,199.53,1500
2026-07-16 09:50:45.044,NVDA,199.48,199.46,4700,199.45,2500,199.44,1200,199.43,3400,199.42,1800,199.5,5000,199.51,2500,199.52,4300,199.53,4800,199.54,3800
2026-07-16 09:50:45.335,NVDA,199.47,199.45,4500,199.44,2200,199.43,4200,199.42,3200,199.41,1300,199.49,2700,199.5,4600,199.51,2000,199.52,4400,199.53,4800
2026-07-16 09:50:45.745,NVDA,199.49,199.47,4100,199.46,200,199.45,2100,199.44,3900,199.43,1500,199.51,3000,199.52,1300,199.53,3300,199.54,3500,199.55,2100
2026-07-16 09:50:45.947,NVDA,199.48,199.46,700,199.45,700,199.44,2700,199.43,200,199.42,3100,199.5,4200,199.51,800,199.52,1400,199.53,1500,199.54,3800
2026-07-16 09:50:46.041,NVDA,199.5,199.48,2400,199.47,4000,199.46,1300,199.45,3700,199.44,1600,199.52,1500,199.53,1900,199.54,3000,199.55,3400,199.56,600
2026-07-16 09:50:46.517,NVDA,199.49,199.47,1800,199.46,600,199.45,2400,199.44,2200,199.43,3300,199.51,700,199.52,500,199.53,1100,199.54,3900,199.55,3000
2026-07-16 09:50:46.732,NVDA,199.51,199.49,600,199.48,4900,199.47,2800,199.46,2200,199.45,4500,199.53,3100,199.54,3800,199.55,2600,199.56,3500,199.57,1600
2026-07-16 09:50:46.930,NVDA,199.49,199.47,900,199.46,2800,199.45,4200,199.44,1100,199.43,800,199.51,3600,199.52,1700,199.53,2900,199.54,1700,199.55,2300
2026-07-16 09:50:47.146,NVDA,199.47,199.45,900,199.44,2700,199.43,4300,199.42,1400,199.41,2200,199.49,2400,199.5,1400,199.51,1300,199.52,4000,199.53,3500
2026-07-16 09:50:47.431,NVDA,199.49,199.47,1100,199.46,4800,199.45,3300,199.44,800,199.43,3800,199.51,1600,199.52,4100,199.53,1100,199.54,1700,199.55,1800
2026-07-16 09:50:47.728,NVDA,199.47,199.45,100,199.44,1400,199.43,2500,199.42,400,199.41,2300,199.49,1700,199.5,400,199.51,1300,199.52,3400,199.53,600
2026-07-16 09:50:48.139,NVDA,199.47,199.45,1800,199.44,1600,199.43,3300,199.42,3700,199.41,1400,199.49,1400,199.5,1900,199.51,2600,199.52,3100,199.53,700
2026-07-16 09:50:48.508,NVDA,199.48,199.46,1700,199.45,3300,199.44,1000,199.43,3000,199.42,4900,199.5,300,199.51,2900,199.52,4000,199.53,2300,199.54,3400
2026-07-16 09:50:48.999,NVDA,199.49,199.47,800,199.46,700,199.45,1700,199.44,2700,199.43,1300,199.51,1700,199.52,100,199.53,2400,199.54,4700,199.55,3100
2026-07-16 09:50:49.109,NVDA,199.47,199.45,2300,199.44,600,199.43,2000,199.42,2100,199.41,2300,199.49,500,199.5,700,199.51,1800,199.52,4500,199.53,700
2026-07-16 09:50:49.516,NVDA,199.49,199.47,1200,199.46,1100,199.45,5000,199.44,3100,199.43,900,199.51,4900,199.52,1000,199.53,2300,199.54,3400,199.55,900
2026-07-16 09:50:49.911,NVDA,199.5,199.48,2500,199.47,2300,199.46,3500,199.45,1800,199.44,5000,199.52,1600,199.53,4200,199.54,2300,199.55,2500,199.56,2300
2026-07-16 09:50:50.078,NVDA,199.51,199.49,4100,199.48,400,199.47,2400,199.46,800,199.45,2100,199.53,4500,199.54,2100,199.55,300,199.56,3100,199.57,4300
2026-07-16 09:50:50.516,NVDA,199.49,199.47,900,199.46,3000,199.45,3600,199.44,4000,199.43,2700,199.51,1600,199.52,4500,199.53,2900,199.54,2500,199.55,3700
2026-07-16 09:50:50.867,NVDA,199.5,199.48,4500,199.47,500,199.46,4800,199.45,4300,199.44,500,199.52,200,199.53,3900,199.54,4800,199.55,4000,199.56,1500
2026-07-16 09:50:50.946,NVDA,199.48,199.46,4600,199.45,4300,199.44,4000,199.43,2900,199.42,3500,199.5,3100,199.51,3800,199.52,900,199.53,2000,199.54,1800
2026-07-16 09:50:51.370,NVDA,199.5,199.48,4300,199.47,4100,199.46,3500,199.45,3600,199.44,3100,199.52,2800,199.53,3500,199.54,2200,199.55,1100,199.56,3000
2026-07-16 09:50:51.672,NVDA,199.51,199.49,2000,199.48,2300,199.47,1100,199.46,3000,199.45,4000,199.53,2800,199.54,2900,199.55,4000,199.56,2400,199.57,2500
2026-07-16 09:50:51.709,NVDA,199.52,199.5,600,199.49,1000,199.48,1100,199.47,3500,199.46,1000,199.54,700,199.55,2500,199.56,2300,199.57,4200,199.58,200
2026-07-16 09:50:52.145,NVDA,199.54,199.52,2100,199.51,2400,199.5,3700,199.49,3000,199.48,1700,199.56,3300,199.57,2400,199.58,3000,199.59,2600,199.6,500
2026-07-16 09:50:52.512,NVDA,199.53,199.51,3800,199.5,1200,199.49,2800,199.48,4600,199.47,1100,199.55,4400,199.56,1100,199.57,4300,199.58,4200,199.59,2800
2026-07-16 09:50:52.872,NVDA,199.54,199.52,2900,199.51,2000,199.5,2600,199.49,1200,199.48,3000,199.56,1300,199.57,4900,199.58,3500,199.59,3100,199.6,1400
2026-07-16 09:50:53.097,NVDA,199.56,199.54,2900,199.53,300,199.52,4700,199.51,1900,199.5,2200,199.58,2700,199.59,2800,199.6,1600,199.61,2700,199.62,200
2026-07-16 09:50:53.137,NVDA,199.57,199.55,3600,199.54,1800,199.53,400,199.52,4500,199.51,3900,199.59,1700,199.6,2300,199.61,1200,199.62,2300,199.63,500
2026-07-16 09:50:53.186,NVDA,199.55,199.53,4500,199.52,400,199.51,3200,199.5,1100,199.49,4700,199.57,1200,199.58,3600,199.59,1100,199.6,4700,199.61,1400
2026-07-16 09:50:53.632,NVDA,199.53,199.51,4100,199.5,700,199.49,200,199.48,1700,199.47,4900,199.55,900,199.56,2300,199.57,1700,199.58,1100,199.59,300
2026-07-16 09:50:53.808,NVDA,199.55,199.53,3700,199.52,3400,199.51,3700,199.5,4600,199.49,3100,199.57,1500,199.58,4700,199.59,3000,199.6,2700,199.61,3300
2026-07-16 09:50:54.119,NVDA,199.56,199.54,100,199.53,2400,199.52,2500,199.51,300,199.5,3300,199.58,1400,199.59,800,199.6,2500,199.61,1200,199.62,200
2026-07-16 09:50:54.599,NVDA,199.54,199.52,4400,199.51,3200,199.5,3000,199.49,4800,199.48,1900,199.56,2900,199.57,4500,199.58,3600,199.59,1400,199.6,4900
2026-07-16 09:50:55.077,NVDA,199.55,199.53,5000,199.52,2300,199.51,1600,199.5,3100,199.49,3800,199.57,2000,199.58,100,199.59,700,199.6,1500,199.61,100
2026-07-16 09:50:55.426,NVDA,199.55,199.53,500,199.52,2800,199.51,3900,199.5,3200,199.49,1100,199.57,3600,199.58,4600,199.59,1000,199.6,2200,199.61,3000
2026-07-16 09:50:55.772,NVDA,199.57,199.55,1100,199.54,3500,199.53,1900,199.52,300,199.51,3200,199.59,4700,199.6,1400,199.61,200,199.62,1500,199.63,1600
2026-07-16 09:50:56.126,NVDA,199.57,199.55,500,199.54,3900,199.53,3000,199.52,2100,199.51,4400,199.59,1000,199.6,4800,199.61,4300,199.62,1200,199.63,3600
2026-07-16 09:50:56.138,NVDA,199.57,199.55,1800,199.54,700,199.53,500,199.52,4900,199.51,300,199.59,4000,199.6,2300,199.61,900,199.62,2000,199.63,2400
2026-07-16 09:50:56.399,NVDA,199.56,199.54,3200,199.53,4900,199.52,2900,199.51,800,199.5,400,199.58,4300,199.59,300,199.6,2700,199.61,2500,199.62,400
2026-07-16 09:50:56.488,NVDA,199.56,199.54,300,199.53,1800,199.52,2600,199.51,2700,199.5,700,199.58,3300,199.59,1900,199.6,1300,199.61,1000,199.62,4800
2026-07-16 09:50:56.899,NVDA,199.55,199.53,4800,199.52,200,199.51,2400,199.5,1800,199.49,600,199.57,3200,199.58,2400,199.59,3800,199.6,300,199.61,400
2026-07-16 09:50:57.219,NVDA,199.54,199.52,3400,199.51,200,199.5,4600,199.49,300,199.48,5000,199.56,600,199.57,3900,199.58,2700,199.59,400,199.6,3000
2026-07-16 09:50:57.265,NVDA,199.52,199.5,500,199.49,3500,199.48,3000,199.47,3400,199.46,1900,199.54,4800,199.55,800,199.56,3000,199.57,3800,199.58,4900
2026-07-16 09:50:57.645,NVDA,199.5,199.48,4700,199.47,4200,199.46,4400,199.45,4400,199.44,500,199.52,4700,199.53,1400,199.54,1700,199.55,4200,199.56,4700
2026-07-16 09:50:57.943,NVDA,199.49,199.47,2700,199.46,800,199.45,3500,199.44,1400,199.43,2800,199.51,700,199.52,2400,199.53,2100,199.54,900,199.55,3100
2026-07-16 09:50:58.002,NVDA,199.51,199.49,1100,199.48,4000,199.47,1000,199.46,3100,199.45,4300,199.53,5000,199.54,4500,199.55,3600,199.56,100,199.57,3800
2026-07-16 09:50:58.107,NVDA,199.52,199.5,1700,199.49,800,199.48,2500,199.47,3700,199.46,4600,199.54,3200,199.55,700,199.56,3900,199.57,400,199.58,100
2026-07-16 09:50:58.379,NVDA,199.51,199.49,100,199.48,3700,199.47,100,199.46,4300,199.45,4800,199.53,1100,199.54,2800,199.55,600,199.56,2400,199.57,1400
2026-07-16 09:50:58.735,NVDA,199.53,199.51,3900,199.5,1600,199.49,4100,199.48,4400,199.47,4700,199.55,1200,199.56,3800,199.57,2400,199.58,2900,199.59,600
2026-07-16 09:50:58.800,NVDA,199.51,199.49,4100,199.48,3400,199.47,2300,199.46,5000,199.45,1000,199.53,3000,199.54,700,199.55,500,199.56,2000,199.57,4600
2026-07-16 09:50:58.997,NVDA,199.51,199.49,1200,199.48,100,199.47,1300,199.46,1000,199.45,3400,199.53,400,199.54,3800,199.55,2900,199.56,1000,199.57,2500
2026-07-16 09:50:59.127,NVDA,199.49,199.47,4200,199.46,2900,199.45,4300,199.44,800,199.43,2600,199.51,1500,199.52,2100,199.53,2500,199.54,4700,199.55,200
2026-07-16 09:50:59.616,NVDA,199.5,199.48,3500,199.47,4500,199.46,200,199.45,1900,199.44,700,199.52,4900,199.53,3500,199.54,4200,199.55,100,199.56,4900
2026-07-16 09:51:00.045,NVDA,199.48,199.46,4500,199.45,4400,199.44,2300,199.43,2300,199.42,3800,199.5,700,199.51,400,199.52,1500,199.53,1700,199.54,2000
2026-07-16 09:51:00.207,NVDA,199.47,199.45,900,199.44,4700,199.43,3200,199.42,4900,199.41,2000,199.49,4600,199.5,200,199.51,2600,199.52,1700,199.53,2900
2026-07-16 09:51:00.614,NVDA,199.48,199.46,500,199.45,900,199.44,4900,199.43,2800,199.42,1700,199.5,2500,199.51,2100,199.52,3400,199.53,4100,199.54,4800
2026-07-16 09:51:00.745,NVDA,199.49,199.47,300,199.46,4100,199.45,800,199.44,2000,199.43,800,199.51,4300,199.52,3500,199.53,2600,199.54,3500,199.55,800
2026-07-16 09:51:00.883,NVDA,199.5,199.48,2500,199.47,4900,199.46,500,199.45,2700,199.44,3900,199.52,4500,199.53,2200,199.54,3400,199.55,4000,199.56,1300
2026-07-16 09:51:01.274,NVDA,199.5,199.48,4300,199.47,800,199.46,4900,199.45,2200,199.44,1500,199.52,4200,199.53,2600,199.54,1800,199.55,1200,199.56,900
2026-07-16 09:51:01.302,NVDA,199.51,199.49,4100,199.48,3600,199.47,1700,199.46,1800,199.45,200,199.53,200,199.54,200,199.55,4400,199.56,1200,199.57,800
2026-07-16 09:51:01.537,NVDA,199.53,199.51,200,199.5,3400,199.49,400,199.48,3200,199.47,2800,199.55,1400,199.56,3700,199.57,4300,199.58,3800,199.59,3400
2026-07-16 09:51:01.554,NVDA,199.52,199.5,1500,199.49,3200,199.48,3600,199.47,2400,199.46,2700,199.54,4600,199.55,3400,199.56,3400,199.57,2100,199.58,3600
2026-07-16 09:51:01.612,NVDA,199.54,199.52,400,199.51,300,199.5,4700,199.49,2300,199.48,3700,199.56,4100,199.57,900,199.58,2500,199.59,2100,199.6,2400
2026-07-16 09:51:02.014,NVDA,199.56,199.54,3200,199.53,4200,199.52,1900,199.51,4800,199.5,200,199.58,1000,199.59,5000,199.6,2000,199.61,4700,199.62,3500
2026-07-16 09:51:02.481,NVDA,199.57,199.55,4100,199.54,4700,199.53,5000,199.52,2900,199.51,2300,199.59,4000,199.6,2200,199.61,3000,199.62,2600,199.63,1600
2026-07-16 09:51:02.645,NVDA,199.58,199.56,600,199.55,3100,199.54,1400,199.53,2600,199.52,2400,199.6,3500,199.61,3700,199.62,3400,199.63,2500,199.64,1100
2026-07-16 09:51:02.669,NVDA,199.57,199.55,200,199.54,1100,199.53,200,199.52,2900,199.51,2800,199.59,2000,199.6,4100,199.61,3000,199.62,2200,199.63,4700
2026-07-16 09:51:03.113,NVDA,199.59,199.57,2900,199.56,4200,199.55,3400,199.54,700,199.53,4300,199.61,1600,199.62,2500,199.63,4500,199.64,600,199.65,3900
2026-07-16 09:51:03.223,NVDA,199.61,199.59,2000,199.58,300,199.57,2400,199.56,2000,199.55,4100,199.63,200,199.64,3500,199.65,1300,199.66,1600,199.67,5000
2026-07-16 09:51:03.710,NVDA,199.6,199.58,900,199.57,3500,199.56,3400,199.55,2400,199.54,1800,199.62,1800,199.63,1400,199.64,4700,199.65,800,199.66,1800
2026-07-16 09:51:04.037,NVDA,199.6,199.58,1600,199.57,2100,199.56,200,199.55,2700,199.54,2100,199.62,2800,199.63,1900,199.64,3000,199.65,2300,199.66,4000
2026-07-16 09:51:04.128,NVDA,199.58,199.56,3700,199.55,4400,199.54,300,199.53,2400,199.52,4900,199.6,4300,199.61,2500,199.62,2000,199.63,2700,199.64,4600
2026-07-16 09:51:04.443,NVDA,199.56,199.54,1100,199.53,3100,199.52,4700,199.51,3600,199.5,3900,199.58,900,199.59,100,199.6,3300,199.61,4400,199.62,2500
2026-07-16 09:51:04.804,NVDA,199.55,199.53,2600,199.52,2500,199.51,3500,199.5,3600,199.49,2700,199.57,1600,199.58,700,199.59,2200,199.6,1100,199.61,4700
2026-07-16 09:51:05.233,NVDA,199.55,199.53,1000,199.52,3600,199.51,300,199.5,1700,199.49,4600,199.57,1100,199.58,2000,199.59,1000,199.6,1500,199.61,2600
2026-07-16 09:51:05.610,NVDA,199.57,199.55,4800,199.54,4400,199.53,1900,199.52,800,199.51,2000,199.59,100,199.6,2200,199.61,2000,199.62,3600,199.63,1700
2026-07-16 09:51:05.875,NVDA,199.58,199.56,1500,199.55,3200,199.54,2700,199.53,4700,199.52,2000,199.6,4400,199.61,600,199.62,300,199.63,3800,199.64,1500
2026-07-16 09:51:06.154,NVDA,199.6,199.58,3800,199.57,1300,199.56,4000,199.55,4600,199.54,4200,199.62,4400,199.63,2200,199.64,4700,199.65,1900,199.66,3300
2026-07-16 09:51:06.354,NVDA,199.62,199.6,1600,199.59,1900,199.58,3600,199.57,2900,199.56,1300,199.64,3500,199.65,1000,199.66,3500,199.67,4400,199.68,4900
2026-07-16 09:51:06.747,NVDA,199.6,199.58,1700,199.57,4900,199.56,900,199.55,3600,199.54,4200,199.62,900,199.63,100,199.64,500,199.65,2900,199.66,4600
2026-07-16 09:51:06.831,NVDA,199.62,199.6,4600,199.59,1700,199.58,500,199.57,1200,199.56,700,199.64,4500,199.65,2300,199.66,400,199.67,1800,199.68,2700
2026-07-16 09:51:06.898,NVDA,199.61,199.59,2200,199.58,200,199.57,2200,199.56,3400,199.55,4900,199.63,2600,199.64,3900,199.65,300,199.66,3700,199.67,4100
2026-07-16 09:51:07.208,NVDA,199.63,199.61,4700,199.6,1000,199.59,2400,199.58,1400,199.57,700,199.65,4600,199.66,3900,199.67,2200,199.68,4500,199.69,1000
2026-07-16 09:51:07.260,NVDA,199.62,199.6,1100,199.59,2100,199.58,2900,199.57,200,199.56,900,199.64,2900,199.65,4500,199.66,4200,199.67,4100,199.68,3800
2026-07-16 09:51:07.530,NVDA,199.61,199.59,4600,199.58,1300,199.57,3100,199.56,1000,199.55,3900,199.63,2700,199.64,3100,199.65,4000,199.66,2400,199.67,1900
2026-07-16 09:51:08.006,NVDA,199.62,199.6,2000,199.59,400,199.58,1900,199.57,1300,199.56,4200,199.64,3300,199.65,3900,199.66,3800,199.67,3400,199.68,4500
2026-07-16 09:51:08.412,NVDA,199.61,199.59,2900,199.58,1100,199.57,100,199.56,900,199.55,1600,199.63,3400,199.64,4700,199.65,1600,199.66,1800,199.67,2800
2026-07-16 09:51:08.443,NVDA,199.59,199.57,1000,199.56,1200,199.55,2200,199.54,3500,199.53,4800,199.61,4900,199.62,1000,199.63,4900,199.64,1100,199.65,1700
2026-07-16 09:51:08.617,NVDA,199.59,199.57,1600,199.56,4500,199.55,600,199.54,1100,199.53,400,199.61,900,199.62,3400,199.63,4100,199.64,2800,199.65,3000
2026-07-16 09:51:08.650,NVDA,199.6,199.58,1600,199.57,3100,199.56,3100,199.55,4900,199.54,4400,199.62,3400,199.63,3900,199.64,100,199.65,2300,199.66,500
2026-07-16 09:51:09.011,NVDA,199.61,199.59,2600,199.58,1400,199.57,5000,199.56,3700,199.55,500,199.63,5000,199.64,4500,199.65,1200,199.66,1200,199.67,3500
2026-07-16 09:51:09.227,NVDA,199.61,199.59,4500,199.58,700,199.57,2300,199.56,800,199.55,4100,199.63,3000,199.64,200,199.65,2500,199.66,3300,199.67,2600
2026-07-16 09:51:09.535,NVDA,199.61,199.59,400,199.58,1500,199.57,3300,199.56,2500,199.55,2000,199.63,2300,199.64,4800,199.65,4900,199.66,700,199.67,1500
2026-07-16 09:51:09.600,NVDA,199.6,199.58,300,199.57,4300,199.56,1700,199.55,800,199.54,4000,199.62,3400,199.63,3500,199.64,1800,199.65,4300,199.66,2000
2026-07-16 09:51:09.627,NVDA,199.61,199.59,1000,199.58,3000,199.57,1300,199.56,3400,199.55,4300,199.63,2200,199.64,4600,199.65,2600,199.66,3400,199.67,5000
2026-07-16 09:51:09.666,NVDA,199.6,199.58,3700,199.57,3600,199.56,3000,199.55,500,199.54,300,199.62,4400,199.63,1000,199.64,2000,199.65,3900,199.66,3000
2026-07-16 09:51:10.102,NVDA,199.59,199.57,4700,199.56,1200,199.55,1900,199.54,3200,199.53,3800,199.61,4600,199.62,500,199.63,4300,199.64,3100,199.65,3200
2026-07-16 09:51:10.238,NVDA,199.58,199.56,3500,199.55,500,199.54,5000,199.53,3300,199.52,2100,199.6,700,199.61,4900,199.62,4100,199.63,1000,199.64,3200
2026-07-16 09:51:10.523,NVDA,199.57,199.55,2400,199.54,1200,199.53,700,199.52,2000,199.51,800,199.59,3900,199.6,3200,199.61,1800,199.62,2600,199.63,1300
2026-07-16 09:51:10.597,NVDA,199.58,199.56,2800,199.55,1300,199.54,4600,199.53,4900,199.52,4900,199.6,1000,199.61,800,199.62,4700,199.63,300,199.64,4800
2026-07-16 09:51:11.014,NVDA,199.6,199.58,4400,199.57,2700,199.56,4000,199.55,4800,199.54,3400,199.62,1800,199.63,3800,199.64,700,199.65,1900,199.66,1400
2026-07-16 09:51:11.411,NVDA,199.59,199.57,2900,199.56,1300,199.55,2700,199.54,2500,199.53,1500,199.61,2200,199.62,1100,199.63,2000,199.64,1400,199.65,100
2026-07-16 09:51:11.865,NVDA,199.61,199.59,1800,199.58,1400,199.57,400,199.56,2000,199.55,800,199.63,1600,199.64,3600,199.65,3300,199.66,300,199.67,300
2026-07-16 09:51:11.925,NVDA,199.63,199.61,4100,199.6,3500,199.59,500,199.58,500,199.57,500,199.65,100,199.66,3600,199.67,1500,199.68,300,199.69,3000
2026-07-16 09:51:12.124,NVDA,199.62,199.6,1200,199.59,4000,199.58,3800,199.57,2600,199.56,300,199.64,2800,199.65,3500,199.66,200,199.67,100,199.68,1000
2026-07-16 09:51:12.573,NVDA,199.6,199.58,3900,199.57,4400,199.56,4500,199.55,4800,199.54,4100,199.62,3800,199.63,4800,199.64,3300,199.65,2500,199.66,2700
2026-07-16 09:51:12.645,NVDA,199.61,199.59,4700,199.58,700,199.57,4000,199.56,100,199.55,1900,199.63,2700,199.64,4800,199.65,4400,199.66,3900,199.67,4700
2026-07-16 09:51:13.016,NVDA,199.62,199.6,1000,199.59,3600,199.58,900,199.57,200,199.56,3000,199.64,1800,199.65,1000,199.66,400,199.67,3200,199.68,4400
2026-07-16 09:51:13.321,NVDA,199.63,199.61,3800,199.6,3400,199.59,4300,199.58,1300,199.57,1300,199.65,2900,199.66,3600,199.67,3600,199.68,2700,199.69,1300
2026-07-16 09:51:13.795,NVDA,199.64,199.62,200,199.61,3300,199.6,4800,199.59,1600,199.58,3000,199.66,3700,199.67,500,199.68,3900,199.69,2200,199.7,2600
2026-07-16 09:51:13.922,NVDA,199.64,199.62,3600,199.61,2700,199.6,500,199.59,3200,199.58,200,199.66,1400,199.67,3800,199.68,1700,199.69,700,199.7,1700
2026-07-16 09:51:14.338,NVDA,199.62,199.6,1900,199.59,800,199.58,1700,199.57,3700,199.56,2600,199.64,2700,199.65,4700,199.66,4700,199.67,4900,199.68,3100
2026-07-16 09:51:14.392,NVDA,199.61,199.59,4000,199.58,4300,199.57,1100,199.56,800,199.55,2900,199.63,100,199.64,2800,199.65,2500,199.66,100,199.67,1100
2026-07-16 09:51:14.876,NVDA,199.61,199.59,3100,199.58,2300,199.57,200,199.56,2000,199.55,2300,199.63,2400,199.64,400,199.65,3900,199.66,3200,199.67,4000
2026-07-16 09:51:15.056,NVDA,199.6,199.58,900,199.57,1700,199.56,1200,199.55,4900,199.54,4900,199.62,3800,199.63,3000,199.64,4900,199.65,2800,199.66,100
2026-07-16 09:51:15.314,NVDA,199.61,199.59,3200,199.58,600,199.57,1300,199.56,3200,199.55,3300,199.63,3100,199.64,200,199.65,2200,199.66,4300,199.67,3000
2026-07-16 09:51:15.373,NVDA,199.59,199.57,2900,199.56,4100,199.55,500,199.54,1400,199.53,2200,199.61,2200,199.62,1900,199.63,3300,199.64,3200,199.65,1000
2026-07-16 09:51:15.747,NVDA,199.57,199.55,2800,199.54,1300,199.53,2100,199.52,1900,199.51,4200,199.59,700,199.6,100,199.61,400,199.62,3100,199.63,900
2026-07-16 09:51:16.220,NVDA,199.59,199.57,2200,199.56,3500,199.55,1800,199.54,500,199.53,1700,199.61,4400,199.62,2900,199.63,800,199.64,1800,199.65,2800
2026-07-16 09:51:16.238,NVDA,199.6,199.58,2600,199.57,4600,199.56,4400,199.55,1100,199.54,1600,199.62,2900,199.63,4400,199.64,4700,199.65,800,199.66,1600
2026-07-16 09:51:16.613,NVDA,199.6,199.58,3700,199.57,2600,199.56,1800,199.55,5000,199.54,800,199.62,4800,199.63,3100,199.64,3300,199.65,600,199.66,4800
2026-07-16 09:51:16.635,NVDA,199.59,199.57,3900,199.56,1800,199.55,500,199.54,900,199.53,1800,199.61,3100,199.62,3500,199.63,2700,199.64,3800,199.65,1600
2026-07-16 09:51:16.686,NVDA,199.58,199.56,4600,199.55,1400,199.54,100,199.53,2400,199.52,4600,199.6,900,199.61,1100,199.62,3300,199.63,1600,199.64,1700
2026-07-16 09:51:17.108,NVDA,199.6,199.58,2700,199.57,800,199.56,2700,199.55,4200,199.54,4600,199.62,4600,199.63,3000,199.64,2400,199.65,900,199.66,4200
2026-07-16 09:51:17.387,NVDA,199.61,199.59,1300,199.58,3400,199.57,3500,199.56,1200,199.55,2900,199.63,5000,199.64,2600,199.65,4100,199.66,1200,199.67,400
2026-07-16 09:51:17.851,NVDA,199.63,199.61,600,199.6,3300,199.59,2600,199.58,3200,199.57,3300,199.65,200,199.66,3000,199.67,3000,199.68,700,199.69,3500
2026-07-16 09:51:18.046,NVDA,199.63,199.61,200,199.6,200,199.59,4600,199.58,400,199.57,1100,199.65,4100,199.66,2300,199.67,3000,199.68,1900,199.69,1000
2026-07-16 09:51:18.071,NVDA,199.63,199.61,4700,199.6,5000,199.59,900,199.58,5000,199.57,4600,199.65,300,199.66,400,199.67,3800,199.68,4900,199.69,3300
